Date,DISTRICT,mean
1981-01,Adilabad,25.54032704085596
1981-01,Anantapur,0.7832371286156206
1981-01,Chittoor,8.870009300379845
1981-01,Y.s.r.,7.76082524770459
1981-01,East Godavari,8.784799910419698
1981-01,Guntur,6.269198196558266
1981-01,Hyderabad,9.75207536691215
1981-01,Karimnagar,22.019845065322247
1981-01,Khammam,9.292362691547067
1981-01,Krishna,5.4964104496325845
1981-01,Kurnool,1.3356476331314922
1981-01,Mahbubnagar,3.460969252307642
1981-01,Medak,9.795304932735846
1981-01,Nalgonda,9.773163916138852
1981-01,Sri Potti Sriramulu Nellore,12.955867241509333
1981-01,Nizamabad,15.061788774863802
1981-01,Prakasam,7.340537276990938
1981-01,Rangareddy,7.33390162913803
1981-01,Srikakulam,8.773556063749277
1981-01,Visakhapatnam,11.798744758745816
1981-01,Vizianagaram,11.704380313950326
1981-01,Warangal,13.027133679847715
1981-01,West Godavari,6.662632212361976
1981-02,Adilabad,5.581377465372718
1981-02,Anantapur,0.0
1981-02,Chittoor,0.0
1981-02,Y.s.r.,0.0
1981-02,East Godavari,0.0
1981-02,Guntur,0.0
1981-02,Hyderabad,0.0
1981-02,Karimnagar,1.8242424143128186
1981-02,Khammam,0.034654664885955366
1981-02,Krishna,0.0
1981-02,Kurnool,0.0
1981-02,Mahbubnagar,0.0
1981-02,Medak,0.022037226161100182
1981-02,Nalgonda,0.0
1981-02,Sri Potti Sriramulu Nellore,0.0
1981-02,Nizamabad,0.4441699958615128
1981-02,Prakasam,0.0
1981-02,Rangareddy,0.0
1981-02,Srikakulam,0.9803463611864941
1981-02,Visakhapatnam,0.23350674352537346
1981-02,Vizianagaram,0.9762645912914506
1981-02,Warangal,1.0452529885599153
1981-02,West Godavari,0.0
1981-03,Adilabad,25.338061109025446
1981-03,Anantapur,3.7694614550203256
1981-03,Chittoor,9.991452014980215
1981-03,Y.s.r.,4.023391630865679
1981-03,East Godavari,7.374741637941552
1981-03,Guntur,7.852647979251893
1981-03,Hyderabad,16.08810249285404
1981-03,Karimnagar,24.259729343171703
1981-03,Khammam,11.002672065673503
1981-03,Krishna,5.451872940754999
1981-03,Kurnool,3.436141542876228
1981-03,Mahbubnagar,9.272243864068534
1981-03,Medak,20.709845586946184
1981-03,Nalgonda,12.675412486384534
1981-03,Sri Potti Sriramulu Nellore,7.234357964441947
1981-03,Nizamabad,17.754274748749985
1981-03,Prakasam,7.518926410749064
1981-03,Rangareddy,15.45784404708361
1981-03,Srikakulam,18.58033649997591
1981-03,Visakhapatnam,10.945111986585903
1981-03,Vizianagaram,17.84727898684629
1981-03,Warangal,14.861567324821584
1981-03,West Godavari,6.177204008012934
1981-04,Adilabad,11.567878563430124
1981-04,Anantapur,20.187558553783507
1981-04,Chittoor,16.37969756196909
1981-04,Y.s.r.,12.71766769060124
1981-04,East Godavari,29.46453678293459
1981-04,Guntur,16.211985082704864
1981-04,Hyderabad,22.859284041691748
1981-04,Karimnagar,16.260371830240615
1981-04,Khammam,25.638160475447258
1981-04,Krishna,15.026868348849701
1981-04,Kurnool,23.825586383155613
1981-04,Mahbubnagar,21.69252232951515
1981-04,Medak,19.17333989752954
1981-04,Nalgonda,22.037669172277845
1981-04,Sri Potti Sriramulu Nellore,12.647269170368723
1981-04,Nizamabad,10.896529925153308
1981-04,Prakasam,15.565990250091046
1981-04,Rangareddy,23.79487823781698
1981-04,Srikakulam,27.63188400798834
1981-04,Visakhapatnam,50.67593953115676
1981-04,Vizianagaram,43.99289121517926
1981-04,Warangal,20.750221302070017
1981-04,West Godavari,16.653614749581546
1981-05,Adilabad,14.653958215492267
1981-05,Anantapur,31.69168629600116
1981-05,Chittoor,53.34425169945258
1981-05,Y.s.r.,38.38304716337652
1981-05,East Godavari,41.33588450303372
1981-05,Guntur,16.948329252612652
1981-05,Hyderabad,12.328912248271951
1981-05,Karimnagar,12.813717376299811
1981-05,Khammam,34.13244238017213
1981-05,Krishna,31.501407080196117
1981-05,Kurnool,22.639432623468164
1981-05,Mahbubnagar,18.479723280910637
1981-05,Medak,13.827265423144425
1981-05,Nalgonda,14.38935032009964
1981-05,Sri Potti Sriramulu Nellore,33.2111972027953
1981-05,Nizamabad,14.757367667608577
1981-05,Prakasam,21.558049935504275
1981-05,Rangareddy,14.35322155084264
1981-05,Srikakulam,48.12151996389357
1981-05,Visakhapatnam,55.01644744470127
1981-05,Vizianagaram,58.007000959781365
1981-05,Warangal,18.64634720693236
1981-05,West Godavari,33.12817122866231
1981-06,Adilabad,200.58684477419015
1981-06,Anantapur,16.814099501472693
1981-06,Chittoor,55.929381978191806
1981-06,Y.s.r.,46.58751030274325
1981-06,East Godavari,127.79191978897322
1981-06,Guntur,101.44266567188082
1981-06,Hyderabad,122.17038156006326
1981-06,Karimnagar,192.67785171927775
1981-06,Khammam,129.45405049717164
1981-06,Krishna,109.2946965871764
1981-06,Kurnool,69.50033349030302
1981-06,Mahbubnagar,107.35417282722125
1981-06,Medak,178.07173279688905
1981-06,Nalgonda,130.44026249804222
1981-06,Sri Potti Sriramulu Nellore,37.23630880858544
1981-06,Nizamabad,203.75735321366793
1981-06,Prakasam,71.4054972982313
1981-06,Rangareddy,142.07309471650706
1981-06,Srikakulam,140.96608286468185
1981-06,Visakhapatnam,153.14616792453472
1981-06,Vizianagaram,156.41946643017218
1981-06,Warangal,153.25716228667864
1981-06,West Godavari,109.78662094112347
1981-07,Adilabad,357.5781590850143
1981-07,Anantapur,32.76719494969382
1981-07,Chittoor,142.71219325401538
1981-07,Y.s.r.,96.07743960757878
1981-07,East Godavari,270.5003044778685
1981-07,Guntur,153.8926692441514
1981-07,Hyderabad,154.73270301170717
1981-07,Karimnagar,306.96531208823944
1981-07,Khammam,328.9240016446342
1981-07,Krishna,214.56476991499704
1981-07,Kurnool,103.31402630873953
1981-07,Mahbubnagar,142.02944975213555
1981-07,Medak,187.56313949827796
1981-07,Nalgonda,172.86244033875113
1981-07,Sri Potti Sriramulu Nellore,91.56785601112459
1981-07,Nizamabad,294.75207284863285
1981-07,Prakasam,123.1453574455498
1981-07,Rangareddy,161.4754695877426
1981-07,Srikakulam,229.1238686538015
1981-07,Visakhapatnam,289.74728078458594
1981-07,Vizianagaram,310.94574767507123
1981-07,Warangal,287.6589552480478
1981-07,West Godavari,259.4695454629014
1981-08,Adilabad,314.51520047461446
1981-08,Anantapur,44.803542479863374
1981-08,Chittoor,104.15373942359477
1981-08,Y.s.r.,70.48563447334477
1981-08,East Godavari,218.65278706444496
1981-08,Guntur,116.97418588458547
1981-08,Hyderabad,161.13857759457187
1981-08,Karimnagar,227.6993634412626
1981-08,Khammam,213.80580055102357
1981-08,Krishna,143.76267114285503
1981-08,Kurnool,94.57066351157165
1981-08,Mahbubnagar,166.94222515957668
1981-08,Medak,239.09472743871783
1981-08,Nalgonda,154.08216615056241
1981-08,Sri Potti Sriramulu Nellore,78.72744975633148
1981-08,Nizamabad,304.5140130029159
1981-08,Prakasam,105.56634900262574
1981-08,Rangareddy,190.15173085165483
1981-08,Srikakulam,227.28418134394468
1981-08,Visakhapatnam,268.97484114945746
1981-08,Vizianagaram,237.11138276674066
1981-08,Warangal,181.34664635029537
1981-08,West Godavari,174.90846472589735
1981-09,Adilabad,369.78789586136435
1981-09,Anantapur,197.70434606467137
1981-09,Chittoor,182.32877425166853
1981-09,Y.s.r.,178.24098674599216
1981-09,East Godavari,227.71375617389288
1981-09,Guntur,198.94152000973978
1981-09,Hyderabad,237.11106175141816
1981-09,Karimnagar,359.21008308321035
1981-09,Khammam,213.43984396018143
1981-09,Krishna,211.98087917589112
1981-09,Kurnool,237.42917496685456
1981-09,Mahbubnagar,248.14723741429543
1981-09,Medak,276.5783873441281
1981-09,Nalgonda,225.5062301545589
1981-09,Sri Potti Sriramulu Nellore,144.93931873436804
1981-09,Nizamabad,338.33882544608633
1981-09,Prakasam,204.55099949765162
1981-09,Rangareddy,260.7061752455599
1981-09,Srikakulam,204.3172879625973
1981-09,Visakhapatnam,231.21881865631303
1981-09,Vizianagaram,256.1622610357824
1981-09,Warangal,256.7224953869712
1981-09,West Godavari,239.3699517463166
1981-10,Adilabad,30.484045805872476
1981-10,Anantapur,108.68053300806254
1981-10,Chittoor,212.80309884352715
1981-10,Y.s.r.,160.68598913816618
1981-10,East Godavari,155.1178459830833
1981-10,Guntur,166.3925251177711
1981-10,Hyderabad,112.41954848095048
1981-10,Karimnagar,42.89352507079851
1981-10,Khammam,98.67198254516154
1981-10,Krishna,166.1976586167221
1981-10,Kurnool,107.9829641036039
1981-10,Mahbubnagar,96.45733826761993
1981-10,Medak,70.9030988111523
1981-10,Nalgonda,120.9554184772596
1981-10,Sri Potti Sriramulu Nellore,241.05585041755305
1981-10,Nizamabad,49.852927806433655
1981-10,Prakasam,200.54362211491255
1981-10,Rangareddy,99.1473209078765
1981-10,Srikakulam,75.94676201871806
1981-10,Visakhapatnam,120.22793837653391
1981-10,Vizianagaram,77.35686755028779
1981-10,Warangal,74.91357133064061
1981-10,West Godavari,171.91888065762652
1981-11,Adilabad,8.535677242797258
1981-11,Anantapur,35.47711291024098
1981-11,Chittoor,82.71387221755606
1981-11,Y.s.r.,64.05502718443611
1981-11,East Godavari,34.56393115382442
1981-11,Guntur,47.91347052259161
1981-11,Hyderabad,10.445719337154745
1981-11,Karimnagar,9.728130885935474
1981-11,Khammam,24.825270621841945
1981-11,Krishna,62.052859866682645
1981-11,Kurnool,21.354680178452075
1981-11,Mahbubnagar,13.980534448149456
1981-11,Medak,11.168032782070787
1981-11,Nalgonda,22.27977595870833
1981-11,Sri Potti Sriramulu Nellore,131.0456128033855
1981-11,Nizamabad,9.110097702889568
1981-11,Prakasam,64.77025217225149
1981-11,Rangareddy,10.26642153999466
1981-11,Srikakulam,14.489479110473049
1981-11,Visakhapatnam,25.575853648962127
1981-11,Vizianagaram,16.148234202081586
1981-11,Warangal,13.886534864777593
1981-11,West Godavari,47.69764920017592
1981-12,Adilabad,2.2539410366879213
1981-12,Anantapur,5.768693739383906
1981-12,Chittoor,57.421983817598274
1981-12,Y.s.r.,31.002435076636548
1981-12,East Godavari,9.828136190480668
1981-12,Guntur,8.143632348477395
1981-12,Hyderabad,1.228946504932391
1981-12,Karimnagar,1.6598759571065502
1981-12,Khammam,4.912146553982602
1981-12,Krishna,9.331611870061952
1981-12,Kurnool,1.7197148256004047
1981-12,Mahbubnagar,1.870434358760391
1981-12,Medak,0.7707517065078585
1981-12,Nalgonda,1.2016875343104176
1981-12,Sri Potti Sriramulu Nellore,67.60963083784758
1981-12,Nizamabad,0.2807715301035467
1981-12,Prakasam,8.91946307739548
1981-12,Rangareddy,1.1856637396166239
1981-12,Srikakulam,8.235396438626672
1981-12,Visakhapatnam,7.731415608243341
1981-12,Vizianagaram,5.936049783433409
1981-12,Warangal,2.5802121913089757
1981-12,West Godavari,9.644135698115113
1982-01,Adilabad,14.977019636116458
1982-01,Anantapur,0.47988136001902865
1982-01,Chittoor,7.516049002054047
1982-01,Y.s.r.,4.585680820222867
1982-01,East Godavari,3.388067357112452
1982-01,Guntur,2.442359561424644
1982-01,Hyderabad,0.4172182348553802
1982-01,Karimnagar,7.340246267228056
1982-01,Khammam,3.222306365136712
1982-01,Krishna,1.4728942542103858
1982-01,Kurnool,0.5772383867762715
1982-01,Mahbubnagar,0.8197482060571084
1982-01,Medak,2.1076096624849976
1982-01,Nalgonda,2.7268266264155496
1982-01,Sri Potti Sriramulu Nellore,4.363170886450302
1982-01,Nizamabad,7.725354672277065
1982-01,Prakasam,3.571482355917331
1982-01,Rangareddy,0.3893674472456256
1982-01,Srikakulam,2.254993070511872
1982-01,Visakhapatnam,1.8308550817520308
1982-01,Vizianagaram,1.9187406424985158
1982-01,Warangal,3.718718343614432
1982-01,West Godavari,0.9175355955451556
1982-02,Adilabad,12.167592162913092
1982-02,Anantapur,0.008493103851864817
1982-02,Chittoor,0.10258897520888641
1982-02,Y.s.r.,0.015681975552887487
1982-02,East Godavari,3.0421587034194015
1982-02,Guntur,0.17193744001531466
1982-02,Hyderabad,0.13194767356304674
1982-02,Karimnagar,7.081319491327646
1982-02,Khammam,5.588669002197062
1982-02,Krishna,2.275402311688464
1982-02,Kurnool,0.0
1982-02,Mahbubnagar,0.07061558860741592
1982-02,Medak,0.9695964640332105
1982-02,Nalgonda,2.5177075996767475
1982-02,Sri Potti Sriramulu Nellore,0.0
1982-02,Nizamabad,3.2381167609783996
1982-02,Prakasam,0.02570386604943195
1982-02,Rangareddy,0.17837897198613734
1982-02,Srikakulam,8.561036987452455
1982-02,Visakhapatnam,7.5869438674336065
1982-02,Vizianagaram,9.358683773036294
1982-02,Warangal,7.165005801058197
1982-02,West Godavari,2.9380227503100786
1982-03,Adilabad,12.035318020582505
1982-03,Anantapur,0.014889551398172014
1982-03,Chittoor,2.6540368245900603
1982-03,Y.s.r.,0.35078992689422855
1982-03,East Godavari,0.6166619287620385
1982-03,Guntur,0.006251289058363972
1982-03,Hyderabad,6.706699981967221
1982-03,Karimnagar,7.574348217171636
1982-03,Khammam,0.5835556015681919
1982-03,Krishna,0.48714712789931314
1982-03,Kurnool,0.0
1982-03,Mahbubnagar,0.3126387384823663
1982-03,Medak,5.623920733363634
1982-03,Nalgonda,3.049976773359788
1982-03,Sri Potti Sriramulu Nellore,0.036125175157226
1982-03,Nizamabad,7.36296508536993
1982-03,Prakasam,0.12793732381642417
1982-03,Rangareddy,2.7878596281155286
1982-03,Srikakulam,12.86935172642963
1982-03,Visakhapatnam,6.743407991693013
1982-03,Vizianagaram,11.474926490573994
1982-03,Warangal,1.4358034099494403
1982-03,West Godavari,0.2186432607920976
1982-04,Adilabad,18.734901562816237
1982-04,Anantapur,11.68989406310189
1982-04,Chittoor,9.508156277707084
1982-04,Y.s.r.,4.5836514543578755
1982-04,East Godavari,24.745594658564226
1982-04,Guntur,7.544878767729265
1982-04,Hyderabad,23.425872752735916
1982-04,Karimnagar,22.791514614263242
1982-04,Khammam,15.847202301572908
1982-04,Krishna,7.971249373213492
1982-04,Kurnool,15.98905876194165
1982-04,Mahbubnagar,18.908441291627888
1982-04,Medak,24.51278833403438
1982-04,Nalgonda,15.10537631314847
1982-04,Sri Potti Sriramulu Nellore,5.994848690711089
1982-04,Nizamabad,17.644318597237156
1982-04,Prakasam,8.760188621188203
1982-04,Rangareddy,27.14203252941881
1982-04,Srikakulam,34.547818550160166
1982-04,Visakhapatnam,51.11730373372797
1982-04,Vizianagaram,37.84209049529001
1982-04,Warangal,19.44529622076708
1982-04,West Godavari,15.117622118843986
1982-05,Adilabad,18.38985052986413
1982-05,Anantapur,36.976199964946126
1982-05,Chittoor,38.89219833561522
1982-05,Y.s.r.,29.919883170475355
1982-05,East Godavari,27.244648166250574
1982-05,Guntur,21.16334119516837
1982-05,Hyderabad,34.52740755081176
1982-05,Karimnagar,18.216465887428928
1982-05,Khammam,35.79071359045813
1982-05,Krishna,29.180856664397293
1982-05,Kurnool,35.295501274941955
1982-05,Mahbubnagar,37.975089614347205
1982-05,Medak,27.49340542854941
1982-05,Nalgonda,24.525515811800965
1982-05,Sri Potti Sriramulu Nellore,15.237178219147795
1982-05,Nizamabad,21.301227771722232
1982-05,Prakasam,28.875741440212845
1982-05,Rangareddy,36.41307115348497
1982-05,Srikakulam,23.279912870496926
1982-05,Visakhapatnam,33.52553589842328
1982-05,Vizianagaram,32.68537666588882
1982-05,Warangal,24.014018019664896
1982-05,West Godavari,27.568025867393867
1982-06,Adilabad,134.00869840368395
1982-06,Anantapur,25.222435400655716
1982-06,Chittoor,81.89635015519026
1982-06,Y.s.r.,69.1263690795519
1982-06,East Godavari,115.46565051912611
1982-06,Guntur,109.17664006913466
1982-06,Hyderabad,100.1966005970359
1982-06,Karimnagar,147.6275041511505
1982-06,Khammam,142.9189784180512
1982-06,Krishna,112.00437399931909
1982-06,Kurnool,74.33747837500005
1982-06,Mahbubnagar,67.25158362913386
1982-06,Medak,145.05096163347866
1982-06,Nalgonda,113.29451644959993
1982-06,Sri Potti Sriramulu Nellore,61.17971893629037
1982-06,Nizamabad,134.13575523838702
1982-06,Prakasam,80.89816848906206
1982-06,Rangareddy,107.45128280834217
1982-06,Srikakulam,126.94780902319866
1982-06,Visakhapatnam,141.81647522660523
1982-06,Vizianagaram,160.39269480986874
1982-06,Warangal,146.08663625942307
1982-06,West Godavari,98.95850438013616
1982-07,Adilabad,275.00586757110347
1982-07,Anantapur,20.585287517910718
1982-07,Chittoor,88.04800713309699
1982-07,Y.s.r.,84.96753265048362
1982-07,East Godavari,224.28581918810977
1982-07,Guntur,149.65264965794142
1982-07,Hyderabad,157.65620828153246
1982-07,Karimnagar,231.03039428450484
1982-07,Khammam,251.8783866600353
1982-07,Krishna,172.25749887600952
1982-07,Kurnool,73.82006562639134
1982-07,Mahbubnagar,143.4565131052121
1982-07,Medak,202.3036568782696
1982-07,Nalgonda,183.68117246250264
1982-07,Sri Potti Sriramulu Nellore,76.01075409370088
1982-07,Nizamabad,266.91617984721444
1982-07,Prakasam,103.82021739965981
1982-07,Rangareddy,193.0576194686643
1982-07,Srikakulam,181.27699056606622
1982-07,Visakhapatnam,251.8816618343129
1982-07,Vizianagaram,260.3003859588456
1982-07,Warangal,240.1929003452334
1982-07,West Godavari,209.88905319786323
1982-08,Adilabad,159.20556525228406
1982-08,Anantapur,29.770812458640226
1982-08,Chittoor,49.21264172163827
1982-08,Y.s.r.,43.97559840996277
1982-08,East Godavari,177.51460284785028
1982-08,Guntur,101.87989352416544
1982-08,Hyderabad,58.09865026906083
1982-08,Karimnagar,142.1543676638567
1982-08,Khammam,251.4352366433424
1982-08,Krishna,140.9280106409031
1982-08,Kurnool,60.028067152835916
1982-08,Mahbubnagar,85.78821589489822
1982-08,Medak,85.49603434783556
1982-08,Nalgonda,106.56653823256525
1982-08,Sri Potti Sriramulu Nellore,45.5731741842666
1982-08,Nizamabad,101.14914517029457
1982-08,Prakasam,73.99507634904477
1982-08,Rangareddy,71.52924399323574
1982-08,Srikakulam,228.63656153714598
1982-08,Visakhapatnam,236.19498637003215
1982-08,Vizianagaram,255.9583308306035
1982-08,Warangal,180.43428819682973
1982-08,West Godavari,158.50764412979885
1982-09,Adilabad,146.60226813446255
1982-09,Anantapur,116.2117475899911
1982-09,Chittoor,87.05615020538023
1982-09,Y.s.r.,124.43732137575878
1982-09,East Godavari,138.6115727198701
1982-09,Guntur,133.223277902905
1982-09,Hyderabad,177.4433963170715
1982-09,Karimnagar,198.45862284685083
1982-09,Khammam,188.97569608564996
1982-09,Krishna,136.82172040119977
1982-09,Kurnool,112.39599826146737
1982-09,Mahbubnagar,143.06508350980576
1982-09,Medak,214.49484094601902
1982-09,Nalgonda,162.68595452455597
1982-09,Sri Potti Sriramulu Nellore,86.04504035745029
1982-09,Nizamabad,207.80934164421907
1982-09,Prakasam,112.73610077509429
1982-09,Rangareddy,203.3121596368617
1982-09,Srikakulam,214.02743633988916
1982-09,Visakhapatnam,188.49994908646633
1982-09,Vizianagaram,204.35704182620896
1982-09,Warangal,208.4975501742201
1982-09,West Godavari,128.98183126790835
1982-10,Adilabad,36.91724381231075
1982-10,Anantapur,115.11775131567876
1982-10,Chittoor,171.17581506072537
1982-10,Y.s.r.,147.15232280213823
1982-10,East Godavari,137.5435498022849
1982-10,Guntur,154.33828202816312
1982-10,Hyderabad,67.35490535748428
1982-10,Karimnagar,43.96680865946568
1982-10,Khammam,99.7044156804129
1982-10,Krishna,152.65074225351222
1982-10,Kurnool,81.71569920262934
1982-10,Mahbubnagar,54.9817911242343
1982-10,Medak,51.366150330750976
1982-10,Nalgonda,107.71570767897148
1982-10,Sri Potti Sriramulu Nellore,175.25000256049847
1982-10,Nizamabad,43.67598973434965
1982-10,Prakasam,139.5022854040958
1982-10,Rangareddy,58.54602145227564
1982-10,Srikakulam,197.72206060643722
1982-10,Visakhapatnam,177.394135892522
1982-10,Vizianagaram,185.9465613146097
1982-10,Warangal,71.5622742985914
1982-10,West Godavari,169.8066506528251
1982-11,Adilabad,16.426795303482738
1982-11,Anantapur,78.59361285760532
1982-11,Chittoor,93.7548045645868
1982-11,Y.s.r.,89.576926795029
1982-11,East Godavari,54.623313011720036
1982-11,Guntur,56.80101566792561
1982-11,Hyderabad,23.67602518631031
1982-11,Karimnagar,19.050849545775463
1982-11,Khammam,47.26747498292324
1982-11,Krishna,51.718216262578444
1982-11,Kurnool,31.79847641700137
1982-11,Mahbubnagar,23.988792010222095
1982-11,Medak,19.933235206199072
1982-11,Nalgonda,26.52211982634779
1982-11,Sri Potti Sriramulu Nellore,214.5140544039195
1982-11,Nizamabad,14.733159701545294
1982-11,Prakasam,122.74534579643604
1982-11,Rangareddy,21.433217013981967
1982-11,Srikakulam,38.62728501788966
1982-11,Visakhapatnam,50.029747052955585
1982-11,Vizianagaram,41.12619164932525
1982-11,Warangal,31.18077113964783
1982-11,West Godavari,37.213531511267114
1982-12,Adilabad,0.09338192355416088
1982-12,Anantapur,1.9876857523074687
1982-12,Chittoor,16.033478439823195
1982-12,Y.s.r.,8.751646592588871
1982-12,East Godavari,0.7666251029212298
1982-12,Guntur,2.926415683099625
1982-12,Hyderabad,0.0
1982-12,Karimnagar,0.08274364254181964
1982-12,Khammam,0.48132442567856104
1982-12,Krishna,2.12353037782197
1982-12,Kurnool,1.2503486643757253
1982-12,Mahbubnagar,0.457765752320265
1982-12,Medak,0.0
1982-12,Nalgonda,0.22192649789385824
1982-12,Sri Potti Sriramulu Nellore,16.440899342726404
1982-12,Nizamabad,0.6952488528490792
1982-12,Prakasam,4.814161450264098
1982-12,Rangareddy,0.0
1982-12,Srikakulam,0.04110685099772752
1982-12,Visakhapatnam,1.1295976346198267
1982-12,Vizianagaram,0.0
1982-12,Warangal,0.12098713495061691
1982-12,West Godavari,1.0631676857106258
1983-01,Adilabad,8.074287054576134
1983-01,Anantapur,1.0555436258065416
1983-01,Chittoor,6.906751135054075
1983-01,Y.s.r.,4.627401688043097
1983-01,East Godavari,2.4387996244741026
1983-01,Guntur,1.1049862121272462
1983-01,Hyderabad,0.4063509271368625
1983-01,Karimnagar,4.272328165198102
1983-01,Khammam,3.127997221610053
1983-01,Krishna,0.6555852137198958
1983-01,Kurnool,0.5690899315822348
1983-01,Mahbubnagar,0.45680314518822523
1983-01,Medak,1.599736600502121
1983-01,Nalgonda,2.6368178988512185
1983-01,Sri Potti Sriramulu Nellore,5.32502431702638
1983-01,Nizamabad,7.408237245299023
1983-01,Prakasam,0.6146960630186599
1983-01,Rangareddy,0.12893609964669686
1983-01,Srikakulam,2.8723701867437486
1983-01,Visakhapatnam,3.512140247024072
1983-01,Vizianagaram,2.4665928237293935
1983-01,Warangal,1.893483747113515
1983-01,West Godavari,0.5382090588124722
1983-02,Adilabad,9.184116996011008
1983-02,Anantapur,0.6518890047536945
1983-02,Chittoor,1.1214875597376421
1983-02,Y.s.r.,1.938155363813739
1983-02,East Godavari,9.615643382147395
1983-02,Guntur,0.5250830874553074
1983-02,Hyderabad,0.1322676201854323
1983-02,Karimnagar,7.1379983930622375
1983-02,Khammam,7.22763096151841
1983-02,Krishna,4.236092685458474
1983-02,Kurnool,0.0
1983-02,Mahbubnagar,0.07068943331752921
1983-02,Medak,0.9846641636403888
1983-02,Nalgonda,2.535681128965209
1983-02,Sri Potti Sriramulu Nellore,1.5989944614640237
1983-02,Nizamabad,2.96051226630006
1983-02,Prakasam,1.8591305788258847
1983-02,Rangareddy,0.19796051260324493
1983-02,Srikakulam,14.053207246020246
1983-02,Visakhapatnam,15.521026159087036
1983-02,Vizianagaram,18.387786291063772
1983-02,Warangal,7.5322957477058505
1983-02,West Godavari,7.144621354045982
1983-03,Adilabad,10.405620792377203
1983-03,Anantapur,0.01328721487126644
1983-03,Chittoor,3.3795866340919747
1983-03,Y.s.r.,0.43414635711268557
1983-03,East Godavari,1.333321094815285
1983-03,Guntur,0.6654903087881773
1983-03,Hyderabad,9.267009768362568
1983-03,Karimnagar,8.092712569778277
1983-03,Khammam,1.0493199668279893
1983-03,Krishna,1.258448490335437
1983-03,Kurnool,0.12509174945991222
1983-03,Mahbubnagar,2.6129394165665727
1983-03,Medak,7.671446638418501
1983-03,Nalgonda,4.862250631598117
1983-03,Sri Potti Sriramulu Nellore,0.46954232933650253
1983-03,Nizamabad,7.751954527366325
1983-03,Prakasam,1.3375830393113226
1983-03,Rangareddy,5.906792066371663
1983-03,Srikakulam,8.628543284282449
1983-03,Visakhapatnam,6.76762016569048
1983-03,Vizianagaram,8.829573191240817
1983-03,Warangal,3.334796985603125
1983-03,West Godavari,0.6848746453425918
1983-04,Adilabad,9.289265874398946
1983-04,Anantapur,2.3866585547528967
1983-04,Chittoor,5.11777747395637
1983-04,Y.s.r.,0.4272038871636289
1983-04,East Godavari,8.546980175030757
1983-04,Guntur,6.129363788956109
1983-04,Hyderabad,7.690223570934776
1983-04,Karimnagar,9.21033970376183
1983-04,Khammam,8.230013108571404
1983-04,Krishna,7.129106992551118
1983-04,Kurnool,4.342482752925356
1983-04,Mahbubnagar,5.644125121165702
1983-04,Medak,9.4052169525726
1983-04,Nalgonda,5.699181973586199
1983-04,Sri Potti Sriramulu Nellore,3.5545264307400837
1983-04,Nizamabad,8.21167576925283
1983-04,Prakasam,3.8378800664207704
1983-04,Rangareddy,8.505097733711217
1983-04,Srikakulam,7.553119446176915
1983-04,Visakhapatnam,10.278533662128126
1983-04,Vizianagaram,8.905575804032347
1983-04,Warangal,7.870510285558414
1983-04,West Godavari,3.5445365431891345
1983-05,Adilabad,13.49173982671536
1983-05,Anantapur,49.826295010659436
1983-05,Chittoor,53.20151946829513
1983-05,Y.s.r.,62.561024215161225
1983-05,East Godavari,38.75650145987684
1983-05,Guntur,49.816226060197316
1983-05,Hyderabad,23.407252117731026
1983-05,Karimnagar,17.89836356695346
1983-05,Khammam,55.49350190052634
1983-05,Krishna,50.29552983845975
1983-05,Kurnool,46.87159122301943
1983-05,Mahbubnagar,38.4983321723655
1983-05,Medak,15.996815973498297
1983-05,Nalgonda,38.668616754985344
1983-05,Sri Potti Sriramulu Nellore,37.13487281058482
1983-05,Nizamabad,11.700412129499876
1983-05,Prakasam,50.802481839143034
1983-05,Rangareddy,23.895717851318235
1983-05,Srikakulam,35.96143683677921
1983-05,Visakhapatnam,48.23220938207545
1983-05,Vizianagaram,46.32962735003289
1983-05,Warangal,33.65020751118988
1983-05,West Godavari,35.64405491511138
1983-06,Adilabad,130.83856546867025
1983-06,Anantapur,43.64668215903591
1983-06,Chittoor,89.68746265576655
1983-06,Y.s.r.,75.33141095026146
1983-06,East Godavari,171.32223342613764
1983-06,Guntur,93.84779626056915
1983-06,Hyderabad,91.27235833680359
1983-06,Karimnagar,141.1528849081462
1983-06,Khammam,170.8161639021456
1983-06,Krishna,136.57137757840198
1983-06,Kurnool,109.3746040381959
1983-06,Mahbubnagar,100.40492113294206
1983-06,Medak,116.00509956304275
1983-06,Nalgonda,99.72427564829577
1983-06,Sri Potti Sriramulu Nellore,46.030218239792
1983-06,Nizamabad,120.97156991412434
1983-06,Prakasam,72.03091286824352
1983-06,Rangareddy,106.24898135477275
1983-06,Srikakulam,173.55463901230183
1983-06,Visakhapatnam,210.51334876442317
1983-06,Vizianagaram,221.3524460543859
1983-06,Warangal,144.88804661021598
1983-06,West Godavari,173.91451531399952
1983-07,Adilabad,317.20587752375707
1983-07,Anantapur,29.516732876667618
1983-07,Chittoor,107.99899284874131
1983-07,Y.s.r.,103.39176565611659
1983-07,East Godavari,259.4819452437722
1983-07,Guntur,192.73375965963785
1983-07,Hyderabad,204.78408013562935
1983-07,Karimnagar,269.7070468892583
1983-07,Khammam,322.61465348146777
1983-07,Krishna,223.2099358856794
1983-07,Kurnool,109.82942714581174
1983-07,Mahbubnagar,184.86967207270845
1983-07,Medak,250.38451878768024
1983-07,Nalgonda,208.97146808978923
1983-07,Sri Potti Sriramulu Nellore,110.27085121571069
1983-07,Nizamabad,304.79035226551457
1983-07,Prakasam,137.15882160915353
1983-07,Rangareddy,228.27604943007196
1983-07,Srikakulam,247.39117513348575
1983-07,Visakhapatnam,332.64931199374195
1983-07,Vizianagaram,325.9464797062053
1983-07,Warangal,261.0132942753159
1983-07,West Godavari,265.0777297655334
1983-08,Adilabad,346.61205680229784
1983-08,Anantapur,75.8523049873642
1983-08,Chittoor,152.88245654432362
1983-08,Y.s.r.,132.99636131031843
1983-08,East Godavari,328.4508137330957
1983-08,Guntur,202.7326685888999
1983-08,Hyderabad,281.22930428711726
1983-08,Karimnagar,328.8482017388665
1983-08,Khammam,398.34566972010987
1983-08,Krishna,277.1491867674488
1983-08,Kurnool,156.66920081148473
1983-08,Mahbubnagar,285.06079343868373
1983-08,Medak,375.2359561774402
1983-08,Nalgonda,293.98038911345986
1983-08,Sri Potti Sriramulu Nellore,132.7495243051988
1983-08,Nizamabad,368.23271662642276
1983-08,Prakasam,161.32686998367004
1983-08,Rangareddy,332.7660546904746
1983-08,Srikakulam,208.28231279379946
1983-08,Visakhapatnam,335.57429579835366
1983-08,Vizianagaram,283.8470491570853
1983-08,Warangal,365.82784148234055
1983-08,West Godavari,316.4154668755489
1983-09,Adilabad,284.71084030703236
1983-09,Anantapur,171.60944134586256
1983-09,Chittoor,187.14485354433415
1983-09,Y.s.r.,181.80345819749988
1983-09,East Godavari,204.11303562763754
1983-09,Guntur,283.94525189265846
1983-09,Hyderabad,206.3643129530848
1983-09,Karimnagar,252.07999495795067
1983-09,Khammam,199.35463238505264
1983-09,Krishna,273.3777369288837
1983-09,Kurnool,204.77755558202972
1983-09,Mahbubnagar,193.9943412286597
1983-09,Medak,247.50253695599986
1983-09,Nalgonda,204.81064215237413
1983-09,Sri Potti Sriramulu Nellore,164.92609348368268
1983-09,Nizamabad,275.5290341725446
1983-09,Prakasam,239.03570146803008
1983-09,Rangareddy,226.439348930442
1983-09,Srikakulam,171.49093035794408
1983-09,Visakhapatnam,170.2907206314021
1983-09,Vizianagaram,182.4703493890915
1983-09,Warangal,219.30145124914088
1983-09,West Godavari,229.91173098397581
1983-10,Adilabad,90.06912607741101
1983-10,Anantapur,93.69420325501724
1983-10,Chittoor,206.59024102498228
1983-10,Y.s.r.,183.9935346691513
1983-10,East Godavari,239.54908678151278
1983-10,Guntur,177.1750543476319
1983-10,Hyderabad,133.40728018368713
1983-10,Karimnagar,109.18495000194139
1983-10,Khammam,130.37256701494877
1983-10,Krishna,193.13240079471032
1983-10,Kurnool,99.90603944566499
1983-10,Mahbubnagar,121.08445807048386
1983-10,Medak,129.82368609688257
1983-10,Nalgonda,137.84402223626395
1983-10,Sri Potti Sriramulu Nellore,331.8448343461488
1983-10,Nizamabad,113.14008714922619
1983-10,Prakasam,245.7092659374354
1983-10,Rangareddy,127.21939275749833
1983-10,Srikakulam,212.2829369157263
1983-10,Visakhapatnam,209.25101535578824
1983-10,Vizianagaram,196.51485626850805
1983-10,Warangal,116.22573704661436
1983-10,West Godavari,216.4252729431224
1983-11,Adilabad,6.199555659781808
1983-11,Anantapur,10.245427394012772
1983-11,Chittoor,22.352127193164335
1983-11,Y.s.r.,21.283928893317253
1983-11,East Godavari,13.108744907131939
1983-11,Guntur,11.795962259203316
1983-11,Hyderabad,6.421439916184804
1983-11,Karimnagar,5.648711539278451
1983-11,Khammam,10.416713846516885
1983-11,Krishna,12.388503938583154
1983-11,Kurnool,8.607783185500441
1983-11,Mahbubnagar,7.614217159148049
1983-11,Medak,5.939303691447276
1983-11,Nalgonda,8.253701125413857
1983-11,Sri Potti Sriramulu Nellore,60.42454437830052
1983-11,Nizamabad,6.163136904939345
1983-11,Prakasam,28.040669033102848
1983-11,Rangareddy,5.859020493826202
1983-11,Srikakulam,9.340741280046092
1983-11,Visakhapatnam,8.242015811010935
1983-11,Vizianagaram,9.601755802776825
1983-11,Warangal,7.07396634317669
1983-11,West Godavari,10.231973802479285
1983-12,Adilabad,4.309876319871851
1983-12,Anantapur,12.839024593263964
1983-12,Chittoor,110.07591400594767
1983-12,Y.s.r.,46.55231298247116
1983-12,East Godavari,4.274128128771656
1983-12,Guntur,6.30968066928307
1983-12,Hyderabad,5.5795559764294165
1983-12,Karimnagar,7.29619701846847
1983-12,Khammam,1.5948859157519635
1983-12,Krishna,4.984539057675768
1983-12,Kurnool,3.8615651781796414
1983-12,Mahbubnagar,3.337288716457145
1983-12,Medak,6.406577406457276
1983-12,Nalgonda,2.5342298296437473
1983-12,Sri Potti Sriramulu Nellore,90.51182759239329
1983-12,Nizamabad,6.091886312993151
1983-12,Prakasam,12.65041270880129
1983-12,Rangareddy,6.254581992829735
1983-12,Srikakulam,0.5752080411119351
1983-12,Visakhapatnam,2.4837476361698196
1983-12,Vizianagaram,0.6139637861560315
1983-12,Warangal,5.631485602449425
1983-12,West Godavari,2.8248532512511675
1984-01,Adilabad,13.93838631744883
1984-01,Anantapur,0.7510737144025845
1984-01,Chittoor,16.301520126985412
1984-01,Y.s.r.,7.6791234658848335
1984-01,East Godavari,2.866896486463757
1984-01,Guntur,0.5176832022579649
1984-01,Hyderabad,1.2036649210167545
1984-01,Karimnagar,7.9884630580055696
1984-01,Khammam,3.5611882524278613
1984-01,Krishna,0.1326327918206017
1984-01,Kurnool,0.47412639527459494
1984-01,Mahbubnagar,0.43647509541558893
1984-01,Medak,1.9917501343683572
1984-01,Nalgonda,2.932695577103922
1984-01,Sri Potti Sriramulu Nellore,10.486627556717565
1984-01,Nizamabad,7.903381438146985
1984-01,Prakasam,1.1848908470502517
1984-01,Rangareddy,0.189609418495571
1984-01,Srikakulam,7.244414161508751
1984-01,Visakhapatnam,8.227151465097391
1984-01,Vizianagaram,8.293242414397449
1984-01,Warangal,3.8710379792787593
1984-01,West Godavari,0.4968224579492683
1984-02,Adilabad,13.700092200060629
1984-02,Anantapur,1.2707749282899612
1984-02,Chittoor,9.186436276003374
1984-02,Y.s.r.,4.123225721307499
1984-02,East Godavari,14.027050736671042
1984-02,Guntur,5.266107193544925
1984-02,Hyderabad,7.789442632730723
1984-02,Karimnagar,9.042361941609125
1984-02,Khammam,9.638861109281443
1984-02,Krishna,8.672548174753016
1984-02,Kurnool,1.3077873400559323
1984-02,Mahbubnagar,2.3495423763323027
1984-02,Medak,4.55828795639329
1984-02,Nalgonda,5.998980645300311
1984-02,Sri Potti Sriramulu Nellore,6.42739688909262
1984-02,Nizamabad,4.830746263732797
1984-02,Prakasam,4.3531286635479445
1984-02,Rangareddy,5.6607055731916045
1984-02,Srikakulam,18.188144560934443
1984-02,Visakhapatnam,19.43255600318881
1984-02,Vizianagaram,19.09613401205945
1984-02,Warangal,9.394176301082819
1984-02,West Godavari,10.63027709035384
1984-03,Adilabad,11.457476237838755
1984-03,Anantapur,3.899609019523359
1984-03,Chittoor,15.893436398369445
1984-03,Y.s.r.,3.972485512773923
1984-03,East Godavari,2.7386651881676953
1984-03,Guntur,4.5772231006155915
1984-03,Hyderabad,19.35569627508762
1984-03,Karimnagar,9.412998503619622
1984-03,Khammam,5.943173817160753
1984-03,Krishna,4.350757708955718
1984-03,Kurnool,4.647996792172036
1984-03,Mahbubnagar,6.8397252025358295
1984-03,Medak,9.913842955604617
1984-03,Nalgonda,7.736186807008674
1984-03,Sri Potti Sriramulu Nellore,6.383046203477172
1984-03,Nizamabad,9.081872210631538
1984-03,Prakasam,6.597723601701304
1984-03,Rangareddy,8.400199259121937
1984-03,Srikakulam,7.795105601773327
1984-03,Visakhapatnam,7.885168485430563
1984-03,Vizianagaram,10.406794970449718
1984-03,Warangal,7.2713609207472745
1984-03,West Godavari,3.3520727347559682
1984-04,Adilabad,10.301817189373654
1984-04,Anantapur,17.583667773945116
1984-04,Chittoor,23.217007147252392
1984-04,Y.s.r.,14.42049464908164
1984-04,East Godavari,10.789824224509001
1984-04,Guntur,9.578174237798164
1984-04,Hyderabad,13.47334401985588
1984-04,Karimnagar,12.12741123020782
1984-04,Khammam,12.841014083073492
1984-04,Krishna,8.3444607593739
1984-04,Kurnool,12.599432773138126
1984-04,Mahbubnagar,13.168304366751771
1984-04,Medak,12.844673482657829
1984-04,Nalgonda,14.112320062914918
1984-04,Sri Potti Sriramulu Nellore,11.58086476068805
1984-04,Nizamabad,9.600445238759319
1984-04,Prakasam,10.84149482650372
1984-04,Rangareddy,15.776951293451917
1984-04,Srikakulam,13.302272779644039
1984-04,Visakhapatnam,16.031700413647794
1984-04,Vizianagaram,17.51848833899378
1984-04,Warangal,13.126678585175458
1984-04,West Godavari,7.2356760440840056
1984-05,Adilabad,6.9678472914481535
1984-05,Anantapur,16.856879444657952
1984-05,Chittoor,11.883236665359842
1984-05,Y.s.r.,16.12566459186194
1984-05,East Godavari,18.082814757820067
1984-05,Guntur,9.712693351086628
1984-05,Hyderabad,7.312250683299932
1984-05,Karimnagar,6.313015014921271
1984-05,Khammam,18.815597015697488
1984-05,Krishna,14.051578660398365
1984-05,Kurnool,12.874250004091712
1984-05,Mahbubnagar,10.155957733606302
1984-05,Medak,6.3690243691217585
1984-05,Nalgonda,8.804709760599343
1984-05,Sri Potti Sriramulu Nellore,6.396060512465434
1984-05,Nizamabad,5.935887385314848
1984-05,Prakasam,10.629605290047756
1984-05,Rangareddy,8.420004820615171
1984-05,Srikakulam,41.90715511411967
1984-05,Visakhapatnam,40.969299247507
1984-05,Vizianagaram,65.83097942273609
1984-05,Warangal,12.202809652348217
1984-05,West Godavari,14.90797913431679
1984-06,Adilabad,187.91507654231722
1984-06,Anantapur,27.391046067215548
1984-06,Chittoor,78.04485857209282
1984-06,Y.s.r.,49.295085988591694
1984-06,East Godavari,132.65620151264196
1984-06,Guntur,79.05876804269117
1984-06,Hyderabad,96.38813373741594
1984-06,Karimnagar,176.87555443117208
1984-06,Khammam,154.98800492837626
1984-06,Krishna,91.54071320862344
1984-06,Kurnool,63.32343234752732
1984-06,Mahbubnagar,75.71226782072341
1984-06,Medak,125.4307002924645
1984-06,Nalgonda,104.55228993137152
1984-06,Sri Potti Sriramulu Nellore,27.266829493845055
1984-06,Nizamabad,164.60519808681246
1984-06,Prakasam,48.782657619979915
1984-06,Rangareddy,104.75020857625914
1984-06,Srikakulam,127.26313439615247
1984-06,Visakhapatnam,140.5851942922595
1984-06,Vizianagaram,143.70609909198933
1984-06,Warangal,160.0013595214444
1984-06,West Godavari,118.13914119911968
1984-07,Adilabad,360.0599390406777
1984-07,Anantapur,30.024450729978664
1984-07,Chittoor,147.1541765546605
1984-07,Y.s.r.,90.8824027023412
1984-07,East Godavari,220.77336566182126
1984-07,Guntur,183.73055216959048
1984-07,Hyderabad,197.10664989616492
1984-07,Karimnagar,323.48521336979695
1984-07,Khammam,285.3932911557355
1984-07,Krishna,226.10936372527232
1984-07,Kurnool,90.9490059933234
1984-07,Mahbubnagar,158.36155426800875
1984-07,Medak,293.3443456455949
1984-07,Nalgonda,185.1583493714986
1984-07,Sri Potti Sriramulu Nellore,88.85688568744516
1984-07,Nizamabad,394.49509544654217
1984-07,Prakasam,101.16545932462515
1984-07,Rangareddy,222.1435640769849
1984-07,Srikakulam,329.0537197142425
1984-07,Visakhapatnam,308.94790348303417
1984-07,Vizianagaram,407.0944362931833
1984-07,Warangal,271.4590300546813
1984-07,West Godavari,233.20921769831045
1984-08,Adilabad,313.14378986753024
1984-08,Anantapur,13.073790316139561
1984-08,Chittoor,23.926018468836887
1984-08,Y.s.r.,16.20403231167178
1984-08,East Godavari,148.19174840973324
1984-08,Guntur,44.75742299664526
1984-08,Hyderabad,71.85407453555504
1984-08,Karimnagar,190.04700340495833
1984-08,Khammam,204.1737918399287
1984-08,Krishna,74.16379328111019
1984-08,Kurnool,24.440730733552314
1984-08,Mahbubnagar,54.352818634035984
1984-08,Medak,128.2800039101022
1984-08,Nalgonda,67.42063526162701
1984-08,Sri Potti Sriramulu Nellore,15.387061016230826
1984-08,Nizamabad,197.98811505824688
1984-08,Prakasam,26.67937637318843
1984-08,Rangareddy,83.97708971905588
1984-08,Srikakulam,146.26388620235633
1984-08,Visakhapatnam,176.75004426728526
1984-08,Vizianagaram,165.50778659103017
1984-08,Warangal,158.52488859432154
1984-08,West Godavari,119.33189565669483
1984-09,Adilabad,84.08187031795654
1984-09,Anantapur,130.1605115206068
1984-09,Chittoor,171.3787029710044
1984-09,Y.s.r.,146.65810892126984
1984-09,East Godavari,108.90345513150784
1984-09,Guntur,146.50989171022152
1984-09,Hyderabad,92.72466426428078
1984-09,Karimnagar,108.80030875817803
1984-09,Khammam,126.49342598331606
1984-09,Krishna,138.09868891170845
1984-09,Kurnool,138.14342975387072
1984-09,Mahbubnagar,129.63358918884217
1984-09,Medak,99.49934530357083
1984-09,Nalgonda,129.49548877048076
1984-09,Sri Potti Sriramulu Nellore,153.40136595367952
1984-09,Nizamabad,90.36671110954849
1984-09,Prakasam,158.50898771661662
1984-09,Rangareddy,106.53295830299865
1984-09,Srikakulam,163.66387704603974
1984-09,Visakhapatnam,136.7461824010707
1984-09,Vizianagaram,169.83413881560094
1984-09,Warangal,126.97860576926033
1984-09,West Godavari,117.21883710243401
1984-10,Adilabad,69.66547920488715
1984-10,Anantapur,91.648387804512
1984-10,Chittoor,119.7805892200695
1984-10,Y.s.r.,93.18848831669698
1984-10,East Godavari,123.3284058951614
1984-10,Guntur,98.59643676868374
1984-10,Hyderabad,129.96646731370473
1984-10,Karimnagar,83.20852444608616
1984-10,Khammam,80.68606619334122
1984-10,Krishna,110.5481468687007
1984-10,Kurnool,78.69725822659073
1984-10,Mahbubnagar,82.4997390322514
1984-10,Medak,117.03747252436163
1984-10,Nalgonda,104.69123493660535
1984-10,Sri Potti Sriramulu Nellore,117.92769187161007
1984-10,Nizamabad,81.28168940958638
1984-10,Prakasam,97.4706050740952
1984-10,Rangareddy,110.4834762646428
1984-10,Srikakulam,136.55856759661154
1984-10,Visakhapatnam,115.29389793495533
1984-10,Vizianagaram,102.0541199786528
1984-10,Warangal,75.64715537133344
1984-10,West Godavari,117.6144577613153
1984-11,Adilabad,10.34212718301134
1984-11,Anantapur,15.46153051664584
1984-11,Chittoor,67.81426162548928
1984-11,Y.s.r.,42.02939110459831
1984-11,East Godavari,22.340401327609133
1984-11,Guntur,20.803629559175317
1984-11,Hyderabad,9.17549739910175
1984-11,Karimnagar,11.777513959295135
1984-11,Khammam,22.568185840484414
1984-11,Krishna,26.664975234615458
1984-11,Kurnool,11.909066298718379
1984-11,Mahbubnagar,12.032007227317417
1984-11,Medak,8.31058755802712
1984-11,Nalgonda,15.02445324582705
1984-11,Sri Potti Sriramulu Nellore,219.46095314088726
1984-11,Nizamabad,8.176725761033625
1984-11,Prakasam,48.38731140626716
1984-11,Rangareddy,8.47840898573479
1984-11,Srikakulam,18.839438918644216
1984-11,Visakhapatnam,18.700148613886686
1984-11,Vizianagaram,19.944828672348862
1984-11,Warangal,14.874999360842176
1984-11,West Godavari,15.614956521816506
1984-12,Adilabad,1.8528502507311728
1984-12,Anantapur,6.52610427237068
1984-12,Chittoor,54.33007904759347
1984-12,Y.s.r.,29.957704450904767
1984-12,East Godavari,2.5764951529174773
1984-12,Guntur,1.8441833101097922
1984-12,Hyderabad,0.0
1984-12,Karimnagar,5.105420495651347
1984-12,Khammam,2.0394352525152297
1984-12,Krishna,1.1200661200192572
1984-12,Kurnool,3.3661181591744094
1984-12,Mahbubnagar,1.0504661148396313
1984-12,Medak,4.008003869886617
1984-12,Nalgonda,0.15700630799238172
1984-12,Sri Potti Sriramulu Nellore,52.58750366099176
1984-12,Nizamabad,1.2142741447346737
1984-12,Prakasam,9.238964566567258
1984-12,Rangareddy,1.2871173631195747
1984-12,Srikakulam,10.137656246516991
1984-12,Visakhapatnam,4.021546828438654
1984-12,Vizianagaram,6.667009639661019
1984-12,Warangal,0.942916828150182
1984-12,West Godavari,1.1868747115228788
1985-01,Adilabad,14.47477044725294
1985-01,Anantapur,0.9722609966123928
1985-01,Chittoor,11.08764743083003
1985-01,Y.s.r.,5.283725851770766
1985-01,East Godavari,8.94149214185376
1985-01,Guntur,1.1952904446062276
1985-01,Hyderabad,7.230914589810912
1985-01,Karimnagar,11.284258625302524
1985-01,Khammam,6.594133807755438
1985-01,Krishna,0.5445845494355551
1985-01,Kurnool,0.5855085996348246
1985-01,Mahbubnagar,1.7883346991658438
1985-01,Medak,6.742658361903022
1985-01,Nalgonda,6.298013653035522
1985-01,Sri Potti Sriramulu Nellore,5.661909155916913
1985-01,Nizamabad,10.05366225257261
1985-01,Prakasam,1.5300262657371841
1985-01,Rangareddy,5.194021738358502
1985-01,Srikakulam,12.229716503448733
1985-01,Visakhapatnam,16.2020951857918
1985-01,Vizianagaram,16.30619732173081
1985-01,Warangal,7.357476512077382
1985-01,West Godavari,3.69320492547807
1985-02,Adilabad,11.28548720579283
1985-02,Anantapur,1.7207507546263898
1985-02,Chittoor,4.57936783088773
1985-02,Y.s.r.,2.2666027459541445
1985-02,East Godavari,2.8514645302833945
1985-02,Guntur,3.0037213065566712
1985-02,Hyderabad,7.012876736539081
1985-02,Karimnagar,9.074038913129716
1985-02,Khammam,6.444714256073226
1985-02,Krishna,3.7504281144943272
1985-02,Kurnool,1.037731045698481
1985-02,Mahbubnagar,1.7423346901263304
1985-02,Medak,6.174315916114762
1985-02,Nalgonda,5.8616414424078105
1985-02,Sri Potti Sriramulu Nellore,3.6474710565227744
1985-02,Nizamabad,6.121278648364584
1985-02,Prakasam,2.681317407052853
1985-02,Rangareddy,4.786274331485137
1985-02,Srikakulam,8.510395302208607
1985-02,Visakhapatnam,7.1922128875201885
1985-02,Vizianagaram,8.568013354477262
1985-02,Warangal,8.91510804748021
1985-02,West Godavari,2.898151173880911
1985-03,Adilabad,13.354328247519629
1985-03,Anantapur,3.7733299113102343
1985-03,Chittoor,5.026307488251807
1985-03,Y.s.r.,1.685701366041696
1985-03,East Godavari,3.1206463245234786
1985-03,Guntur,4.287497062531576
1985-03,Hyderabad,20.21789569453514
1985-03,Karimnagar,10.304264169947945
1985-03,Khammam,8.827209468000824
1985-03,Krishna,1.7224832528884626
1985-03,Kurnool,8.750111295738588
1985-03,Mahbubnagar,9.041561688206318
1985-03,Medak,11.79681632341957
1985-03,Nalgonda,10.677731047737534
1985-03,Sri Potti Sriramulu Nellore,2.6175418359874794
1985-03,Nizamabad,12.391522797128603
1985-03,Prakasam,5.47057118883584
1985-03,Rangareddy,12.622201751866575
1985-03,Srikakulam,7.3203136084244
1985-03,Visakhapatnam,7.065202700760533
1985-03,Vizianagaram,9.162219541192888
1985-03,Warangal,12.518181405824894
1985-03,West Godavari,1.3492222011081332
1985-04,Adilabad,13.224225744573156
1985-04,Anantapur,11.81389741567766
1985-04,Chittoor,22.70721613519004
1985-04,Y.s.r.,7.46035347384605
1985-04,East Godavari,10.756156237480923
1985-04,Guntur,2.6302233852946375
1985-04,Hyderabad,19.09590181764275
1985-04,Karimnagar,13.669995067963075
1985-04,Khammam,8.978832933727892
1985-04,Krishna,1.1119307519327746
1985-04,Kurnool,12.034865112778784
1985-04,Mahbubnagar,12.60856563635652
1985-04,Medak,18.908238745920546
1985-04,Nalgonda,9.230260765299699
1985-04,Sri Potti Sriramulu Nellore,4.265804814493336
1985-04,Nizamabad,14.496842960888666
1985-04,Prakasam,8.103152223957432
1985-04,Rangareddy,18.15254467822714
1985-04,Srikakulam,10.149415003656575
1985-04,Visakhapatnam,16.59985371713987
1985-04,Vizianagaram,11.854926511758602
1985-04,Warangal,10.354252159797818
1985-04,West Godavari,5.102746958954971
1985-05,Adilabad,13.639165529106958
1985-05,Anantapur,37.30076576348839
1985-05,Chittoor,23.545649418047184
1985-05,Y.s.r.,34.18337507121853
1985-05,East Godavari,29.916757032514507
1985-05,Guntur,23.43561696477296
1985-05,Hyderabad,20.5912749040474
1985-05,Karimnagar,14.984631348328096
1985-05,Khammam,37.508883626431476
1985-05,Krishna,24.869056278354908
1985-05,Kurnool,38.229260807750265
1985-05,Mahbubnagar,33.31171086473148
1985-05,Medak,15.969696556210977
1985-05,Nalgonda,21.299558235019425
1985-05,Sri Potti Sriramulu Nellore,21.708517358268082
1985-05,Nizamabad,12.755562924518108
1985-05,Prakasam,31.158202199538025
1985-05,Rangareddy,22.663147281253906
1985-05,Srikakulam,25.193222956561502
1985-05,Visakhapatnam,30.952861635620028
1985-05,Vizianagaram,28.362594481523942
1985-05,Warangal,26.96611789658937
1985-05,West Godavari,24.44630622188966
1985-06,Adilabad,257.47499347900964
1985-06,Anantapur,25.337447708344786
1985-06,Chittoor,77.67643723678668
1985-06,Y.s.r.,65.96749420815965
1985-06,East Godavari,214.91364910824396
1985-06,Guntur,114.38467521524412
1985-06,Hyderabad,117.56830106769178
1985-06,Karimnagar,203.35108860484107
1985-06,Khammam,197.88904175042106
1985-06,Krishna,159.46941546115517
1985-06,Kurnool,67.14582077117596
1985-06,Mahbubnagar,78.81445832872878
1985-06,Medak,150.39865364217744
1985-06,Nalgonda,122.4872651432026
1985-06,Sri Potti Sriramulu Nellore,65.66365546408379
1985-06,Nizamabad,178.9832421385808
1985-06,Prakasam,97.07382315176397
1985-06,Rangareddy,118.16437647186964
1985-06,Srikakulam,176.90976437404754
1985-06,Visakhapatnam,226.91337718391804
1985-06,Vizianagaram,213.57347655445335
1985-06,Warangal,192.43138249370804
1985-06,West Godavari,203.02570377685373
1985-07,Adilabad,464.64075917046534
1985-07,Anantapur,28.972424600646264
1985-07,Chittoor,118.64372700517963
1985-07,Y.s.r.,102.08064627802297
1985-07,East Godavari,228.38261980127228
1985-07,Guntur,158.79326988690764
1985-07,Hyderabad,191.83049482836304
1985-07,Karimnagar,316.02402495646623
1985-07,Khammam,316.22032975743207
1985-07,Krishna,203.62343298959357
1985-07,Kurnool,104.9026046999346
1985-07,Mahbubnagar,162.7584345700893
1985-07,Medak,234.86153938457113
1985-07,Nalgonda,206.8843600402179
1985-07,Sri Potti Sriramulu Nellore,102.33947976842316
1985-07,Nizamabad,346.94783906518893
1985-07,Prakasam,108.50868162228622
1985-07,Rangareddy,217.70625518858725
1985-07,Srikakulam,224.33012550175337
1985-07,Visakhapatnam,243.16536311652465
1985-07,Vizianagaram,289.62092281944956
1985-07,Warangal,289.58995433210754
1985-07,West Godavari,251.0802638324723
1985-08,Adilabad,248.7236776295544
1985-08,Anantapur,39.50419599492679
1985-08,Chittoor,94.05055945005866
1985-08,Y.s.r.,70.68470291942481
1985-08,East Godavari,260.5810224985224
1985-08,Guntur,165.84470117131562
1985-08,Hyderabad,152.7088741623468
1985-08,Karimnagar,211.44362681325114
1985-08,Khammam,289.48901457263077
1985-08,Krishna,186.01323385635266
1985-08,Kurnool,82.03054886046509
1985-08,Mahbubnagar,154.5104005163885
1985-08,Medak,173.60157984106664
1985-08,Nalgonda,165.35469060382718
1985-08,Sri Potti Sriramulu Nellore,70.88804663389814
1985-08,Nizamabad,173.04690347399426
1985-08,Prakasam,108.54302399589267
1985-08,Rangareddy,144.0033876457545
1985-08,Srikakulam,266.9355786726303
1985-08,Visakhapatnam,326.61282998171123
1985-08,Vizianagaram,318.9734730430136
1985-08,Warangal,247.18488269389513
1985-08,West Godavari,205.19051300411334
1985-09,Adilabad,94.88482511909753
1985-09,Anantapur,59.22650653383024
1985-09,Chittoor,121.40395839924467
1985-09,Y.s.r.,104.8583171348247
1985-09,East Godavari,159.225048591178
1985-09,Guntur,139.3209108442582
1985-09,Hyderabad,82.03785398893757
1985-09,Karimnagar,82.27188193318774
1985-09,Khammam,159.06694220287704
1985-09,Krishna,132.20485041159662
1985-09,Kurnool,96.6229209468684
1985-09,Mahbubnagar,133.15459905115168
1985-09,Medak,76.53864937017593
1985-09,Nalgonda,106.62832940904094
1985-09,Sri Potti Sriramulu Nellore,99.52201503908056
1985-09,Nizamabad,71.94780046411144
1985-09,Prakasam,122.67783005434016
1985-09,Rangareddy,104.32581390586272
1985-09,Srikakulam,309.16976565437
1985-09,Visakhapatnam,202.40808582576983
1985-09,Vizianagaram,297.6045593400014
1985-09,Warangal,115.4087563374769
1985-09,West Godavari,147.16311817831175
1985-10,Adilabad,177.055350140354
1985-10,Anantapur,93.21346805664689
1985-10,Chittoor,115.79450116509102
1985-10,Y.s.r.,119.16259588156146
1985-10,East Godavari,341.9133167091435
1985-10,Guntur,163.87688993261494
1985-10,Hyderabad,126.68888607704135
1985-10,Karimnagar,177.5321974374989
1985-10,Khammam,153.4829792138678
1985-10,Krishna,200.74647005378753
1985-10,Kurnool,84.34145087987534
1985-10,Mahbubnagar,95.27915441231224
1985-10,Medak,134.17444516611744
1985-10,Nalgonda,105.34241023684974
1985-10,Sri Potti Sriramulu Nellore,192.0853167287075
1985-10,Nizamabad,155.53562999791706
1985-10,Prakasam,161.90763628765575
1985-10,Rangareddy,111.5203241045403
1985-10,Srikakulam,377.007495498512
1985-10,Visakhapatnam,358.29031130868975
1985-10,Vizianagaram,322.91964831926117
1985-10,Warangal,143.08134598484835
1985-10,West Godavari,292.7252648533834
1985-11,Adilabad,9.320744626211058
1985-11,Anantapur,23.431154209497336
1985-11,Chittoor,170.59627217106143
1985-11,Y.s.r.,83.42922071446938
1985-11,East Godavari,32.82354855296553
1985-11,Guntur,21.052539629848066
1985-11,Hyderabad,6.414180313036279
1985-11,Karimnagar,8.199343495103657
1985-11,Khammam,12.594559015314454
1985-11,Krishna,26.81547803795108
1985-11,Kurnool,11.429632779091378
1985-11,Mahbubnagar,8.198468428592623
1985-11,Medak,7.044453393111144
1985-11,Nalgonda,7.935651966619722
1985-11,Sri Potti Sriramulu Nellore,293.510954588075
1985-11,Nizamabad,8.166321938133073
1985-11,Prakasam,48.82865072962802
1985-11,Rangareddy,5.296720022624525
1985-11,Srikakulam,13.100429151369799
1985-11,Visakhapatnam,18.89191980126772
1985-11,Vizianagaram,13.12898223345463
1985-11,Warangal,8.28829447248505
1985-11,West Godavari,17.609877199255273
1985-12,Adilabad,1.3182304377891938
1985-12,Anantapur,5.18442147996218
1985-12,Chittoor,71.33064090415388
1985-12,Y.s.r.,37.442546802273974
1985-12,East Godavari,8.367890170449337
1985-12,Guntur,13.277121849863816
1985-12,Hyderabad,3.5670050800039546
1985-12,Karimnagar,2.0298059611587216
1985-12,Khammam,6.915704972493496
1985-12,Krishna,10.18540950771973
1985-12,Kurnool,3.3178443423821644
1985-12,Mahbubnagar,2.8944884195417044
1985-12,Medak,1.5668988659982659
1985-12,Nalgonda,2.9602931756569304
1985-12,Sri Potti Sriramulu Nellore,79.20383407999579
1985-12,Nizamabad,1.730778916548054
1985-12,Prakasam,18.304537112347877
1985-12,Rangareddy,3.4756238012649336
1985-12,Srikakulam,0.18421686370711404
1985-12,Visakhapatnam,2.5839313978467873
1985-12,Vizianagaram,0.3382622654749386
1985-12,Warangal,5.056887126323278
1985-12,West Godavari,10.300274499864484
1986-01,Adilabad,13.083535856837797
1986-01,Anantapur,2.634624359143384
1986-01,Chittoor,12.276118359478032
1986-01,Y.s.r.,6.722708567829832
1986-01,East Godavari,7.852082098190575
1986-01,Guntur,0.8677407978269446
1986-01,Hyderabad,7.243907950534017
1986-01,Karimnagar,9.705653772620428
1986-01,Khammam,5.157063393435279
1986-01,Krishna,0.19435707094955773
1986-01,Kurnool,1.2920209522512276
1986-01,Mahbubnagar,0.8068915279279973
1986-01,Medak,4.2993124525157365
1986-01,Nalgonda,5.519174898973119
1986-01,Sri Potti Sriramulu Nellore,5.320078227233466
1986-01,Nizamabad,9.207361915588159
1986-01,Prakasam,1.1597781901697928
1986-01,Rangareddy,3.7477732328187745
1986-01,Srikakulam,8.202965702461993
1986-01,Visakhapatnam,10.891581528234967
1986-01,Vizianagaram,9.536301057489782
1986-01,Warangal,6.35072815869033
1986-01,West Godavari,2.636633625548001
1986-02,Adilabad,10.38544878393612
1986-02,Anantapur,0.6332132812282283
1986-02,Chittoor,4.241171286678599
1986-02,Y.s.r.,1.0952874023169235
1986-02,East Godavari,10.620377878524398
1986-02,Guntur,4.2818161459402
1986-02,Hyderabad,7.04366459584159
1986-02,Karimnagar,9.629750927527402
1986-02,Khammam,8.71121889747611
1986-02,Krishna,8.318568957286667
1986-02,Kurnool,0.0
1986-02,Mahbubnagar,1.3909641766353114
1986-02,Medak,6.105757754816421
1986-02,Nalgonda,6.1492324674785745
1986-02,Sri Potti Sriramulu Nellore,0.4200156839105618
1986-02,Nizamabad,6.126064968835904
1986-02,Prakasam,0.556550582605812
1986-02,Rangareddy,4.620339637844588
1986-02,Srikakulam,17.098126088849423
1986-02,Visakhapatnam,18.525560949104108
1986-02,Vizianagaram,22.122549448866554
1986-02,Warangal,8.920939856286891
1986-02,West Godavari,9.32329416978395
1986-03,Adilabad,9.70985093058579
1986-03,Anantapur,0.008451000211279024
1986-03,Chittoor,4.4380650901831755
1986-03,Y.s.r.,0.3442179346356978
1986-03,East Godavari,0.48765097589606327
1986-03,Guntur,0.1509841726259228
1986-03,Hyderabad,8.855141601747679
1986-03,Karimnagar,7.922636499317957
1986-03,Khammam,0.5330362382192126
1986-03,Krishna,0.5571007963742651
1986-03,Kurnool,4.348700801528357E-4
1986-03,Mahbubnagar,1.6816418028773075
1986-03,Medak,7.924245241115193
1986-03,Nalgonda,3.949550695756066
1986-03,Sri Potti Sriramulu Nellore,0.207870632168195
1986-03,Nizamabad,7.535133397495255
1986-03,Prakasam,0.031007164443761077
1986-03,Rangareddy,6.044753169336537
1986-03,Srikakulam,7.070179813470056
1986-03,Visakhapatnam,6.272625879612826
1986-03,Vizianagaram,7.969810580652258
1986-03,Warangal,1.7481547950933964
1986-03,West Godavari,0.22862371759522696
1986-04,Adilabad,12.795660979158068
1986-04,Anantapur,11.831651484228908
1986-04,Chittoor,13.479580923722738
1986-04,Y.s.r.,9.347431259777519
1986-04,East Godavari,16.831866365773557
1986-04,Guntur,9.974210594804422
1986-04,Hyderabad,17.550421593798788
1986-04,Karimnagar,15.930108902997869
1986-04,Khammam,16.433614515273156
1986-04,Krishna,10.970794843265562
1986-04,Kurnool,11.35163286622352
1986-04,Mahbubnagar,11.421632113583808
1986-04,Medak,19.034323245103955
1986-04,Nalgonda,11.752394141318899
1986-04,Sri Potti Sriramulu Nellore,6.8540353319902
1986-04,Nizamabad,12.782391203050494
1986-04,Prakasam,12.317466525334414
1986-04,Rangareddy,17.724665533076905
1986-04,Srikakulam,19.203484322893367
1986-04,Visakhapatnam,29.647144383872977
1986-04,Vizianagaram,26.944579917098775
1986-04,Warangal,16.49659030422247
1986-04,West Godavari,12.176109470175625
1986-05,Adilabad,16.927577972233163
1986-05,Anantapur,43.76127407329087
1986-05,Chittoor,47.88616462503021
1986-05,Y.s.r.,46.818385132543696
1986-05,East Godavari,46.16898252256077
1986-05,Guntur,41.91800302704321
1986-05,Hyderabad,31.08289123924033
1986-05,Karimnagar,17.68423749921919
1986-05,Khammam,56.27918013004612
1986-05,Krishna,52.93839395605414
1986-05,Kurnool,38.54028620861644
1986-05,Mahbubnagar,37.13339572245215
1986-05,Medak,24.22006951447547
1986-05,Nalgonda,29.719225363786997
1986-05,Sri Potti Sriramulu Nellore,27.10786387480556
1986-05,Nizamabad,18.116886959817972
1986-05,Prakasam,36.493261129340745
1986-05,Rangareddy,34.18362190480546
1986-05,Srikakulam,49.984169393566276
1986-05,Visakhapatnam,48.28510543927433
1986-05,Vizianagaram,52.82799756503832
1986-05,Warangal,29.08350562701831
1986-05,West Godavari,44.338296964581154
1986-06,Adilabad,208.3640410463397
1986-06,Anantapur,33.43606226350249
1986-06,Chittoor,88.37582747957967
1986-06,Y.s.r.,69.25420554782026
1986-06,East Godavari,131.39180222842108
1986-06,Guntur,105.97978813955712
1986-06,Hyderabad,90.05107718038713
1986-06,Karimnagar,173.89662645819774
1986-06,Khammam,139.3156267384908
1986-06,Krishna,114.88386321795117
1986-06,Kurnool,85.1005645144255
1986-06,Mahbubnagar,98.47940126001707
1986-06,Medak,153.48079297757982
1986-06,Nalgonda,107.66773226711001
1986-06,Sri Potti Sriramulu Nellore,46.23246927282146
1986-06,Nizamabad,169.46961193423792
1986-06,Prakasam,88.7119403469986
1986-06,Rangareddy,109.87462739432836
1986-06,Srikakulam,154.65671702251726
1986-06,Visakhapatnam,163.18917852245045
1986-06,Vizianagaram,192.78664370094805
1986-06,Warangal,147.59309682323197
1986-06,West Godavari,120.9349889324922
1986-07,Adilabad,227.27704259035872
1986-07,Anantapur,16.173297314610306
1986-07,Chittoor,53.83206585325145
1986-07,Y.s.r.,51.89033262488365
1986-07,East Godavari,155.0870336307958
1986-07,Guntur,79.67597240940738
1986-07,Hyderabad,105.78952822515491
1986-07,Karimnagar,190.75201966721755
1986-07,Khammam,172.8048979748609
1986-07,Krishna,99.80247680445213
1986-07,Kurnool,51.23419366727346
1986-07,Mahbubnagar,91.6253911090645
1986-07,Medak,157.88281466283303
1986-07,Nalgonda,95.74609940586782
1986-07,Sri Potti Sriramulu Nellore,42.911609640208866
1986-07,Nizamabad,218.26930590766204
1986-07,Prakasam,55.89481731374458
1986-07,Rangareddy,125.79220943178419
1986-07,Srikakulam,165.63328735610384
1986-07,Visakhapatnam,171.58769609026234
1986-07,Vizianagaram,192.5597325933085
1986-07,Warangal,146.6459932209387
1986-07,West Godavari,151.00304207041236
1986-08,Adilabad,342.26258728006934
1986-08,Anantapur,44.90981193995974
1986-08,Chittoor,72.33215006535296
1986-08,Y.s.r.,74.14550445568342
1986-08,East Godavari,430.4782553300334
1986-08,Guntur,200.99537973929935
1986-08,Hyderabad,229.17884804778112
1986-08,Karimnagar,295.42418769818374
1986-08,Khammam,465.9806567384944
1986-08,Krishna,266.67197087021526
1986-08,Kurnool,126.62454041704177
1986-08,Mahbubnagar,227.28799538494027
1986-08,Medak,266.68762919009254
1986-08,Nalgonda,221.5739756946137
1986-08,Sri Potti Sriramulu Nellore,74.55203471600596
1986-08,Nizamabad,287.81408909426847
1986-08,Prakasam,152.9784989780448
1986-08,Rangareddy,256.99213533952053
1986-08,Srikakulam,340.76041277557454
1986-08,Visakhapatnam,577.6118932197257
1986-08,Vizianagaram,480.9074501056585
1986-08,Warangal,353.5047574212072
1986-08,West Godavari,353.3303192815866
1986-09,Adilabad,88.09915419163612
1986-09,Anantapur,108.9767522408793
1986-09,Chittoor,122.89670375970071
1986-09,Y.s.r.,109.17073942541707
1986-09,East Godavari,150.7439750049968
1986-09,Guntur,93.96597535724281
1986-09,Hyderabad,91.91535769187901
1986-09,Karimnagar,75.79056703016865
1986-09,Khammam,131.2810230623031
1986-09,Krishna,105.25515421486583
1986-09,Kurnool,105.24279344594032
1986-09,Mahbubnagar,108.06943096864859
1986-09,Medak,87.03137065913705
1986-09,Nalgonda,106.82074473396808
1986-09,Sri Potti Sriramulu Nellore,82.90738298103012
1986-09,Nizamabad,78.31611933620042
1986-09,Prakasam,90.03056204733493
1986-09,Rangareddy,102.76262210972918
1986-09,Srikakulam,188.5822944911225
1986-09,Visakhapatnam,179.75147694240988
1986-09,Vizianagaram,197.8244015531937
1986-09,Warangal,111.27469250222757
1986-09,West Godavari,116.30842053508907
1986-10,Adilabad,16.63412889063091
1986-10,Anantapur,103.70734721663086
1986-10,Chittoor,201.41432359954317
1986-10,Y.s.r.,160.903100309122
1986-10,East Godavari,245.92179040136998
1986-10,Guntur,166.68830779321414
1986-10,Hyderabad,13.095931148837684
1986-10,Karimnagar,21.68767446972624
1986-10,Khammam,80.47862249551126
1986-10,Krishna,194.56939994121504
1986-10,Kurnool,82.27841717394695
1986-10,Mahbubnagar,53.230216704755115
1986-10,Medak,16.991306005078624
1986-10,Nalgonda,55.994139348145545
1986-10,Sri Potti Sriramulu Nellore,304.87901810667444
1986-10,Nizamabad,12.618413052256724
1986-10,Prakasam,200.95516089221042
1986-10,Rangareddy,22.959674995664134
1986-10,Srikakulam,206.9652366386748
1986-10,Visakhapatnam,183.44857711974112
1986-10,Vizianagaram,178.71857138862794
1986-10,Warangal,31.568535645962676
1986-10,West Godavari,252.363599003535
1986-11,Adilabad,19.187513453708274
1986-11,Anantapur,49.4444943798389
1986-11,Chittoor,92.48823233100612
1986-11,Y.s.r.,98.95470783247333
1986-11,East Godavari,124.59356131774341
1986-11,Guntur,67.85745275531022
1986-11,Hyderabad,19.70713853944081
1986-11,Karimnagar,33.95077160916893
1986-11,Khammam,51.58477252154077
1986-11,Krishna,88.49722976568562
1986-11,Kurnool,37.18614263652749
1986-11,Mahbubnagar,24.375699219172777
1986-11,Medak,18.107288245357854
1986-11,Nalgonda,39.97244300005814
1986-11,Sri Potti Sriramulu Nellore,178.08871810386384
1986-11,Nizamabad,14.677742181638514
1986-11,Prakasam,96.56187702112533
1986-11,Rangareddy,17.22871815412144
1986-11,Srikakulam,182.12217787545114
1986-11,Visakhapatnam,151.26773425271057
1986-11,Vizianagaram,162.85239936232594
1986-11,Warangal,35.463652800825564
1986-11,West Godavari,82.43676232162399
1986-12,Adilabad,2.871441705436982
1986-12,Anantapur,4.246962469840393
1986-12,Chittoor,31.765361969286328
1986-12,Y.s.r.,18.49175021111094
1986-12,East Godavari,2.1495511112928716
1986-12,Guntur,3.675777175797057
1986-12,Hyderabad,0.08133662171348398
1986-12,Karimnagar,3.2751801059837327
1986-12,Khammam,0.3188692458253065
1986-12,Krishna,0.8294954705885952
1986-12,Kurnool,2.0766579877213096
1986-12,Mahbubnagar,0.8240887263749999
1986-12,Medak,0.7935530380262195
1986-12,Nalgonda,0.15514503730739182
1986-12,Sri Potti Sriramulu Nellore,39.20795828800242
1986-12,Nizamabad,1.3285189067708432
1986-12,Prakasam,6.549162292191456
1986-12,Rangareddy,0.8625822351359694
1986-12,Srikakulam,0.4383139574689211
1986-12,Visakhapatnam,1.9901214978256536
1986-12,Vizianagaram,0.4041479606628809
1986-12,Warangal,1.8915915826255976
1986-12,West Godavari,1.0441006948905567
1987-01,Adilabad,11.820274327306025
1987-01,Anantapur,0.3334263703101156
1987-01,Chittoor,7.497384741213693
1987-01,Y.s.r.,4.484195016279715
1987-01,East Godavari,3.9941726193370464
1987-01,Guntur,0.6668428813325725
1987-01,Hyderabad,7.750244928255049
1987-01,Karimnagar,9.428528823620447
1987-01,Khammam,3.8845711016660704
1987-01,Krishna,0.07880643370599609
1987-01,Kurnool,0.5060518110739286
1987-01,Mahbubnagar,0.9590523033739891
1987-01,Medak,4.633601033464363
1987-01,Nalgonda,5.67270484249844
1987-01,Sri Potti Sriramulu Nellore,4.080932127289136
1987-01,Nizamabad,9.458770237556283
1987-01,Prakasam,0.9419212257642791
1987-01,Rangareddy,4.057288741064122
1987-01,Srikakulam,4.918992328875953
1987-01,Visakhapatnam,6.542883602373821
1987-01,Vizianagaram,5.359118625437075
1987-01,Warangal,6.163317583240544
1987-01,West Godavari,0.8501045040547496
1987-02,Adilabad,9.94745931800633
1987-02,Anantapur,0.008510264970076571
1987-02,Chittoor,0.12790257832954136
1987-02,Y.s.r.,0.010251260377986312
1987-02,East Godavari,4.688540459209576
1987-02,Guntur,0.16780259042966794
1987-02,Hyderabad,0.1315328090322056
1987-02,Karimnagar,7.032150303854373
1987-02,Khammam,5.487850906242313
1987-02,Krishna,1.8841392009986817
1987-02,Kurnool,0.0
1987-02,Mahbubnagar,0.07056935610624401
1987-02,Medak,0.9546045756184653
1987-02,Nalgonda,2.5180881306841583
1987-02,Sri Potti Sriramulu Nellore,0.0
1987-02,Nizamabad,3.0528748316735608
1987-02,Prakasam,0.0
1987-02,Rangareddy,0.17840732333893708
1987-02,Srikakulam,7.634654347999336
1987-02,Visakhapatnam,7.025917175123529
1987-02,Vizianagaram,8.12520090047032
1987-02,Warangal,7.136083855168692
1987-02,West Godavari,2.382391569184403
1987-03,Adilabad,21.302884294525246
1987-03,Anantapur,0.914145605907409
1987-03,Chittoor,16.388480992522737
1987-03,Y.s.r.,6.402762251200443
1987-03,East Godavari,12.045826959827727
1987-03,Guntur,17.36955468732381
1987-03,Hyderabad,29.00438125002345
1987-03,Karimnagar,22.473654952672167
1987-03,Khammam,14.12707290103935
1987-03,Krishna,17.098962370424417
1987-03,Kurnool,4.794496385920531
1987-03,Mahbubnagar,12.572928051814253
1987-03,Medak,21.00242080371421
1987-03,Nalgonda,21.127109760286846
1987-03,Sri Potti Sriramulu Nellore,11.52030585235787
1987-03,Nizamabad,17.864488136835362
1987-03,Prakasam,17.678178586433912
1987-03,Rangareddy,18.96984674502164
1987-03,Srikakulam,9.178802955591351
1987-03,Visakhapatnam,13.923360725694478
1987-03,Vizianagaram,11.365840170600329
1987-03,Warangal,16.59988269492743
1987-03,West Godavari,13.401735134833663
1987-04,Adilabad,9.959616874050614
1987-04,Anantapur,8.71332057691504
1987-04,Chittoor,24.691103395443584
1987-04,Y.s.r.,10.444125343968407
1987-04,East Godavari,16.437215390106584
1987-04,Guntur,7.059400092711439
1987-04,Hyderabad,10.582935096993799
1987-04,Karimnagar,11.67252540776581
1987-04,Khammam,14.180436650652133
1987-04,Krishna,9.141030603885762
1987-04,Kurnool,8.097486919187698
1987-04,Mahbubnagar,7.428075405540064
1987-04,Medak,12.660363998650437
1987-04,Nalgonda,6.843146143555024
1987-04,Sri Potti Sriramulu Nellore,10.177279873861455
1987-04,Nizamabad,9.654048682107172
1987-04,Prakasam,7.44318995244948
1987-04,Rangareddy,10.846798142553137
1987-04,Srikakulam,22.005009641852517
1987-04,Visakhapatnam,27.723310399015425
1987-04,Vizianagaram,28.133010855194787
1987-04,Warangal,11.798848076642411
1987-04,West Godavari,8.409352251992498
1987-05,Adilabad,15.02875925962183
1987-05,Anantapur,45.06424430903656
1987-05,Chittoor,19.845301029078247
1987-05,Y.s.r.,30.866160912636854
1987-05,East Godavari,30.130164161713378
1987-05,Guntur,17.944009827663738
1987-05,Hyderabad,21.72668178860809
1987-05,Karimnagar,13.582634428184607
1987-05,Khammam,35.87854577215492
1987-05,Krishna,24.11446709020895
1987-05,Kurnool,39.15717186298876
1987-05,Mahbubnagar,34.252126708532465
1987-05,Medak,18.526002484670933
1987-05,Nalgonda,21.01650515867145
1987-05,Sri Potti Sriramulu Nellore,16.010667221448628
1987-05,Nizamabad,17.0453937272472
1987-05,Prakasam,25.526207959739665
1987-05,Rangareddy,25.504971009841363
1987-05,Srikakulam,42.12146338763
1987-05,Visakhapatnam,39.50473031708517
1987-05,Vizianagaram,52.07993096405737
1987-05,Warangal,21.5640770893899
1987-05,West Godavari,27.528241401514826
1987-06,Adilabad,161.40375784229593
1987-06,Anantapur,28.95305130072004
1987-06,Chittoor,86.45103422427671
1987-06,Y.s.r.,50.48937133106414
1987-06,East Godavari,89.24753621755794
1987-06,Guntur,52.64581878874211
1987-06,Hyderabad,86.00224199449357
1987-06,Karimnagar,141.70928703122073
1987-06,Khammam,88.94260630127638
1987-06,Krishna,62.45854639493182
1987-06,Kurnool,62.40204278996072
1987-06,Mahbubnagar,67.99915613697638
1987-06,Medak,125.39686349509954
1987-06,Nalgonda,62.66523179428748
1987-06,Sri Potti Sriramulu Nellore,45.04347604931497
1987-06,Nizamabad,145.4301895987504
1987-06,Prakasam,58.00199715509619
1987-06,Rangareddy,92.92613907453267
1987-06,Srikakulam,80.72906832191198
1987-06,Visakhapatnam,93.17661389034593
1987-06,Vizianagaram,88.47210446942356
1987-06,Warangal,98.85608361401809
1987-06,West Godavari,79.86871902504433
1987-07,Adilabad,218.8969052521567
1987-07,Anantapur,14.075981731668739
1987-07,Chittoor,55.309331713994986
1987-07,Y.s.r.,56.169140109405205
1987-07,East Godavari,168.9948973789699
1987-07,Guntur,122.6841505734539
1987-07,Hyderabad,140.05222746716348
1987-07,Karimnagar,209.39091777764077
1987-07,Khammam,242.9833773683914
1987-07,Krishna,150.5625248710353
1987-07,Kurnool,65.6606254453388
1987-07,Mahbubnagar,133.92000934533385
1987-07,Medak,178.22449501730398
1987-07,Nalgonda,159.47457637534328
1987-07,Sri Potti Sriramulu Nellore,53.312689006043676
1987-07,Nizamabad,167.57183421202157
1987-07,Prakasam,82.03522784859221
1987-07,Rangareddy,165.6454051805628
1987-07,Srikakulam,172.9188234404741
1987-07,Visakhapatnam,166.09923939680982
1987-07,Vizianagaram,190.44123786040612
1987-07,Warangal,242.7695677445989
1987-07,West Godavari,186.5959173231323
1987-08,Adilabad,256.73631850680385
1987-08,Anantapur,60.485007104179736
1987-08,Chittoor,147.92856078396872
1987-08,Y.s.r.,135.24468507386314
1987-08,East Godavari,229.7524881831971
1987-08,Guntur,170.72008567471406
1987-08,Hyderabad,188.57056176176349
1987-08,Karimnagar,235.76922517553533
1987-08,Khammam,313.17951934611744
1987-08,Krishna,207.5465385724837
1987-08,Kurnool,146.70449277333088
1987-08,Mahbubnagar,226.36279066643934
1987-08,Medak,221.50389123047515
1987-08,Nalgonda,201.3703891095118
1987-08,Sri Potti Sriramulu Nellore,128.81097372513912
1987-08,Nizamabad,249.22610648200452
1987-08,Prakasam,160.50805954009428
1987-08,Rangareddy,201.21589658772405
1987-08,Srikakulam,183.93521016657297
1987-08,Visakhapatnam,256.1973865593818
1987-08,Vizianagaram,232.66921141479892
1987-08,Warangal,232.05437030623995
1987-08,West Godavari,220.467566785699
1987-09,Adilabad,69.68082052554283
1987-09,Anantapur,71.31123326249866
1987-09,Chittoor,73.59214348655276
1987-09,Y.s.r.,76.45906214828338
1987-09,East Godavari,96.5226328488152
1987-09,Guntur,68.92842839967629
1987-09,Hyderabad,65.47015183396323
1987-09,Karimnagar,81.47417410414235
1987-09,Khammam,91.01209426387979
1987-09,Krishna,77.55638682869579
1987-09,Kurnool,71.12381388692796
1987-09,Mahbubnagar,94.23628523339428
1987-09,Medak,67.68479495370677
1987-09,Nalgonda,78.74066950120721
1987-09,Sri Potti Sriramulu Nellore,66.34210617542122
1987-09,Nizamabad,64.90012223850916
1987-09,Prakasam,67.79976968748886
1987-09,Rangareddy,89.48577711138867
1987-09,Srikakulam,114.49171193152833
1987-09,Visakhapatnam,122.51359457697426
1987-09,Vizianagaram,126.67697013209359
1987-09,Warangal,87.8639177975893
1987-09,West Godavari,86.45760222925891
1987-10,Adilabad,90.39328034062946
1987-10,Anantapur,189.09430375169472
1987-10,Chittoor,226.96831791089997
1987-10,Y.s.r.,238.7818926189373
1987-10,East Godavari,291.3943232627571
1987-10,Guntur,228.62933108274837
1987-10,Hyderabad,146.8370613789481
1987-10,Karimnagar,127.69967904722292
1987-10,Khammam,213.7384047895669
1987-10,Krishna,268.0414417501309
1987-10,Kurnool,173.14142191126956
1987-10,Mahbubnagar,165.4049380424929
1987-10,Medak,142.35200629245048
1987-10,Nalgonda,182.3809443063492
1987-10,Sri Potti Sriramulu Nellore,281.75958350325084
1987-10,Nizamabad,136.959598363698
1987-10,Prakasam,266.4512653114023
1987-10,Rangareddy,142.19593182536394
1987-10,Srikakulam,262.3913620551735
1987-10,Visakhapatnam,235.59166421151014
1987-10,Vizianagaram,217.1137542353294
1987-10,Warangal,148.50124178267976
1987-10,West Godavari,315.73730183496565
1987-11,Adilabad,41.8766458589771
1987-11,Anantapur,55.8679627997439
1987-11,Chittoor,123.3869042495289
1987-11,Y.s.r.,106.2540704608299
1987-11,East Godavari,151.72013309856146
1987-11,Guntur,98.52768486068966
1987-11,Hyderabad,41.371453221947625
1987-11,Karimnagar,41.733728062764804
1987-11,Khammam,93.99128559414635
1987-11,Krishna,133.04152629774794
1987-11,Kurnool,46.91542399464646
1987-11,Mahbubnagar,42.08033509458
1987-11,Medak,39.445323886205976
1987-11,Nalgonda,54.982224680504984
1987-11,Sri Potti Sriramulu Nellore,251.39979970952487
1987-11,Nizamabad,36.35069252190368
1987-11,Prakasam,128.60158144935133
1987-11,Rangareddy,37.194948273714544
1987-11,Srikakulam,141.26707928741277
1987-11,Visakhapatnam,150.6183883331245
1987-11,Vizianagaram,134.8532069436414
1987-11,Warangal,60.97367423720676
1987-11,West Godavari,123.91414296882382
1987-12,Adilabad,2.2211310243034936
1987-12,Anantapur,5.347259080224522
1987-12,Chittoor,105.52602666982163
1987-12,Y.s.r.,41.5836816162921
1987-12,East Godavari,9.244096674388645
1987-12,Guntur,12.245338160132558
1987-12,Hyderabad,5.162771768477357
1987-12,Karimnagar,2.890931630181431
1987-12,Khammam,2.822903508571744
1987-12,Krishna,14.581234762074866
1987-12,Kurnool,4.360609107099258
1987-12,Mahbubnagar,5.116507130079769
1987-12,Medak,2.3446637854330037
1987-12,Nalgonda,2.730423287645357
1987-12,Sri Potti Sriramulu Nellore,91.66605810647108
1987-12,Nizamabad,1.011698148079664
1987-12,Prakasam,15.182819364878412
1987-12,Rangareddy,4.946704448547957
1987-12,Srikakulam,2.3179967357883466
1987-12,Visakhapatnam,2.7040951740311687
1987-12,Vizianagaram,1.6693907700753547
1987-12,Warangal,3.5329226963058136
1987-12,West Godavari,11.790822684141164
1988-01,Adilabad,7.828826872430837
1988-01,Anantapur,0.5207923028610912
1988-01,Chittoor,7.487534011998409
1988-01,Y.s.r.,4.402714541274131
1988-01,East Godavari,3.136871564989028
1988-01,Guntur,0.8096854797554601
1988-01,Hyderabad,0.39521679183811814
1988-01,Karimnagar,4.260488511289296
1988-01,Khammam,3.1406336013492355
1988-01,Krishna,0.2508266643024138
1988-01,Kurnool,0.5772631858618158
1988-01,Mahbubnagar,0.3388578106985456
1988-01,Medak,1.5977435843028633
1988-01,Nalgonda,2.6038716120792365
1988-01,Sri Potti Sriramulu Nellore,3.9967611628716524
1988-01,Nizamabad,7.40454497572506
1988-01,Prakasam,2.5316252904351075
1988-01,Rangareddy,0.14666548824765216
1988-01,Srikakulam,3.349281269999613
1988-01,Visakhapatnam,4.9179590712614525
1988-01,Vizianagaram,2.991275384618174
1988-01,Warangal,2.219407229827189
1988-01,West Godavari,0.9074325941971821
1988-02,Adilabad,10.114208888281569
1988-02,Anantapur,0.10102172697506198
1988-02,Chittoor,0.09371701468585529
1988-02,Y.s.r.,0.015542060264474914
1988-02,East Godavari,5.294368879691593
1988-02,Guntur,2.0403911519657525
1988-02,Hyderabad,7.046370447646452
1988-02,Karimnagar,10.968008530221905
1988-02,Khammam,11.143174432279782
1988-02,Krishna,6.629382866863265
1988-02,Kurnool,0.07943101764047616
1988-02,Mahbubnagar,1.5088642566046049
1988-02,Medak,7.184806400012578
1988-02,Nalgonda,8.810925767121113
1988-02,Sri Potti Sriramulu Nellore,0.0
1988-02,Nizamabad,6.173038417090719
1988-02,Prakasam,0.00858628111897568
1988-02,Rangareddy,5.403284276093846
1988-02,Srikakulam,21.023251105373827
1988-02,Visakhapatnam,13.777422923291168
1988-02,Vizianagaram,23.783296653725024
1988-02,Warangal,12.569675191754897
1988-02,West Godavari,5.245509658819323
1988-03,Adilabad,12.48024739176762
1988-03,Anantapur,3.3184727639855462
1988-03,Chittoor,6.686428425291338
1988-03,Y.s.r.,3.7011331375399896
1988-03,East Godavari,1.4049042489186196
1988-03,Guntur,5.886854965850955
1988-03,Hyderabad,10.881323716709915
1988-03,Karimnagar,7.609586446332505
1988-03,Khammam,6.861048659253626
1988-03,Krishna,6.001218398469188
1988-03,Kurnool,3.358051408073584
1988-03,Mahbubnagar,5.874774663822998
1988-03,Medak,4.163286842772719
1988-03,Nalgonda,6.965179213294189
1988-03,Sri Potti Sriramulu Nellore,1.3262126558761502
1988-03,Nizamabad,7.248388197221958
1988-03,Prakasam,4.08894341005485
1988-03,Rangareddy,8.666613427732589
1988-03,Srikakulam,6.730041098271725
1988-03,Visakhapatnam,6.10582183131876
1988-03,Vizianagaram,8.935945159155445
1988-03,Warangal,5.07102151039005
1988-03,West Godavari,2.8284237112550454
1988-04,Adilabad,19.794613148039716
1988-04,Anantapur,28.64297084997813
1988-04,Chittoor,48.74699641401746
1988-04,Y.s.r.,20.164754588137704
1988-04,East Godavari,39.0331515432056
1988-04,Guntur,19.765006325795923
1988-04,Hyderabad,27.070116234134318
1988-04,Karimnagar,24.642928862694347
1988-04,Khammam,26.252496691938667
1988-04,Krishna,22.951362882432417
1988-04,Kurnool,21.015319853655896
1988-04,Mahbubnagar,24.282842997271942
1988-04,Medak,31.469984891852757
1988-04,Nalgonda,19.953764005585207
1988-04,Sri Potti Sriramulu Nellore,22.573796250904277
1988-04,Nizamabad,23.291390279536216
1988-04,Prakasam,19.120448702335665
1988-04,Rangareddy,27.936888379987092
1988-04,Srikakulam,19.747457275362695
1988-04,Visakhapatnam,46.542963855397524
1988-04,Vizianagaram,33.12319211544161
1988-04,Warangal,25.06174829574461
1988-04,West Godavari,25.868410971439268
1988-05,Adilabad,12.474536918651543
1988-05,Anantapur,72.20408283260278
1988-05,Chittoor,75.46096760880422
1988-05,Y.s.r.,70.20291838972247
1988-05,East Godavari,39.85248578742912
1988-05,Guntur,34.96525348124246
1988-05,Hyderabad,20.756816074686142
1988-05,Karimnagar,11.406119731862523
1988-05,Khammam,42.2643327985076
1988-05,Krishna,34.98293292740186
1988-05,Kurnool,51.17975824342567
1988-05,Mahbubnagar,37.12051512788606
1988-05,Medak,15.216896306180612
1988-05,Nalgonda,24.713170086068356
1988-05,Sri Potti Sriramulu Nellore,42.50996179510057
1988-05,Nizamabad,14.415047627378822
1988-05,Prakasam,51.71680784647005
1988-05,Rangareddy,23.907217325956193
1988-05,Srikakulam,64.43914102833662
1988-05,Visakhapatnam,65.70887068546304
1988-05,Vizianagaram,70.24549840263438
1988-05,Warangal,22.165933587998524
1988-05,West Godavari,33.17709698649098
1988-06,Adilabad,187.70622289596432
1988-06,Anantapur,13.993761991264764
1988-06,Chittoor,53.48817008492712
1988-06,Y.s.r.,31.270218361888556
1988-06,East Godavari,90.33575756370792
1988-06,Guntur,62.77855090500581
1988-06,Hyderabad,72.38309154726541
1988-06,Karimnagar,157.89401648355442
1988-06,Khammam,122.53641745151437
1988-06,Krishna,69.68928841961552
1988-06,Kurnool,52.24427903360477
1988-06,Mahbubnagar,61.64907468288326
1988-06,Medak,112.48849210061788
1988-06,Nalgonda,72.20010211262705
1988-06,Sri Potti Sriramulu Nellore,30.226632324436643
1988-06,Nizamabad,137.77197520632572
1988-06,Prakasam,46.78548937856762
1988-06,Rangareddy,80.61797748959883
1988-06,Srikakulam,144.8458105897611
1988-06,Visakhapatnam,136.69984525349156
1988-06,Vizianagaram,163.72105887576512
1988-06,Warangal,136.3913727250322
1988-06,West Godavari,81.59566583126728
1988-07,Adilabad,442.88283336037625
1988-07,Anantapur,45.543379379867666
1988-07,Chittoor,154.5541898969569
1988-07,Y.s.r.,132.3881048919408
1988-07,East Godavari,415.1990428286293
1988-07,Guntur,339.0891232794301
1988-07,Hyderabad,297.63333498698603
1988-07,Karimnagar,420.7110507798077
1988-07,Khammam,481.0850469671598
1988-07,Krishna,436.4032618313269
1988-07,Kurnool,194.81778572478052
1988-07,Mahbubnagar,326.48982640872686
1988-07,Medak,413.23877213354046
1988-07,Nalgonda,347.03872281622307
1988-07,Sri Potti Sriramulu Nellore,115.02091201597943
1988-07,Nizamabad,467.48783486507267
1988-07,Prakasam,198.59383964830417
1988-07,Rangareddy,343.50749695381984
1988-07,Srikakulam,343.7773880477735
1988-07,Visakhapatnam,445.97495805331727
1988-07,Vizianagaram,437.1408667714822
1988-07,Warangal,434.67485631148116
1988-07,West Godavari,459.7959726134223
1988-08,Adilabad,387.79040412304045
1988-08,Anantapur,86.4973998071627
1988-08,Chittoor,167.0535721403242
1988-08,Y.s.r.,158.69095059012244
1988-08,East Godavari,254.08745023854357
1988-08,Guntur,216.2814083693244
1988-08,Hyderabad,286.4324430542856
1988-08,Karimnagar,316.4741707599231
1988-08,Khammam,377.3996376032509
1988-08,Krishna,229.21065868747894
1988-08,Kurnool,195.71662047471187
1988-08,Mahbubnagar,304.32181037356014
1988-08,Medak,323.2733505748905
1988-08,Nalgonda,278.11882681995496
1988-08,Sri Potti Sriramulu Nellore,141.120967463061
1988-08,Nizamabad,365.6744960405803
1988-08,Prakasam,228.38104301428672
1988-08,Rangareddy,324.6319607489374
1988-08,Srikakulam,178.47272773922018
1988-08,Visakhapatnam,334.1918034329924
1988-08,Vizianagaram,266.234435847305
1988-08,Warangal,337.1328282299781
1988-08,West Godavari,248.12759634425095
1988-09,Adilabad,239.07742876089867
1988-09,Anantapur,276.8203008794278
1988-09,Chittoor,183.59178954484602
1988-09,Y.s.r.,162.4341915175743
1988-09,East Godavari,281.2527246618415
1988-09,Guntur,206.74103070070805
1988-09,Hyderabad,204.6408403649685
1988-09,Karimnagar,262.9430514442183
1988-09,Khammam,282.5704155872744
1988-09,Krishna,250.59059756862112
1988-09,Kurnool,243.00849893412195
1988-09,Mahbubnagar,273.8203921912883
1988-09,Medak,241.58318166021834
1988-09,Nalgonda,240.6606939346887
1988-09,Sri Potti Sriramulu Nellore,135.5159075397983
1988-09,Nizamabad,241.81063967225916
1988-09,Prakasam,179.54193976231252
1988-09,Rangareddy,234.10265494052706
1988-09,Srikakulam,321.66693645956843
1988-09,Visakhapatnam,303.24189076004706
1988-09,Vizianagaram,345.867887159833
1988-09,Warangal,278.75797688235036
1988-09,West Godavari,246.0781364951022
1988-10,Adilabad,49.71583836230374
1988-10,Anantapur,69.872875280944
1988-10,Chittoor,89.38664894476537
1988-10,Y.s.r.,60.765770342468784
1988-10,East Godavari,65.74068508593179
1988-10,Guntur,51.36084277196013
1988-10,Hyderabad,34.30780658907103
1988-10,Karimnagar,48.8146736267499
1988-10,Khammam,53.59046105425317
1988-10,Krishna,60.25471715704939
1988-10,Kurnool,36.26461097367843
1988-10,Mahbubnagar,31.589548759415425
1988-10,Medak,48.85138581739406
1988-10,Nalgonda,47.861955936404016
1988-10,Sri Potti Sriramulu Nellore,63.97900049406666
1988-10,Nizamabad,52.91572091189178
1988-10,Prakasam,60.072992361271716
1988-10,Rangareddy,38.433414006390684
1988-10,Srikakulam,60.11195131746233
1988-10,Visakhapatnam,54.6578867400743
1988-10,Vizianagaram,73.23570971599466
1988-10,Warangal,46.57090866807428
1988-10,West Godavari,73.18274284518117
1988-11,Adilabad,9.318194469462117
1988-11,Anantapur,14.907483612160974
1988-11,Chittoor,65.77709052201392
1988-11,Y.s.r.,30.194852449544374
1988-11,East Godavari,22.572258825391128
1988-11,Guntur,10.591617008184137
1988-11,Hyderabad,6.4361650034833495
1988-11,Karimnagar,7.523547849652989
1988-11,Khammam,9.830337236352351
1988-11,Krishna,17.97008956438845
1988-11,Kurnool,9.346602195560418
1988-11,Mahbubnagar,6.96916507589801
1988-11,Medak,6.520961740355864
1988-11,Nalgonda,6.277798219384084
1988-11,Sri Potti Sriramulu Nellore,114.0347685652185
1988-11,Nizamabad,7.907271469697408
1988-11,Prakasam,24.4939091080349
1988-11,Rangareddy,5.03540818468365
1988-11,Srikakulam,21.489698430456844
1988-11,Visakhapatnam,20.96084169615053
1988-11,Vizianagaram,21.935230469375842
1988-11,Warangal,7.695924560523015
1988-11,West Godavari,16.43705973019289
1988-12,Adilabad,2.5640212948164356
1988-12,Anantapur,6.714233061756417
1988-12,Chittoor,63.45751930678832
1988-12,Y.s.r.,31.079656188614717
1988-12,East Godavari,3.7311292461074563
1988-12,Guntur,7.2869839959384635
1988-12,Hyderabad,6.311321658841228
1988-12,Karimnagar,6.596903600605235
1988-12,Khammam,0.4251871482180603
1988-12,Krishna,3.0724352804289934
1988-12,Kurnool,2.7324859968011603
1988-12,Mahbubnagar,4.009250431113516
1988-12,Medak,6.9012688240880244
1988-12,Nalgonda,3.3435148563500587
1988-12,Sri Potti Sriramulu Nellore,63.03466583334479
1988-12,Nizamabad,6.366933823490538
1988-12,Prakasam,14.210580333037779
1988-12,Rangareddy,7.439554720562965
1988-12,Srikakulam,0.0
1988-12,Visakhapatnam,1.4228766671849178
1988-12,Vizianagaram,0.057757431523849094
1988-12,Warangal,4.2420729174060545
1988-12,West Godavari,4.020463281974845
1989-01,Adilabad,10.442087209446484
1989-01,Anantapur,2.8826389008328475
1989-01,Chittoor,17.51516441620794
1989-01,Y.s.r.,9.687715033614065
1989-01,East Godavari,4.082640442979156
1989-01,Guntur,3.4003206943134656
1989-01,Hyderabad,4.383903130049844
1989-01,Karimnagar,7.2638708766697055
1989-01,Khammam,4.432926596934809
1989-01,Krishna,1.978958394883054
1989-01,Kurnool,2.2594934238464353
1989-01,Mahbubnagar,2.069541614754921
1989-01,Medak,3.329873817986942
1989-01,Nalgonda,4.011817215260112
1989-01,Sri Potti Sriramulu Nellore,14.473779947898894
1989-01,Nizamabad,7.801686390638972
1989-01,Prakasam,5.593669709419383
1989-01,Rangareddy,2.632912391238098
1989-01,Srikakulam,2.2500354484144878
1989-01,Visakhapatnam,2.0597124905407096
1989-01,Vizianagaram,1.9049882170396681
1989-01,Warangal,4.341234144814605
1989-01,West Godavari,2.306694529892395
1989-02,Adilabad,8.81367768467836
1989-02,Anantapur,0.0431456540066898
1989-02,Chittoor,0.05966854484893104
1989-02,Y.s.r.,0.015713851074309445
1989-02,East Godavari,4.721101341052915
1989-02,Guntur,0.1713587846683699
1989-02,Hyderabad,0.13209436780812284
1989-02,Karimnagar,7.026411375525351
1989-02,Khammam,5.5064039887643785
1989-02,Krishna,1.921036165712053
1989-02,Kurnool,0.0
1989-02,Mahbubnagar,0.07064653609457852
1989-02,Medak,0.8932242063696785
1989-02,Nalgonda,2.517599011139925
1989-02,Sri Potti Sriramulu Nellore,0.0
1989-02,Nizamabad,2.9131812027413937
1989-02,Prakasam,0.02575931491112428
1989-02,Rangareddy,0.17616559005453603
1989-02,Srikakulam,7.634134389591807
1989-02,Visakhapatnam,7.028666502350909
1989-02,Vizianagaram,8.116416508931502
1989-02,Warangal,7.136277879810355
1989-02,West Godavari,2.3773797033785335
1989-03,Adilabad,27.289230899734495
1989-03,Anantapur,0.7888064282794329
1989-03,Chittoor,5.588929628275323
1989-03,Y.s.r.,3.247819451941791
1989-03,East Godavari,13.738838924185055
1989-03,Guntur,10.867961080503894
1989-03,Hyderabad,19.286729541256975
1989-03,Karimnagar,20.732924883682955
1989-03,Khammam,10.405263631155536
1989-03,Krishna,10.29036955931659
1989-03,Kurnool,5.671966456859997
1989-03,Mahbubnagar,10.10364823518646
1989-03,Medak,17.65685189553344
1989-03,Nalgonda,15.2855309275579
1989-03,Sri Potti Sriramulu Nellore,3.3887260617189616
1989-03,Nizamabad,18.184640153142777
1989-03,Prakasam,11.557597059307918
1989-03,Rangareddy,14.642588067189257
1989-03,Srikakulam,20.347499999384553
1989-03,Visakhapatnam,26.204481507792472
1989-03,Vizianagaram,27.732934429060766
1989-03,Warangal,13.570078973833493
1989-03,West Godavari,8.407256431368026
1989-04,Adilabad,8.656209019932563
1989-04,Anantapur,8.512615737544346
1989-04,Chittoor,5.246914971982231
1989-04,Y.s.r.,1.3354100909143467
1989-04,East Godavari,4.878774600260247
1989-04,Guntur,0.7724636619774031
1989-04,Hyderabad,8.83235739920903
1989-04,Karimnagar,9.353517018922846
1989-04,Khammam,5.7586250952145575
1989-04,Krishna,1.69883434022812
1989-04,Kurnool,8.908196750413493
1989-04,Mahbubnagar,10.573046174672244
1989-04,Medak,10.654437229494729
1989-04,Nalgonda,6.036947622453675
1989-04,Sri Potti Sriramulu Nellore,1.226355834088601
1989-04,Nizamabad,8.445693553587319
1989-04,Prakasam,3.029056711091945
1989-04,Rangareddy,11.04577339091748
1989-04,Srikakulam,7.601320173455535
1989-04,Visakhapatnam,11.063439303423408
1989-04,Vizianagaram,9.856265768381597
1989-04,Warangal,8.332426036456937
1989-04,West Godavari,2.0273763631192647
1989-05,Adilabad,16.145948928829323
1989-05,Anantapur,34.984669797152975
1989-05,Chittoor,37.96874170608509
1989-05,Y.s.r.,37.46499232060613
1989-05,East Godavari,38.54877883678044
1989-05,Guntur,27.180490825767393
1989-05,Hyderabad,19.92119296222057
1989-05,Karimnagar,13.698487736068284
1989-05,Khammam,48.18823466493428
1989-05,Krishna,36.376854951490216
1989-05,Kurnool,28.50645392139829
1989-05,Mahbubnagar,24.011165320055074
1989-05,Medak,16.7487067117031
1989-05,Nalgonda,21.306592781161264
1989-05,Sri Potti Sriramulu Nellore,21.370780752551486
1989-05,Nizamabad,16.19981790081676
1989-05,Prakasam,28.33587028092216
1989-05,Rangareddy,20.837976193966774
1989-05,Srikakulam,60.04508428855759
1989-05,Visakhapatnam,52.33540009244838
1989-05,Vizianagaram,56.732700789909636
1989-05,Warangal,25.319899233269556
1989-05,West Godavari,37.2991474935625
1989-06,Adilabad,183.73199649881823
1989-06,Anantapur,26.51433381416791
1989-06,Chittoor,78.14640605028411
1989-06,Y.s.r.,55.71768708838614
1989-06,East Godavari,135.56820574621221
1989-06,Guntur,88.60623550063181
1989-06,Hyderabad,85.95953332444223
1989-06,Karimnagar,172.41373748450016
1989-06,Khammam,146.6769044770686
1989-06,Krishna,106.84712051435133
1989-06,Kurnool,57.40955254514875
1989-06,Mahbubnagar,82.55283297670074
1989-06,Medak,128.2384049869078
1989-06,Nalgonda,109.90760726435205
1989-06,Sri Potti Sriramulu Nellore,46.25546557813844
1989-06,Nizamabad,136.28836775772515
1989-06,Prakasam,62.882269272552854
1989-06,Rangareddy,96.64334506708433
1989-06,Srikakulam,204.64996425530381
1989-06,Visakhapatnam,178.14272032644084
1989-06,Vizianagaram,209.97059597495922
1989-06,Warangal,161.55200614885152
1989-06,West Godavari,132.41022390381184
1989-07,Adilabad,450.2090513908094
1989-07,Anantapur,45.32890516309965
1989-07,Chittoor,148.28415985195076
1989-07,Y.s.r.,144.55317327554218
1989-07,East Godavari,461.64501669361204
1989-07,Guntur,329.8945383108383
1989-07,Hyderabad,285.55965537222454
1989-07,Karimnagar,445.1207804899283
1989-07,Khammam,560.6996441301121
1989-07,Krishna,415.2022178021075
1989-07,Kurnool,198.0719451650232
1989-07,Mahbubnagar,335.53915650321153
1989-07,Medak,385.45585166926827
1989-07,Nalgonda,376.4257316032809
1989-07,Sri Potti Sriramulu Nellore,130.47053551115343
1989-07,Nizamabad,428.22826314704423
1989-07,Prakasam,198.32865859059737
1989-07,Rangareddy,333.64468592036457
1989-07,Srikakulam,317.89907901393303
1989-07,Visakhapatnam,486.3093815629932
1989-07,Vizianagaram,418.7782794403569
1989-07,Warangal,489.5205594010303
1989-07,West Godavari,489.03577178095514
1989-08,Adilabad,285.3361535499922
1989-08,Anantapur,44.158828256527954
1989-08,Chittoor,62.82745999296329
1989-08,Y.s.r.,76.12003029773298
1989-08,East Godavari,263.49727863641783
1989-08,Guntur,182.6705168678599
1989-08,Hyderabad,147.01123898114201
1989-08,Karimnagar,223.81015590274188
1989-08,Khammam,285.82180777587325
1989-08,Krishna,236.71350047942246
1989-08,Kurnool,87.11422899872049
1989-08,Mahbubnagar,150.92400334884042
1989-08,Medak,194.41957738504397
1989-08,Nalgonda,167.57857015855492
1989-08,Sri Potti Sriramulu Nellore,83.7344465827343
1989-08,Nizamabad,220.8935665586949
1989-08,Prakasam,127.09347599329529
1989-08,Rangareddy,165.7943757967677
1989-08,Srikakulam,218.17361863549297
1989-08,Visakhapatnam,272.2285848129401
1989-08,Vizianagaram,267.053282255584
1989-08,Warangal,221.69021989550126
1989-08,West Godavari,262.1715686189208
1989-09,Adilabad,140.44900086541892
1989-09,Anantapur,144.4479020671635
1989-09,Chittoor,131.90951164939958
1989-09,Y.s.r.,133.85594123135596
1989-09,East Godavari,151.25348777176416
1989-09,Guntur,152.0385811067484
1989-09,Hyderabad,134.37416810773337
1989-09,Karimnagar,147.4288560927139
1989-09,Khammam,133.15540566215688
1989-09,Krishna,166.40922918116146
1989-09,Kurnool,139.60341150278472
1989-09,Mahbubnagar,139.16063183909847
1989-09,Medak,123.41742979650087
1989-09,Nalgonda,131.0000464925555
1989-09,Sri Potti Sriramulu Nellore,116.20192173467218
1989-09,Nizamabad,148.13160134260613
1989-09,Prakasam,129.56264805605326
1989-09,Rangareddy,137.08630553749617
1989-09,Srikakulam,176.38062583064533
1989-09,Visakhapatnam,177.2972430923059
1989-09,Vizianagaram,208.05185451443862
1989-09,Warangal,130.10439247454204
1989-09,West Godavari,165.7947124964945
1989-10,Adilabad,21.20039099741909
1989-10,Anantapur,37.581590461938646
1989-10,Chittoor,67.83979576671524
1989-10,Y.s.r.,40.49121066398625
1989-10,East Godavari,44.6811107984837
1989-10,Guntur,42.82770454161724
1989-10,Hyderabad,41.59933298228242
1989-10,Karimnagar,28.34289798022942
1989-10,Khammam,49.889072336882386
1989-10,Krishna,45.88640968358034
1989-10,Kurnool,23.394831719373443
1989-10,Mahbubnagar,32.983881623964585
1989-10,Medak,35.298331029732026
1989-10,Nalgonda,48.71162054100393
1989-10,Sri Potti Sriramulu Nellore,48.90031316295377
1989-10,Nizamabad,20.60942856380531
1989-10,Prakasam,44.640800408577626
1989-10,Rangareddy,35.85639215473618
1989-10,Srikakulam,30.429526845335264
1989-10,Visakhapatnam,41.40118685797664
1989-10,Vizianagaram,24.32561410060928
1989-10,Warangal,39.59863387366157
1989-10,West Godavari,41.121692858509846
1989-11,Adilabad,6.878268754889374
1989-11,Anantapur,15.593453304614828
1989-11,Chittoor,43.543688403205195
1989-11,Y.s.r.,38.30188011495428
1989-11,East Godavari,25.54792514591936
1989-11,Guntur,26.41855606302654
1989-11,Hyderabad,8.801264591278766
1989-11,Karimnagar,6.461644975254505
1989-11,Khammam,14.21813532923198
1989-11,Krishna,31.686595318288017
1989-11,Kurnool,13.724653388840542
1989-11,Mahbubnagar,12.053365657003912
1989-11,Medak,7.67296371220354
1989-11,Nalgonda,11.640527373299268
1989-11,Sri Potti Sriramulu Nellore,137.00820043053974
1989-11,Nizamabad,7.91390484024996
1989-11,Prakasam,43.28048007767397
1989-11,Rangareddy,8.595086763414272
1989-11,Srikakulam,9.561323101899811
1989-11,Visakhapatnam,8.771628827279418
1989-11,Vizianagaram,3.7080682581591184
1989-11,Warangal,7.5744327584982365
1989-11,West Godavari,25.595641730649074
1989-12,Adilabad,4.361196291579419
1989-12,Anantapur,2.419367478848466
1989-12,Chittoor,28.89435811705213
1989-12,Y.s.r.,19.01485318360819
1989-12,East Godavari,3.306358617920646
1989-12,Guntur,4.130557720450317
1989-12,Hyderabad,0.0
1989-12,Karimnagar,3.1276695293163277
1989-12,Khammam,0.4175143826277425
1989-12,Krishna,1.107096974986077
1989-12,Kurnool,1.6937425532297348
1989-12,Mahbubnagar,1.0290729853795078
1989-12,Medak,0.7728407427399723
1989-12,Nalgonda,0.12425642311265127
1989-12,Sri Potti Sriramulu Nellore,43.582184433916915
1989-12,Nizamabad,1.3047389573076256
1989-12,Prakasam,8.779128994882974
1989-12,Rangareddy,1.0897691766102664
1989-12,Srikakulam,0.022711051589253912
1989-12,Visakhapatnam,1.8736366418507984
1989-12,Vizianagaram,0.2576886407175832
1989-12,Warangal,1.591446191167204
1989-12,West Godavari,2.004003649353564
1990-01,Adilabad,10.636652202643688
1990-01,Anantapur,0.5670561844035161
1990-01,Chittoor,11.633239057895617
1990-01,Y.s.r.,4.716837214285277
1990-01,East Godavari,4.58318948414672
1990-01,Guntur,0.5545691198184484
1990-01,Hyderabad,5.232639347002343
1990-01,Karimnagar,7.876458418021824
1990-01,Khammam,3.9586719387510674
1990-01,Krishna,0.07989487334908246
1990-01,Kurnool,0.41534550484997523
1990-01,Mahbubnagar,0.44086662855060427
1990-01,Medak,2.791630446100977
1990-01,Nalgonda,3.7449116383015046
1990-01,Sri Potti Sriramulu Nellore,5.069435263093813
1990-01,Nizamabad,8.193500059804549
1990-01,Prakasam,0.6736592045218811
1990-01,Rangareddy,1.3743822233142684
1990-01,Srikakulam,2.2690522122340755
1990-01,Visakhapatnam,2.82020581918865
1990-01,Vizianagaram,1.9924500992548322
1990-01,Warangal,4.342832131022496
1990-01,West Godavari,1.1388970828146117
1990-02,Adilabad,10.389131983848237
1990-02,Anantapur,0.038590062085156134
1990-02,Chittoor,0.6561447729870823
1990-02,Y.s.r.,0.027779782769432392
1990-02,East Godavari,14.225800817306165
1990-02,Guntur,14.502953997872266
1990-02,Hyderabad,1.0608509298281374
1990-02,Karimnagar,7.098538954310141
1990-02,Khammam,11.410641061995367
1990-02,Krishna,27.435089294617594
1990-02,Kurnool,0.14402128973858544
1990-02,Mahbubnagar,1.6406901066987902
1990-02,Medak,1.354933790896364
1990-02,Nalgonda,3.5378958974879415
1990-02,Sri Potti Sriramulu Nellore,0.39955748906519045
1990-02,Nizamabad,2.998181124502055
1990-02,Prakasam,4.350587766748534
1990-02,Rangareddy,1.2756470668834952
1990-02,Srikakulam,12.546535266172215
1990-02,Visakhapatnam,12.451022011839155
1990-02,Vizianagaram,14.318810975698911
1990-02,Warangal,7.46098519032512
1990-02,West Godavari,17.760648122631633
1990-03,Adilabad,18.89219420235455
1990-03,Anantapur,0.22275905401592141
1990-03,Chittoor,6.800434963466991
1990-03,Y.s.r.,2.9055049185926047
1990-03,East Godavari,30.268370722876785
1990-03,Guntur,17.314389490392283
1990-03,Hyderabad,19.53756477053497
1990-03,Karimnagar,18.673988252145584
1990-03,Khammam,21.020936893194953
1990-03,Krishna,24.247451195790756
1990-03,Kurnool,0.7583737809443715
1990-03,Mahbubnagar,6.718887910245722
1990-03,Medak,15.378785652801716
1990-03,Nalgonda,17.691373183451663
1990-03,Sri Potti Sriramulu Nellore,7.6213065902377215
1990-03,Nizamabad,13.452215523330805
1990-03,Prakasam,11.700093470801665
1990-03,Rangareddy,12.865220275270135
1990-03,Srikakulam,41.05019807805176
1990-03,Visakhapatnam,35.90952403942206
1990-03,Vizianagaram,34.170280416284584
1990-03,Warangal,14.941893660741076
1990-03,West Godavari,25.821561574726523
1990-04,Adilabad,9.667629033797608
1990-04,Anantapur,14.172388150901742
1990-04,Chittoor,25.742059447128653
1990-04,Y.s.r.,15.654982210446997
1990-04,East Godavari,8.242205438937242
1990-04,Guntur,6.074879837655806
1990-04,Hyderabad,11.70185161825137
1990-04,Karimnagar,11.372747976747139
1990-04,Khammam,10.396125495911294
1990-04,Krishna,6.267171965725141
1990-04,Kurnool,12.501466577431218
1990-04,Mahbubnagar,11.0639609345992
1990-04,Medak,11.727194094547754
1990-04,Nalgonda,9.87191958345049
1990-04,Sri Potti Sriramulu Nellore,26.487105624728116
1990-04,Nizamabad,8.130404435732244
1990-04,Prakasam,12.527613306708448
1990-04,Rangareddy,12.555796274106124
1990-04,Srikakulam,16.04613567997761
1990-04,Visakhapatnam,22.107065072052293
1990-04,Vizianagaram,24.900999715010446
1990-04,Warangal,11.429086407290436
1990-04,West Godavari,4.569889825180957
1990-05,Adilabad,38.18336489733512
1990-05,Anantapur,98.7984971495606
1990-05,Chittoor,113.7381131003619
1990-05,Y.s.r.,103.4018668054955
1990-05,East Godavari,145.74685045003795
1990-05,Guntur,109.76598850021614
1990-05,Hyderabad,45.352450370171304
1990-05,Karimnagar,33.611581998097336
1990-05,Khammam,180.03221130090915
1990-05,Krishna,143.1787593615466
1990-05,Kurnool,87.47669086540043
1990-05,Mahbubnagar,74.60571507004951
1990-05,Medak,38.60067253566578
1990-05,Nalgonda,65.81280845712453
1990-05,Sri Potti Sriramulu Nellore,69.68239014144822
1990-05,Nizamabad,31.27956151781624
1990-05,Prakasam,109.21608974147368
1990-05,Rangareddy,57.30061027139731
1990-05,Srikakulam,124.36455896104813
1990-05,Visakhapatnam,181.7430972069543
1990-05,Vizianagaram,160.28185532060996
1990-05,Warangal,84.25655745969136
1990-05,West Godavari,130.54338533828854
1990-06,Adilabad,269.47163761750323
1990-06,Anantapur,17.389567795897673
1990-06,Chittoor,53.35029625901685
1990-06,Y.s.r.,38.57403335608556
1990-06,East Godavari,136.07711171200603
1990-06,Guntur,96.81083980237507
1990-06,Hyderabad,104.08634578788164
1990-06,Karimnagar,211.5327167458509
1990-06,Khammam,126.66659544814782
1990-06,Krishna,127.26349963649969
1990-06,Kurnool,73.51818903395318
1990-06,Mahbubnagar,108.48374007130435
1990-06,Medak,174.54813521246388
1990-06,Nalgonda,108.79678524212409
1990-06,Sri Potti Sriramulu Nellore,37.06595825248279
1990-06,Nizamabad,222.81970552687463
1990-06,Prakasam,64.97502102706108
1990-06,Rangareddy,132.32436637877473
1990-06,Srikakulam,158.77381702835675
1990-06,Visakhapatnam,162.9343532758269
1990-06,Vizianagaram,184.79850167792247
1990-06,Warangal,144.73917766367072
1990-06,West Godavari,150.37663974276197
1990-07,Adilabad,263.8974469778398
1990-07,Anantapur,24.789450316595303
1990-07,Chittoor,102.09802999717424
1990-07,Y.s.r.,76.75555344846663
1990-07,East Godavari,200.83046724536547
1990-07,Guntur,119.05224602642124
1990-07,Hyderabad,121.45430582194652
1990-07,Karimnagar,273.57193106218585
1990-07,Khammam,224.08237543622405
1990-07,Krishna,159.48272307782588
1990-07,Kurnool,69.40356112630224
1990-07,Mahbubnagar,97.18564595818252
1990-07,Medak,221.8420579024328
1990-07,Nalgonda,116.70109231468612
1990-07,Sri Potti Sriramulu Nellore,69.69108904659423
1990-07,Nizamabad,283.1005382828067
1990-07,Prakasam,72.14013700873956
1990-07,Rangareddy,132.65543954519816
1990-07,Srikakulam,217.63323230464044
1990-07,Visakhapatnam,211.06875356718098
1990-07,Vizianagaram,241.05629330516945
1990-07,Warangal,235.69457079976308
1990-07,West Godavari,204.20587109546682
1990-08,Adilabad,530.3029001984999
1990-08,Anantapur,50.62466347030382
1990-08,Chittoor,95.60002166991065
1990-08,Y.s.r.,96.70158414783461
1990-08,East Godavari,384.69377347091404
1990-08,Guntur,198.7564460838471
1990-08,Hyderabad,267.023748510478
1990-08,Karimnagar,430.2143686095922
1990-08,Khammam,502.49265879187084
1990-08,Krishna,266.5878100136549
1990-08,Kurnool,114.23824135139321
1990-08,Mahbubnagar,227.80818205303416
1990-08,Medak,388.39884913848084
1990-08,Nalgonda,270.52387735373264
1990-08,Sri Potti Sriramulu Nellore,90.52242741119234
1990-08,Nizamabad,513.380990284776
1990-08,Prakasam,134.46445892547968
1990-08,Rangareddy,284.509841454691
1990-08,Srikakulam,342.6155797114093
1990-08,Visakhapatnam,459.9825028610867
1990-08,Vizianagaram,435.16740113005886
1990-08,Warangal,395.8564919257025
1990-08,West Godavari,351.61560812446857
1990-09,Adilabad,82.26428382095018
1990-09,Anantapur,106.05912279591705
1990-09,Chittoor,126.05775434274794
1990-09,Y.s.r.,122.90460811573058
1990-09,East Godavari,162.7356705306915
1990-09,Guntur,137.09014472594646
1990-09,Hyderabad,97.32104399813801
1990-09,Karimnagar,83.6400638595516
1990-09,Khammam,159.31336184596785
1990-09,Krishna,154.12961388595502
1990-09,Kurnool,99.20073791715572
1990-09,Mahbubnagar,98.21443278347087
1990-09,Medak,90.99648368031711
1990-09,Nalgonda,134.46374797664657
1990-09,Sri Potti Sriramulu Nellore,112.6383390457869
1990-09,Nizamabad,65.09498634403596
1990-09,Prakasam,124.90191695092703
1990-09,Rangareddy,102.44189154719774
1990-09,Srikakulam,190.97894827005172
1990-09,Visakhapatnam,197.05181152633034
1990-09,Vizianagaram,224.50208112658473
1990-09,Warangal,134.08746590869362
1990-09,West Godavari,153.81208419365782
1990-10,Adilabad,119.79542291223002
1990-10,Anantapur,96.6427276541953
1990-10,Chittoor,231.70914417181092
1990-10,Y.s.r.,150.13074775417377
1990-10,East Godavari,278.00393377415327
1990-10,Guntur,141.80613914987796
1990-10,Hyderabad,117.0648331444626
1990-10,Karimnagar,131.89849249422522
1990-10,Khammam,124.43746312519147
1990-10,Krishna,181.87161436178707
1990-10,Kurnool,85.62128335432925
1990-10,Mahbubnagar,72.23555901914762
1990-10,Medak,90.66239747155733
1990-10,Nalgonda,96.26691445732274
1990-10,Sri Potti Sriramulu Nellore,267.84788723894894
1990-10,Nizamabad,83.44105800662544
1990-10,Prakasam,158.13539966433348
1990-10,Rangareddy,81.17655811200028
1990-10,Srikakulam,303.3311455371743
1990-10,Visakhapatnam,276.8127132355598
1990-10,Vizianagaram,276.91281310612874
1990-10,Warangal,105.02962294768861
1990-10,West Godavari,260.75645485131633
1990-11,Adilabad,16.117708636809343
1990-11,Anantapur,26.413836927331662
1990-11,Chittoor,67.24615882672202
1990-11,Y.s.r.,49.978585812448166
1990-11,East Godavari,79.2242558341862
1990-11,Guntur,46.434159883092555
1990-11,Hyderabad,12.246505417870086
1990-11,Karimnagar,16.104511684003846
1990-11,Khammam,40.12823216995388
1990-11,Krishna,65.32118243038298
1990-11,Kurnool,15.153360493374294
1990-11,Mahbubnagar,14.306912380404189
1990-11,Medak,13.254810402318801
1990-11,Nalgonda,13.241980689705663
1990-11,Sri Potti Sriramulu Nellore,121.38532820735243
1990-11,Nizamabad,12.007039343988483
1990-11,Prakasam,73.88212718981178
1990-11,Rangareddy,12.004921218715689
1990-11,Srikakulam,63.404544600147965
1990-11,Visakhapatnam,76.01259964731264
1990-11,Vizianagaram,65.51384714807715
1990-11,Warangal,16.412294518288387
1990-11,West Godavari,60.03333201019153
1990-12,Adilabad,4.883695846111808
1990-12,Anantapur,3.5812176397321096
1990-12,Chittoor,20.67004664186138
1990-12,Y.s.r.,14.865501429960656
1990-12,East Godavari,3.437333643554297
1990-12,Guntur,6.493882371757651
1990-12,Hyderabad,0.0811272068702673
1990-12,Karimnagar,3.80668520210676
1990-12,Khammam,0.7193605692477861
1990-12,Krishna,3.9458459443726004
1990-12,Kurnool,1.8669595152614982
1990-12,Mahbubnagar,0.9307426945020038
1990-12,Medak,0.867403696818101
1990-12,Nalgonda,0.11086832969913069
1990-12,Sri Potti Sriramulu Nellore,29.445319569287136
1990-12,Nizamabad,1.4290893604760173
1990-12,Prakasam,8.021740755394942
1990-12,Rangareddy,0.8248772252580687
1990-12,Srikakulam,3.619682669666945
1990-12,Visakhapatnam,3.1695071041771405
1990-12,Vizianagaram,2.786223347921482
1990-12,Warangal,1.5529667487770331
1990-12,West Godavari,5.612779093113766
1991-01,Adilabad,11.997144426388953
1991-01,Anantapur,0.6813777311993164
1991-01,Chittoor,12.186369165143958
1991-01,Y.s.r.,5.754546678450444
1991-01,East Godavari,10.449457490367582
1991-01,Guntur,0.7712100487789862
1991-01,Hyderabad,1.8698214079569844
1991-01,Karimnagar,7.737322897528512
1991-01,Khammam,5.104478553130123
1991-01,Krishna,1.566961298521915
1991-01,Kurnool,0.38562321871157806
1991-01,Mahbubnagar,0.6159544127348826
1991-01,Medak,2.2576067533806268
1991-01,Nalgonda,3.294419037201771
1991-01,Sri Potti Sriramulu Nellore,6.346584419260602
1991-01,Nizamabad,7.998174113882011
1991-01,Prakasam,0.7090796314350256
1991-01,Rangareddy,0.3852643267654335
1991-01,Srikakulam,6.310466136752358
1991-01,Visakhapatnam,9.400374108444138
1991-01,Vizianagaram,6.867738972985576
1991-01,Warangal,4.142666730656745
1991-01,West Godavari,3.9436191593410213
1991-02,Adilabad,10.254261700966918
1991-02,Anantapur,0.00857018990156327
1991-02,Chittoor,0.2210226706398794
1991-02,Y.s.r.,0.01609155480139939
1991-02,East Godavari,5.106078212687968
1991-02,Guntur,0.17619820884054999
1991-02,Hyderabad,7.026433378361574
1991-02,Karimnagar,9.033604478404895
1991-02,Khammam,5.662223155040206
1991-02,Krishna,2.7248404667124353
1991-02,Kurnool,0.0
1991-02,Mahbubnagar,1.3280735201165401
1991-02,Medak,6.088406665396783
1991-02,Nalgonda,5.768868988369297
1991-02,Sri Potti Sriramulu Nellore,0.0
1991-02,Nizamabad,6.115339341373585
1991-02,Prakasam,0.025764044433949664
1991-02,Rangareddy,4.532696216124786
1991-02,Srikakulam,7.683577166187543
1991-02,Visakhapatnam,7.482656441232958
1991-02,Vizianagaram,8.29451331974368
1991-02,Warangal,8.749917294707044
1991-02,West Godavari,4.672267122341639
1991-03,Adilabad,10.285632998636897
1991-03,Anantapur,0.0
1991-03,Chittoor,1.741076206303273
1991-03,Y.s.r.,0.23494111302229403
1991-03,East Godavari,1.0501437532847013
1991-03,Guntur,0.2612346532503073
1991-03,Hyderabad,15.716528450555396
1991-03,Karimnagar,8.529550725510765
1991-03,Khammam,1.4864319686690406
1991-03,Krishna,0.8102545933407828
1991-03,Kurnool,4.25663812876115E-4
1991-03,Mahbubnagar,1.638266153024843
1991-03,Medak,8.504471517440003
1991-03,Nalgonda,5.161961296594818
1991-03,Sri Potti Sriramulu Nellore,0.7307280184830683
1991-03,Nizamabad,7.6702903321091185
1991-03,Prakasam,0.8523840317294572
1991-03,Rangareddy,7.145243244816107
1991-03,Srikakulam,12.218263472215346
1991-03,Visakhapatnam,7.125335008422327
1991-03,Vizianagaram,11.549094685900105
1991-03,Warangal,5.94875470073096
1991-03,West Godavari,0.4290848247754687
1991-04,Adilabad,16.98993239435507
1991-04,Anantapur,10.117418759121657
1991-04,Chittoor,9.667260959508905
1991-04,Y.s.r.,4.56633916589137
1991-04,East Godavari,10.933262950771471
1991-04,Guntur,1.6566476510190309
1991-04,Hyderabad,14.871224923118417
1991-04,Karimnagar,17.669695271203324
1991-04,Khammam,9.002811204541793
1991-04,Krishna,5.260101317121062
1991-04,Kurnool,11.389151925530133
1991-04,Mahbubnagar,13.520665191348918
1991-04,Medak,18.901698780015984
1991-04,Nalgonda,10.309188751140297
1991-04,Sri Potti Sriramulu Nellore,5.608861786763
1991-04,Nizamabad,15.365757307522768
1991-04,Prakasam,4.007478625913017
1991-04,Rangareddy,17.329491100899165
1991-04,Srikakulam,11.876639279770774
1991-04,Visakhapatnam,17.178788311861506
1991-04,Vizianagaram,16.362622848558445
1991-04,Warangal,13.05153714286611
1991-04,West Godavari,8.203451881065101
1991-05,Adilabad,18.822062035291328
1991-05,Anantapur,89.8972380050974
1991-05,Chittoor,43.634722004062986
1991-05,Y.s.r.,51.73593554227877
1991-05,East Godavari,30.34132259287192
1991-05,Guntur,33.58548126864005
1991-05,Hyderabad,23.761523960940657
1991-05,Karimnagar,16.910453573746864
1991-05,Khammam,47.51881622999218
1991-05,Krishna,34.89254098465481
1991-05,Kurnool,61.223479078540024
1991-05,Mahbubnagar,44.00373136949364
1991-05,Medak,20.197144636597816
1991-05,Nalgonda,26.253101595198316
1991-05,Sri Potti Sriramulu Nellore,23.934319134748673
1991-05,Nizamabad,16.799066194516026
1991-05,Prakasam,38.05542532058881
1991-05,Rangareddy,29.592751974837732
1991-05,Srikakulam,42.848294192280015
1991-05,Visakhapatnam,42.48768751970723
1991-05,Vizianagaram,48.93669451500755
1991-05,Warangal,27.97271356150436
1991-05,West Godavari,30.546749981371335
1991-06,Adilabad,203.68944514126406
1991-06,Anantapur,79.16330008408896
1991-06,Chittoor,196.8665611296116
1991-06,Y.s.r.,165.7521123694132
1991-06,East Godavari,240.85211189788467
1991-06,Guntur,223.81200627717087
1991-06,Hyderabad,204.42731115054156
1991-06,Karimnagar,211.27377150618315
1991-06,Khammam,259.4944633097243
1991-06,Krishna,249.19268457988107
1991-06,Kurnool,189.54510987502343
1991-06,Mahbubnagar,236.61514315569215
1991-06,Medak,233.01690104068774
1991-06,Nalgonda,240.53404032113534
1991-06,Sri Potti Sriramulu Nellore,107.45395569573655
1991-06,Nizamabad,220.32972878160876
1991-06,Prakasam,186.7426645521588
1991-06,Rangareddy,234.87713937561261
1991-06,Srikakulam,180.16115321970193
1991-06,Visakhapatnam,275.84103055136853
1991-06,Vizianagaram,242.17814447272542
1991-06,Warangal,236.62432422514232
1991-06,West Godavari,267.37103538450856
1991-07,Adilabad,381.0978201417727
1991-07,Anantapur,22.860488187209587
1991-07,Chittoor,73.37436501826438
1991-07,Y.s.r.,70.70423358510739
1991-07,East Godavari,222.20551000007637
1991-07,Guntur,104.72903774237432
1991-07,Hyderabad,105.50119861090452
1991-07,Karimnagar,299.127674812789
1991-07,Khammam,261.4692808333044
1991-07,Krishna,141.6922449335333
1991-07,Kurnool,84.40646307511568
1991-07,Mahbubnagar,114.56990743593992
1991-07,Medak,200.2866850458412
1991-07,Nalgonda,113.62170949519299
1991-07,Sri Potti Sriramulu Nellore,57.082335802480756
1991-07,Nizamabad,337.2707616419308
1991-07,Prakasam,75.35070400187047
1991-07,Rangareddy,129.25839030487492
1991-07,Srikakulam,283.34772496678335
1991-07,Visakhapatnam,297.21983156326
1991-07,Vizianagaram,320.4816975133135
1991-07,Warangal,253.0536301289506
1991-07,West Godavari,209.53700824514783
1991-08,Adilabad,264.09961283779694
1991-08,Anantapur,63.56493904603076
1991-08,Chittoor,127.06355051974195
1991-08,Y.s.r.,115.27615011572179
1991-08,East Godavari,173.6043905807828
1991-08,Guntur,155.01263422500946
1991-08,Hyderabad,124.5699532727979
1991-08,Karimnagar,139.10512688567894
1991-08,Khammam,185.0075252654745
1991-08,Krishna,169.0097867409757
1991-08,Kurnool,112.56207053886575
1991-08,Mahbubnagar,172.6952708731271
1991-08,Medak,140.0466589904073
1991-08,Nalgonda,167.30102877968056
1991-08,Sri Potti Sriramulu Nellore,110.19180131140774
1991-08,Nizamabad,189.54733640572624
1991-08,Prakasam,148.60871518608474
1991-08,Rangareddy,147.68682736913635
1991-08,Srikakulam,168.64083851762635
1991-08,Visakhapatnam,210.4793308468653
1991-08,Vizianagaram,197.4909301257973
1991-08,Warangal,119.59236752377359
1991-08,West Godavari,168.4880963013802
1991-09,Adilabad,105.098825295207
1991-09,Anantapur,80.59590712992437
1991-09,Chittoor,69.82940809143199
1991-09,Y.s.r.,85.8213938107222
1991-09,East Godavari,266.5087348713206
1991-09,Guntur,240.2602446515896
1991-09,Hyderabad,124.70337227062113
1991-09,Karimnagar,147.00584580178403
1991-09,Khammam,290.91949615276815
1991-09,Krishna,299.50557909051156
1991-09,Kurnool,131.80351742300343
1991-09,Mahbubnagar,169.03923050746357
1991-09,Medak,127.04556899628628
1991-09,Nalgonda,197.05608484607356
1991-09,Sri Potti Sriramulu Nellore,89.69697101427198
1991-09,Nizamabad,113.85502868825306
1991-09,Prakasam,155.84946329739196
1991-09,Rangareddy,137.15046617876806
1991-09,Srikakulam,171.09033347627874
1991-09,Visakhapatnam,265.0787999961602
1991-09,Vizianagaram,250.5926172073881
1991-09,Warangal,203.35976274288979
1991-09,West Godavari,306.0769466055812
1991-10,Adilabad,22.671561286089073
1991-10,Anantapur,154.00153354795907
1991-10,Chittoor,259.52522791257377
1991-10,Y.s.r.,205.10632836473152
1991-10,East Godavari,243.69083936328875
1991-10,Guntur,146.74638055447073
1991-10,Hyderabad,60.23006374766524
1991-10,Karimnagar,32.17695510045692
1991-10,Khammam,108.22835635832072
1991-10,Krishna,166.37040235065697
1991-10,Kurnool,116.79191007130967
1991-10,Mahbubnagar,88.12136298926981
1991-10,Medak,34.90071008857731
1991-10,Nalgonda,81.55071079095245
1991-10,Sri Potti Sriramulu Nellore,279.34379236028445
1991-10,Nizamabad,17.309840115540307
1991-10,Prakasam,174.5741295199483
1991-10,Rangareddy,58.87079483605998
1991-10,Srikakulam,179.88130679723085
1991-10,Visakhapatnam,203.33183114919385
1991-10,Vizianagaram,149.82926825149696
1991-10,Warangal,54.50617776817731
1991-10,West Godavari,246.91234057691278
1991-11,Adilabad,13.838692077054095
1991-11,Anantapur,37.75462260870662
1991-11,Chittoor,159.78500565439353
1991-11,Y.s.r.,124.48365372701537
1991-11,East Godavari,141.68528480634149
1991-11,Guntur,129.0353846304501
1991-11,Hyderabad,24.102840033472546
1991-11,Karimnagar,19.301468000398117
1991-11,Khammam,85.03794405919331
1991-11,Krishna,151.07843059015966
1991-11,Kurnool,31.704024632785032
1991-11,Mahbubnagar,28.687678840787733
1991-11,Medak,11.396125375571978
1991-11,Nalgonda,45.66576003151146
1991-11,Sri Potti Sriramulu Nellore,319.80399535160166
1991-11,Nizamabad,9.464985304594368
1991-11,Prakasam,166.5420791378285
1991-11,Rangareddy,16.099105004261304
1991-11,Srikakulam,111.39523379007109
1991-11,Visakhapatnam,111.26823838028236
1991-11,Vizianagaram,101.23720276393121
1991-11,Warangal,33.623675111998175
1991-11,West Godavari,134.33313367731705
1991-12,Adilabad,1.088125085474579
1991-12,Anantapur,1.2982287581359497
1991-12,Chittoor,20.228055145115597
1991-12,Y.s.r.,11.618588260861886
1991-12,East Godavari,4.962808643187184
1991-12,Guntur,4.646981225527736
1991-12,Hyderabad,3.39202907849284
1991-12,Karimnagar,2.5560993869384387
1991-12,Khammam,3.2436860139689268
1991-12,Krishna,4.4162233250502085
1991-12,Kurnool,0.710587291677104
1991-12,Mahbubnagar,1.055564813506232
1991-12,Medak,1.585657449029464
1991-12,Nalgonda,1.0219743932827516
1991-12,Sri Potti Sriramulu Nellore,24.260592105817416
1991-12,Nizamabad,1.2463884470252853
1991-12,Prakasam,6.544461891880644
1991-12,Rangareddy,1.8533877313479694
1991-12,Srikakulam,0.0941423707113069
1991-12,Visakhapatnam,2.611329149717531
1991-12,Vizianagaram,0.3297805586465375
1991-12,Warangal,3.2909900405291785
1991-12,West Godavari,5.982692420903389
1992-01,Adilabad,10.46801060301734
1992-01,Anantapur,0.41335107999393866
1992-01,Chittoor,7.4975502104433245
1992-01,Y.s.r.,4.107027619706516
1992-01,East Godavari,5.088254536778795
1992-01,Guntur,0.5684361462916846
1992-01,Hyderabad,0.4045152299998261
1992-01,Karimnagar,7.283372621108015
1992-01,Khammam,4.029844930861715
1992-01,Krishna,0.11969463527546134
1992-01,Kurnool,0.40043473173990074
1992-01,Mahbubnagar,0.34960468301551106
1992-01,Medak,1.764633081274338
1992-01,Nalgonda,2.826395211991651
1992-01,Sri Potti Sriramulu Nellore,3.6958117412266787
1992-01,Nizamabad,7.778779633536874
1992-01,Prakasam,0.655390492614638
1992-01,Rangareddy,0.14718608574307512
1992-01,Srikakulam,3.265804716820025
1992-01,Visakhapatnam,6.215267627847786
1992-01,Vizianagaram,3.6965868577754097
1992-01,Warangal,3.748965980845341
1992-01,West Godavari,1.277811815439497
1992-02,Adilabad,7.75645109247506
1992-02,Anantapur,0.008555319725037293
1992-02,Chittoor,0.10399702778549362
1992-02,Y.s.r.,0.015780887196012373
1992-02,East Godavari,2.988748521032889
1992-02,Guntur,0.19508437102543322
1992-02,Hyderabad,0.13349761091003912
1992-02,Karimnagar,6.210866048520415
1992-02,Khammam,5.479991138113383
1992-02,Krishna,2.4142536558907506
1992-02,Kurnool,0.0
1992-02,Mahbubnagar,0.02454711332555456
1992-02,Medak,1.1995259298570453
1992-02,Nalgonda,2.6910607827305224
1992-02,Sri Potti Sriramulu Nellore,0.0
1992-02,Nizamabad,3.2733055529495014
1992-02,Prakasam,0.02596780857494721
1992-02,Rangareddy,0.21762727063838141
1992-02,Srikakulam,8.807314802840338
1992-02,Visakhapatnam,7.2080731937588
1992-02,Vizianagaram,8.877782092922256
1992-02,Warangal,6.748877326880454
1992-02,West Godavari,3.1864451162355496
1992-03,Adilabad,9.011295912559742
1992-03,Anantapur,0.008546682519235446
1992-03,Chittoor,2.637761480180107
1992-03,Y.s.r.,0.30212814021935963
1992-03,East Godavari,0.2650162022805817
1992-03,Guntur,0.005991908636410328
1992-03,Hyderabad,6.355572793321702
1992-03,Karimnagar,5.852582364667278
1992-03,Khammam,0.3324251746389212
1992-03,Krishna,0.32551343576706465
1992-03,Kurnool,0.0
1992-03,Mahbubnagar,0.14301152751862117
1992-03,Medak,4.637596886472136
1992-03,Nalgonda,2.704419377554722
1992-03,Sri Potti Sriramulu Nellore,0.04332878277632498
1992-03,Nizamabad,6.011386102982275
1992-03,Prakasam,0.008421484211584588
1992-03,Rangareddy,2.3435894411390765
1992-03,Srikakulam,6.463679650215319
1992-03,Visakhapatnam,4.846354927785866
1992-03,Vizianagaram,7.219868549563048
1992-03,Warangal,0.6789064270270476
1992-03,West Godavari,0.21268578841751082
1992-04,Adilabad,11.556793753259708
1992-04,Anantapur,13.41776499432802
1992-04,Chittoor,8.075326852262007
1992-04,Y.s.r.,4.253974296891239
1992-04,East Godavari,3.1600175649850284
1992-04,Guntur,5.3181803903568285
1992-04,Hyderabad,15.811792699573108
1992-04,Karimnagar,13.017943529868152
1992-04,Khammam,7.788546946069808
1992-04,Krishna,3.366124979246057
1992-04,Kurnool,13.627014866896474
1992-04,Mahbubnagar,14.912775942866464
1992-04,Medak,17.863144991625635
1992-04,Nalgonda,9.81721758209464
1992-04,Sri Potti Sriramulu Nellore,2.6867623365924467
1992-04,Nizamabad,12.0315635396181
1992-04,Prakasam,5.0880293896038475
1992-04,Rangareddy,19.120644722509322
1992-04,Srikakulam,10.038300844688735
1992-04,Visakhapatnam,11.107548160173998
1992-04,Vizianagaram,12.119045984405714
1992-04,Warangal,10.488441264437316
1992-04,West Godavari,0.997050925484883
1992-05,Adilabad,14.321901920336574
1992-05,Anantapur,51.35572323343874
1992-05,Chittoor,41.48472435022417
1992-05,Y.s.r.,37.960038690603106
1992-05,East Godavari,48.700864229371966
1992-05,Guntur,34.2103228703023
1992-05,Hyderabad,25.205380172173953
1992-05,Karimnagar,16.591814030668875
1992-05,Khammam,44.97267356331446
1992-05,Krishna,44.80876958622885
1992-05,Kurnool,40.550492868484916
1992-05,Mahbubnagar,37.89503174903914
1992-05,Medak,20.313336096158675
1992-05,Nalgonda,27.93955573232329
1992-05,Sri Potti Sriramulu Nellore,19.38803517558949
1992-05,Nizamabad,17.397005849306556
1992-05,Prakasam,29.805514608659195
1992-05,Rangareddy,30.762589893188995
1992-05,Srikakulam,63.62690891708105
1992-05,Visakhapatnam,68.31603849109896
1992-05,Vizianagaram,71.16469754316857
1992-05,Warangal,30.08011759119393
1992-05,West Godavari,44.55210131104516
1992-06,Adilabad,138.6077114445326
1992-06,Anantapur,34.19093146980358
1992-06,Chittoor,63.99045414291952
1992-06,Y.s.r.,46.630609167121825
1992-06,East Godavari,128.8589303347434
1992-06,Guntur,76.93953069279787
1992-06,Hyderabad,90.63993482682311
1992-06,Karimnagar,137.6548329980235
1992-06,Khammam,138.20974347288757
1992-06,Krishna,87.79900033606428
1992-06,Kurnool,67.28074169662294
1992-06,Mahbubnagar,81.55454796993227
1992-06,Medak,107.09323748384716
1992-06,Nalgonda,102.22445206895395
1992-06,Sri Potti Sriramulu Nellore,26.001815378409717
1992-06,Nizamabad,113.20989207741157
1992-06,Prakasam,58.83673299783163
1992-06,Rangareddy,91.73307821352157
1992-06,Srikakulam,137.22358352782732
1992-06,Visakhapatnam,161.10207563150385
1992-06,Vizianagaram,163.59500658338433
1992-06,Warangal,139.72559390126682
1992-06,West Godavari,107.70403505853973
1992-07,Adilabad,244.62779729345877
1992-07,Anantapur,23.872028901116813
1992-07,Chittoor,97.26832298607064
1992-07,Y.s.r.,84.37290636907086
1992-07,East Godavari,303.16833591475415
1992-07,Guntur,156.38846161031955
1992-07,Hyderabad,118.94465239719278
1992-07,Karimnagar,220.71865700995627
1992-07,Khammam,319.94936111691436
1992-07,Krishna,226.5013939539926
1992-07,Kurnool,88.71296622006025
1992-07,Mahbubnagar,120.45819821896902
1992-07,Medak,143.12156994210443
1992-07,Nalgonda,163.98426527368153
1992-07,Sri Potti Sriramulu Nellore,80.40347076036733
1992-07,Nizamabad,184.97395437276236
1992-07,Prakasam,98.3410195691741
1992-07,Rangareddy,133.94195630592563
1992-07,Srikakulam,376.63528308682675
1992-07,Visakhapatnam,346.6347026428194
1992-07,Vizianagaram,432.81986303550696
1992-07,Warangal,248.24952577078037
1992-07,West Godavari,270.39323813809176
1992-08,Adilabad,415.84222880695233
1992-08,Anantapur,49.21446264708859
1992-08,Chittoor,96.92591563338223
1992-08,Y.s.r.,87.81132981062001
1992-08,East Godavari,314.61459614297644
1992-08,Guntur,184.85082499678043
1992-08,Hyderabad,227.94804060636596
1992-08,Karimnagar,343.51724052255105
1992-08,Khammam,347.3279208708662
1992-08,Krishna,235.26964178991412
1992-08,Kurnool,116.7964813338444
1992-08,Mahbubnagar,206.05109782626232
1992-08,Medak,311.2127383642764
1992-08,Nalgonda,196.24104225232725
1992-08,Sri Potti Sriramulu Nellore,85.93941759018253
1992-08,Nizamabad,384.9615480840675
1992-08,Prakasam,141.7246013828662
1992-08,Rangareddy,255.20102421123613
1992-08,Srikakulam,246.15901403646396
1992-08,Visakhapatnam,355.89709198855707
1992-08,Vizianagaram,299.95897355761014
1992-08,Warangal,311.30564142346566
1992-08,West Godavari,293.12886351749313
1992-09,Adilabad,111.69464530456304
1992-09,Anantapur,59.907687493858354
1992-09,Chittoor,81.02494368115707
1992-09,Y.s.r.,92.21966888608536
1992-09,East Godavari,210.34220067097428
1992-09,Guntur,155.21056187545477
1992-09,Hyderabad,99.34740639473627
1992-09,Karimnagar,79.33596671069448
1992-09,Khammam,166.6242641566519
1992-09,Krishna,186.02812676459754
1992-09,Kurnool,68.43499466467355
1992-09,Mahbubnagar,60.30640110194608
1992-09,Medak,78.63761249991647
1992-09,Nalgonda,113.46399663321161
1992-09,Sri Potti Sriramulu Nellore,82.16436313665164
1992-09,Nizamabad,86.96919044391721
1992-09,Prakasam,108.98538122875475
1992-09,Rangareddy,95.59367988887017
1992-09,Srikakulam,223.06995037532403
1992-09,Visakhapatnam,238.14008153647646
1992-09,Vizianagaram,236.95057254829484
1992-09,Warangal,105.86711635529488
1992-09,West Godavari,212.06451107829199
1992-10,Adilabad,40.06199467891117
1992-10,Anantapur,112.35548877583484
1992-10,Chittoor,158.84033864305155
1992-10,Y.s.r.,127.96884513656438
1992-10,East Godavari,197.1599530672372
1992-10,Guntur,106.65309834655665
1992-10,Hyderabad,51.70224914257581
1992-10,Karimnagar,47.84719448409692
1992-10,Khammam,107.01105738449462
1992-10,Krishna,138.05391286865387
1992-10,Kurnool,77.38664899621116
1992-10,Mahbubnagar,63.125993740811204
1992-10,Medak,49.772190712965944
1992-10,Nalgonda,76.25834660025505
1992-10,Sri Potti Sriramulu Nellore,144.4837989902255
1992-10,Nizamabad,39.96334976189132
1992-10,Prakasam,105.96745317220221
1992-10,Rangareddy,58.07438226066234
1992-10,Srikakulam,164.9944447356469
1992-10,Visakhapatnam,160.78048952853644
1992-10,Vizianagaram,137.85502264469815
1992-10,Warangal,59.97311551091863
1992-10,West Godavari,200.3885638032006
1992-11,Adilabad,9.743829520264947
1992-11,Anantapur,36.16310065037143
1992-11,Chittoor,101.74599975214173
1992-11,Y.s.r.,63.66371075082735
1992-11,East Godavari,118.23070373777445
1992-11,Guntur,62.58397410900677
1992-11,Hyderabad,16.62175320899988
1992-11,Karimnagar,15.36665435518199
1992-11,Khammam,38.029511988103124
1992-11,Krishna,110.35878089450668
1992-11,Kurnool,29.703026472975587
1992-11,Mahbubnagar,24.638017770528318
1992-11,Medak,16.122530584781668
1992-11,Nalgonda,18.554471821687137
1992-11,Sri Potti Sriramulu Nellore,266.19968710455623
1992-11,Nizamabad,11.776205983082757
1992-11,Prakasam,84.78429338370924
1992-11,Rangareddy,18.828695307155876
1992-11,Srikakulam,184.6401349403011
1992-11,Visakhapatnam,103.50177127490758
1992-11,Vizianagaram,88.52755900326241
1992-11,Warangal,17.456104194943034
1992-11,West Godavari,91.07477323672833
1992-12,Adilabad,0.7936681163174881
1992-12,Anantapur,2.07544729648363
1992-12,Chittoor,22.968347191130487
1992-12,Y.s.r.,14.538341858581246
1992-12,East Godavari,0.5288448104465706
1992-12,Guntur,0.6732483617092809
1992-12,Hyderabad,0.0
1992-12,Karimnagar,0.89273070607504
1992-12,Khammam,0.0
1992-12,Krishna,0.0
1992-12,Kurnool,0.8528972874553039
1992-12,Mahbubnagar,0.5597567064600973
1992-12,Medak,0.0
1992-12,Nalgonda,0.0
1992-12,Sri Potti Sriramulu Nellore,31.091410328227468
1992-12,Nizamabad,0.15631904751550307
1992-12,Prakasam,5.188075611640294
1992-12,Rangareddy,0.0
1992-12,Srikakulam,0.0
1992-12,Visakhapatnam,0.9015742260777935
1992-12,Vizianagaram,0.05312315008015356
1992-12,Warangal,0.2768905162779165
1992-12,West Godavari,0.14756243973324973
1993-01,Adilabad,10.431772110623426
1993-01,Anantapur,2.650773270187958
1993-01,Chittoor,8.913370040113385
1993-01,Y.s.r.,7.185621676137563
1993-01,East Godavari,8.119454223768257
1993-01,Guntur,5.231002693202492
1993-01,Hyderabad,3.549785978971561
1993-01,Karimnagar,7.425318611470135
1993-01,Khammam,6.4444968215357665
1993-01,Krishna,5.087852319642718
1993-01,Kurnool,2.534226003921469
1993-01,Mahbubnagar,2.836407732023539
1993-01,Medak,2.7711990235113317
1993-01,Nalgonda,5.363527259473365
1993-01,Sri Potti Sriramulu Nellore,8.069387618596162
1993-01,Nizamabad,7.782557391466819
1993-01,Prakasam,6.667564104186491
1993-01,Rangareddy,3.130416924466513
1993-01,Srikakulam,4.184756400673842
1993-01,Visakhapatnam,9.275334358204535
1993-01,Vizianagaram,6.919167231156662
1993-01,Warangal,5.541481121170489
1993-01,West Godavari,6.4143290914788205
1993-02,Adilabad,11.150791991595366
1993-02,Anantapur,0.008040487010913732
1993-02,Chittoor,1.185818532311961
1993-02,Y.s.r.,0.010254505655233555
1993-02,East Godavari,2.8323832901480555
1993-02,Guntur,0.17193362649674027
1993-02,Hyderabad,0.13164055447748177
1993-02,Karimnagar,7.04613299254571
1993-02,Khammam,5.444422098496338
1993-02,Krishna,2.2552987699455906
1993-02,Kurnool,0.0
1993-02,Mahbubnagar,0.07056135727245656
1993-02,Medak,0.9391274499130648
1993-02,Nalgonda,2.517948192367008
1993-02,Sri Potti Sriramulu Nellore,0.5961782173570616
1993-02,Nizamabad,3.058086608739182
1993-02,Prakasam,0.017242935460437776
1993-02,Rangareddy,0.15877269269486638
1993-02,Srikakulam,7.6421355950384715
1993-02,Visakhapatnam,6.986738585272261
1993-02,Vizianagaram,8.153757653836552
1993-02,Warangal,7.141988487074429
1993-02,West Godavari,2.8815232142401266
1993-03,Adilabad,21.588559740632313
1993-03,Anantapur,1.1400503046450128
1993-03,Chittoor,7.012415566062389
1993-03,Y.s.r.,2.3429004832058355
1993-03,East Godavari,7.62280189056775
1993-03,Guntur,1.96046458352935
1993-03,Hyderabad,10.869318338042325
1993-03,Karimnagar,12.97783920637602
1993-03,Khammam,8.276520421095363
1993-03,Krishna,2.3809106597882157
1993-03,Kurnool,1.444930446812216
1993-03,Mahbubnagar,5.365348946506643
1993-03,Medak,9.842115213809274
1993-03,Nalgonda,6.063747964115061
1993-03,Sri Potti Sriramulu Nellore,1.8824100601013374
1993-03,Nizamabad,12.414990311282715
1993-03,Prakasam,3.585038993501555
1993-03,Rangareddy,8.193074865691335
1993-03,Srikakulam,8.326031517069431
1993-03,Visakhapatnam,11.037281228477278
1993-03,Vizianagaram,9.694640873321225
1993-03,Warangal,7.313947170719655
1993-03,West Godavari,4.746202780901493
1993-04,Adilabad,10.605569389160655
1993-04,Anantapur,14.9431589402393
1993-04,Chittoor,8.976893933969874
1993-04,Y.s.r.,6.045181046439925
1993-04,East Godavari,10.93962474134826
1993-04,Guntur,3.294148194852541
1993-04,Hyderabad,17.271506912577113
1993-04,Karimnagar,12.635546411246745
1993-04,Khammam,11.311177386738926
1993-04,Krishna,6.230327158387543
1993-04,Kurnool,13.024458640930144
1993-04,Mahbubnagar,12.989082667560112
1993-04,Medak,15.848165818952266
1993-04,Nalgonda,10.306493832181445
1993-04,Sri Potti Sriramulu Nellore,2.861546647217429
1993-04,Nizamabad,11.552587347783527
1993-04,Prakasam,5.757730039329159
1993-04,Rangareddy,17.17564458403292
1993-04,Srikakulam,26.292075418864382
1993-04,Visakhapatnam,26.553311651985524
1993-04,Vizianagaram,27.720404211635795
1993-04,Warangal,11.761390429373034
1993-04,West Godavari,6.191151279238638
1993-05,Adilabad,21.5158491099302
1993-05,Anantapur,46.962949883444736
1993-05,Chittoor,47.32357761338921
1993-05,Y.s.r.,50.901364949345016
1993-05,East Godavari,48.7406182192208
1993-05,Guntur,36.25512660699255
1993-05,Hyderabad,26.908903357743448
1993-05,Karimnagar,23.53253084347898
1993-05,Khammam,57.20150972373889
1993-05,Krishna,44.02725341692147
1993-05,Kurnool,40.70382769817833
1993-05,Mahbubnagar,39.158512265368394
1993-05,Medak,25.53957451547088
1993-05,Nalgonda,29.05390170664777
1993-05,Sri Potti Sriramulu Nellore,35.28156591113943
1993-05,Nizamabad,20.843741468886382
1993-05,Prakasam,37.70459399252465
1993-05,Rangareddy,33.25401917288407
1993-05,Srikakulam,60.54252308279115
1993-05,Visakhapatnam,67.32830473477466
1993-05,Vizianagaram,74.85384110892127
1993-05,Warangal,31.858141322098167
1993-05,West Godavari,45.66903453721533
1993-06,Adilabad,130.3295907188398
1993-06,Anantapur,21.973286177242656
1993-06,Chittoor,62.76192553406979
1993-06,Y.s.r.,40.485511598292014
1993-06,East Godavari,72.9840728320737
1993-06,Guntur,50.17123789602861
1993-06,Hyderabad,56.51132521829944
1993-06,Karimnagar,117.87535116197033
1993-06,Khammam,91.32030794978857
1993-06,Krishna,61.28386854895067
1993-06,Kurnool,37.39170476506862
1993-06,Mahbubnagar,42.61960882514058
1993-06,Medak,101.15349001111639
1993-06,Nalgonda,60.88601909570294
1993-06,Sri Potti Sriramulu Nellore,31.630233525801447
1993-06,Nizamabad,106.65602033540556
1993-06,Prakasam,33.3130407449607
1993-06,Rangareddy,70.4668197137342
1993-06,Srikakulam,118.9493384621176
1993-06,Visakhapatnam,98.57333990815826
1993-06,Vizianagaram,128.14937811267777
1993-06,Warangal,103.25049425920659
1993-06,West Godavari,68.3388996865841
1993-07,Adilabad,373.57943972091283
1993-07,Anantapur,24.498535664652902
1993-07,Chittoor,78.30446827022178
1993-07,Y.s.r.,73.84180554372153
1993-07,East Godavari,175.40859522070667
1993-07,Guntur,133.4864819948749
1993-07,Hyderabad,177.9145381242326
1993-07,Karimnagar,274.4405857475116
1993-07,Khammam,244.17241525889858
1993-07,Krishna,167.32613443470544
1993-07,Kurnool,80.22124592264552
1993-07,Mahbubnagar,154.27271020737018
1993-07,Medak,239.33129528623365
1993-07,Nalgonda,172.79092979198313
1993-07,Sri Potti Sriramulu Nellore,66.98850235113726
1993-07,Nizamabad,336.281987011241
1993-07,Prakasam,82.6055156528167
1993-07,Rangareddy,184.29672466767792
1993-07,Srikakulam,190.60390431015585
1993-07,Visakhapatnam,197.25835394295567
1993-07,Vizianagaram,212.9171394207318
1993-07,Warangal,237.86586458866637
1993-07,West Godavari,189.51233839669675
1993-08,Adilabad,187.5789291226763
1993-08,Anantapur,71.91461263652926
1993-08,Chittoor,141.13647464161238
1993-08,Y.s.r.,114.39247549000888
1993-08,East Godavari,224.7416915261144
1993-08,Guntur,139.60671325297824
1993-08,Hyderabad,174.97806501481136
1993-08,Karimnagar,174.13017326424364
1993-08,Khammam,240.08064324212253
1993-08,Krishna,161.34449863445488
1993-08,Kurnool,147.62687785478232
1993-08,Mahbubnagar,227.66486614694466
1993-08,Medak,171.68390687767885
1993-08,Nalgonda,165.77523170072874
1993-08,Sri Potti Sriramulu Nellore,108.86776783248106
1993-08,Nizamabad,191.42086679731455
1993-08,Prakasam,154.89471772159766
1993-08,Rangareddy,202.75023913048875
1993-08,Srikakulam,226.13449349871402
1993-08,Visakhapatnam,257.62473475841085
1993-08,Vizianagaram,277.34787062287404
1993-08,Warangal,177.38326967603308
1993-08,West Godavari,217.459952467265
1993-09,Adilabad,229.28631053932685
1993-09,Anantapur,81.3086002046482
1993-09,Chittoor,97.45273136528931
1993-09,Y.s.r.,81.21469027507241
1993-09,East Godavari,266.8800464078472
1993-09,Guntur,140.67134654443805
1993-09,Hyderabad,101.56678795737355
1993-09,Karimnagar,221.25827587552465
1993-09,Khammam,222.00524697967222
1993-09,Krishna,183.66695838135823
1993-09,Kurnool,92.51472951135877
1993-09,Mahbubnagar,88.59423692813422
1993-09,Medak,149.31111296671307
1993-09,Nalgonda,122.46518632124406
1993-09,Sri Potti Sriramulu Nellore,70.07917250974701
1993-09,Nizamabad,185.81701333518103
1993-09,Prakasam,99.23160122222329
1993-09,Rangareddy,108.87804317698178
1993-09,Srikakulam,277.0844531595424
1993-09,Visakhapatnam,305.5965316162725
1993-09,Vizianagaram,310.3138028495261
1993-09,Warangal,214.43255650957113
1993-09,West Godavari,239.0414353327294
1993-10,Adilabad,110.14437244023512
1993-10,Anantapur,187.86657246877314
1993-10,Chittoor,239.46607292851084
1993-10,Y.s.r.,254.2023943180496
1993-10,East Godavari,284.04414786967686
1993-10,Guntur,223.6006866612337
1993-10,Hyderabad,147.07388915336634
1993-10,Karimnagar,131.63765886301266
1993-10,Khammam,181.53774716812114
1993-10,Krishna,275.3590805189447
1993-10,Kurnool,174.07917938450552
1993-10,Mahbubnagar,154.31236543139877
1993-10,Medak,163.6758559891011
1993-10,Nalgonda,153.05684313938494
1993-10,Sri Potti Sriramulu Nellore,390.46992534214576
1993-10,Nizamabad,139.99965195268118
1993-10,Prakasam,244.5825862952728
1993-10,Rangareddy,162.88271230167598
1993-10,Srikakulam,198.0368372444082
1993-10,Visakhapatnam,207.62126806235588
1993-10,Vizianagaram,200.19508494216666
1993-10,Warangal,145.6670067544046
1993-10,West Godavari,358.0642891274549
1993-11,Adilabad,7.051715262693315
1993-11,Anantapur,43.76412323543542
1993-11,Chittoor,89.44384676919668
1993-11,Y.s.r.,85.21720751087648
1993-11,East Godavari,42.81632924804255
1993-11,Guntur,35.994055386903526
1993-11,Hyderabad,10.246175527109681
1993-11,Karimnagar,8.973644956957855
1993-11,Khammam,22.401902946402757
1993-11,Krishna,28.950737708653495
1993-11,Kurnool,25.334704116972127
1993-11,Mahbubnagar,17.084971151067748
1993-11,Medak,8.674583471780736
1993-11,Nalgonda,14.405683331683575
1993-11,Sri Potti Sriramulu Nellore,167.00656113911697
1993-11,Nizamabad,8.517720492263136
1993-11,Prakasam,70.04648972513492
1993-11,Rangareddy,10.510539820403183
1993-11,Srikakulam,11.414299158711135
1993-11,Visakhapatnam,35.0387288923054
1993-11,Vizianagaram,20.00717290163445
1993-11,Warangal,14.796478758253679
1993-11,West Godavari,22.951438649328168
1993-12,Adilabad,8.129833768995073
1993-12,Anantapur,15.530078897652649
1993-12,Chittoor,119.23860206797285
1993-12,Y.s.r.,58.84706593794649
1993-12,East Godavari,10.940868464560749
1993-12,Guntur,30.941524827578085
1993-12,Hyderabad,19.293913997569902
1993-12,Karimnagar,18.519564996907427
1993-12,Khammam,10.50710210202755
1993-12,Krishna,19.995518407269007
1993-12,Kurnool,10.453144407027356
1993-12,Mahbubnagar,14.797335971008899
1993-12,Medak,17.69210086258309
1993-12,Nalgonda,15.25822424942909
1993-12,Sri Potti Sriramulu Nellore,126.45836411709385
1993-12,Nizamabad,12.150204051328839
1993-12,Prakasam,38.96534172446123
1993-12,Rangareddy,18.36461244792533
1993-12,Srikakulam,3.148965934113666
1993-12,Visakhapatnam,6.212201217538398
1993-12,Vizianagaram,2.8022847642183897
1993-12,Warangal,15.138547858808712
1993-12,West Godavari,13.196106731359588
1994-01,Adilabad,14.015447519706832
1994-01,Anantapur,0.5059369014660466
1994-01,Chittoor,6.970835956438376
1994-01,Y.s.r.,3.74943567537839
1994-01,East Godavari,2.2924353895778453
1994-01,Guntur,1.5270238355730141
1994-01,Hyderabad,11.839731644040944
1994-01,Karimnagar,11.909407013470753
1994-01,Khammam,3.627219435024991
1994-01,Krishna,0.2043828742242652
1994-01,Kurnool,0.6387458754620722
1994-01,Mahbubnagar,2.1623731367176386
1994-01,Medak,7.828573591121332
1994-01,Nalgonda,9.169465594206146
1994-01,Sri Potti Sriramulu Nellore,3.4276833875739294
1994-01,Nizamabad,11.608731178527039
1994-01,Prakasam,0.9749741143943762
1994-01,Rangareddy,6.795406336030414
1994-01,Srikakulam,2.244788892433545
1994-01,Visakhapatnam,1.8419372473976816
1994-01,Vizianagaram,1.9050871084140901
1994-01,Warangal,8.110079039879306
1994-01,West Godavari,0.4683334597887145
1994-02,Adilabad,10.384474143262377
1994-02,Anantapur,0.021935666624041044
1994-02,Chittoor,0.5140956185519219
1994-02,Y.s.r.,0.22194862377409386
1994-02,East Godavari,9.17437272445248
1994-02,Guntur,8.543781212131714
1994-02,Hyderabad,7.018361339831429
1994-02,Karimnagar,9.043808887092949
1994-02,Khammam,9.418386255088203
1994-02,Krishna,14.659823806393103
1994-02,Kurnool,0.0
1994-02,Mahbubnagar,1.3675726416037848
1994-02,Medak,6.233565229529314
1994-02,Nalgonda,6.467580086215774
1994-02,Sri Potti Sriramulu Nellore,1.2127700548573255
1994-02,Nizamabad,6.117478169935416
1994-02,Prakasam,3.2541558634271457
1994-02,Rangareddy,5.016392627271682
1994-02,Srikakulam,9.474575610973066
1994-02,Visakhapatnam,9.549048888847167
1994-02,Vizianagaram,9.814000434542182
1994-02,Warangal,8.95267536916722
1994-02,West Godavari,12.00692319605965
1994-03,Adilabad,9.001442869587983
1994-03,Anantapur,0.0015473009901509345
1994-03,Chittoor,1.6993846978086307
1994-03,Y.s.r.,0.4281288616974915
1994-03,East Godavari,0.9872536208440862
1994-03,Guntur,0.0026695187615942825
1994-03,Hyderabad,6.433508339398886
1994-03,Karimnagar,5.8156355969467715
1994-03,Khammam,0.32250235422118667
1994-03,Krishna,0.15822053762227228
1994-03,Kurnool,0.0
1994-03,Mahbubnagar,0.10840372292313019
1994-03,Medak,4.7563497293108155
1994-03,Nalgonda,2.4363185271622463
1994-03,Sri Potti Sriramulu Nellore,0.41096693992530775
1994-03,Nizamabad,5.91396789815756
1994-03,Prakasam,0.016769101685121093
1994-03,Rangareddy,2.4231513273827514
1994-03,Srikakulam,6.353100237351328
1994-03,Visakhapatnam,6.874816568501893
1994-03,Vizianagaram,7.214663786542115
1994-03,Warangal,0.6924493859978801
1994-03,West Godavari,0.0547031304967685
1994-04,Adilabad,15.340540896557494
1994-04,Anantapur,14.580464204467665
1994-04,Chittoor,19.078935219731825
1994-04,Y.s.r.,11.707424229459159
1994-04,East Godavari,27.539030565123348
1994-04,Guntur,17.530860930666705
1994-04,Hyderabad,23.319949773214393
1994-04,Karimnagar,20.342273534455792
1994-04,Khammam,26.467093238937757
1994-04,Krishna,14.306462261962158
1994-04,Kurnool,23.99155208938942
1994-04,Mahbubnagar,21.380118546806997
1994-04,Medak,26.417413577104647
1994-04,Nalgonda,21.516204922674376
1994-04,Sri Potti Sriramulu Nellore,10.817661783959812
1994-04,Nizamabad,18.855582789493795
1994-04,Prakasam,21.244882362899283
1994-04,Rangareddy,25.94357528244446
1994-04,Srikakulam,28.38149823630419
1994-04,Visakhapatnam,39.50394661527466
1994-04,Vizianagaram,31.96828837949147
1994-04,Warangal,19.73209495217842
1994-04,West Godavari,15.957813246946149
1994-05,Adilabad,13.123726782205585
1994-05,Anantapur,82.93289472284555
1994-05,Chittoor,98.28874688267068
1994-05,Y.s.r.,83.17745969382094
1994-05,East Godavari,41.07817019973565
1994-05,Guntur,50.26900307927131
1994-05,Hyderabad,35.49411557083376
1994-05,Karimnagar,12.18018299360148
1994-05,Khammam,57.4673506034141
1994-05,Krishna,46.09063695696674
1994-05,Kurnool,68.55797034497198
1994-05,Mahbubnagar,63.95854681762726
1994-05,Medak,26.70593487936137
1994-05,Nalgonda,44.709864553482625
1994-05,Sri Potti Sriramulu Nellore,47.148985088789054
1994-05,Nizamabad,19.171861532229393
1994-05,Prakasam,61.768003619378305
1994-05,Rangareddy,47.26570403909788
1994-05,Srikakulam,40.80328976601515
1994-05,Visakhapatnam,55.04287265872926
1994-05,Vizianagaram,60.84219230519422
1994-05,Warangal,32.06447066863308
1994-05,West Godavari,38.20892938059614
1994-06,Adilabad,175.42530917774621
1994-06,Anantapur,19.566999505305596
1994-06,Chittoor,41.285107942839865
1994-06,Y.s.r.,34.87358145414921
1994-06,East Godavari,82.19007336438989
1994-06,Guntur,67.01641245806121
1994-06,Hyderabad,100.31965396813204
1994-06,Karimnagar,142.00242839219564
1994-06,Khammam,89.1107919541761
1994-06,Krishna,74.51042079510073
1994-06,Kurnool,58.60575521840322
1994-06,Mahbubnagar,88.96762751924993
1994-06,Medak,134.80536970628688
1994-06,Nalgonda,83.42197548674916
1994-06,Sri Potti Sriramulu Nellore,28.659647583327878
1994-06,Nizamabad,168.16118398232504
1994-06,Prakasam,48.40897683321415
1994-06,Rangareddy,121.33132238714889
1994-06,Srikakulam,110.2201819762926
1994-06,Visakhapatnam,98.44301472797774
1994-06,Vizianagaram,117.31958279136937
1994-06,Warangal,103.67561536596268
1994-06,West Godavari,90.76423416189792
1994-07,Adilabad,397.94888743460325
1994-07,Anantapur,33.48340352487371
1994-07,Chittoor,164.48844062465778
1994-07,Y.s.r.,129.10403903357673
1994-07,East Godavari,349.9730291573367
1994-07,Guntur,254.5711159383532
1994-07,Hyderabad,151.24202411491123
1994-07,Karimnagar,296.9454372763964
1994-07,Khammam,432.1949546877426
1994-07,Krishna,338.95846338639444
1994-07,Kurnool,107.58772910539761
1994-07,Mahbubnagar,169.70248300404052
1994-07,Medak,184.84259838534598
1994-07,Nalgonda,221.39934328788274
1994-07,Sri Potti Sriramulu Nellore,122.55068245826678
1994-07,Nizamabad,233.137678824333
1994-07,Prakasam,136.0530554528572
1994-07,Rangareddy,171.70064400952978
1994-07,Srikakulam,274.78761290291686
1994-07,Visakhapatnam,365.9257506644895
1994-07,Vizianagaram,432.7662608936729
1994-07,Warangal,327.4219271075991
1994-07,West Godavari,398.7096238835191
1994-08,Adilabad,291.429365653596
1994-08,Anantapur,64.90708734350886
1994-08,Chittoor,92.27151492855518
1994-08,Y.s.r.,108.42566999168706
1994-08,East Godavari,275.9948180565835
1994-08,Guntur,200.5061594188405
1994-08,Hyderabad,207.10518290232685
1994-08,Karimnagar,263.06309823449897
1994-08,Khammam,337.8292784617973
1994-08,Krishna,211.98229785974334
1994-08,Kurnool,166.24741763777803
1994-08,Mahbubnagar,269.1686608020294
1994-08,Medak,269.0020291463697
1994-08,Nalgonda,233.56275654074864
1994-08,Sri Potti Sriramulu Nellore,118.86084956191598
1994-08,Nizamabad,289.0844200360793
1994-08,Prakasam,171.4856812045829
1994-08,Rangareddy,249.0280415564921
1994-08,Srikakulam,299.9485212767333
1994-08,Visakhapatnam,323.8851077093439
1994-08,Vizianagaram,324.96845345851943
1994-08,Warangal,261.4312876296045
1994-08,West Godavari,245.44334809934455
1994-09,Adilabad,134.49923918270042
1994-09,Anantapur,21.383346099207277
1994-09,Chittoor,39.00869526970185
1994-09,Y.s.r.,35.92908625920193
1994-09,East Godavari,125.99183143030255
1994-09,Guntur,55.21880416541221
1994-09,Hyderabad,41.72405327485217
1994-09,Karimnagar,100.23218458912501
1994-09,Khammam,114.7212879911819
1994-09,Krishna,83.52242892171711
1994-09,Kurnool,23.174449216250625
1994-09,Mahbubnagar,36.52518255502728
1994-09,Medak,43.12271042940708
1994-09,Nalgonda,54.740417536475384
1994-09,Sri Potti Sriramulu Nellore,36.48615095714978
1994-09,Nizamabad,67.93486139810318
1994-09,Prakasam,38.96486288993806
1994-09,Rangareddy,47.77650081192068
1994-09,Srikakulam,284.9974247936489
1994-09,Visakhapatnam,196.52599144032547
1994-09,Vizianagaram,262.50233017857187
1994-09,Warangal,92.7185128002636
1994-09,West Godavari,94.86515446427006
1994-10,Adilabad,111.70579041125688
1994-10,Anantapur,205.46585362841876
1994-10,Chittoor,253.3542615782636
1994-10,Y.s.r.,272.38049848884776
1994-10,East Godavari,304.8376935690805
1994-10,Guntur,315.4301040940244
1994-10,Hyderabad,248.46952934388585
1994-10,Karimnagar,171.23963997524936
1994-10,Khammam,223.70483362447823
1994-10,Krishna,317.6251549492146
1994-10,Kurnool,215.68354683326044
1994-10,Mahbubnagar,223.5215830216804
1994-10,Medak,210.63540397974998
1994-10,Nalgonda,254.9879559781548
1994-10,Sri Potti Sriramulu Nellore,415.17615553585034
1994-10,Nizamabad,170.81356515826647
1994-10,Prakasam,355.5762894410107
1994-10,Rangareddy,221.3760681817429
1994-10,Srikakulam,184.79768952860957
1994-10,Visakhapatnam,202.1732760065699
1994-10,Vizianagaram,159.81571967673253
1994-10,Warangal,209.84771590313647
1994-10,West Godavari,342.19143191475945
1994-11,Adilabad,10.441970784003209
1994-11,Anantapur,20.068716259577485
1994-11,Chittoor,77.99177182410556
1994-11,Y.s.r.,45.007407964843516
1994-11,East Godavari,34.350013105825006
1994-11,Guntur,42.71149059791388
1994-11,Hyderabad,20.36153940444625
1994-11,Karimnagar,12.16654837747434
1994-11,Khammam,21.805016416005973
1994-11,Krishna,56.53871740206373
1994-11,Kurnool,17.1652210127922
1994-11,Mahbubnagar,17.673426762402045
1994-11,Medak,15.018824146561428
1994-11,Nalgonda,16.016535460498332
1994-11,Sri Potti Sriramulu Nellore,163.36356469235875
1994-11,Nizamabad,14.383902076170754
1994-11,Prakasam,56.692088694214526
1994-11,Rangareddy,16.080675686156436
1994-11,Srikakulam,12.734693895586142
1994-11,Visakhapatnam,16.040701755475954
1994-11,Vizianagaram,11.878134708719278
1994-11,Warangal,14.739797443458182
1994-11,West Godavari,34.69932428305291
1994-12,Adilabad,0.8037012998549146
1994-12,Anantapur,1.7835348603547305
1994-12,Chittoor,22.645681074956887
1994-12,Y.s.r.,12.518100178252306
1994-12,East Godavari,1.0489448941431425
1994-12,Guntur,0.926716428164972
1994-12,Hyderabad,0.0
1994-12,Karimnagar,0.948154117210458
1994-12,Khammam,0.43426679152539494
1994-12,Krishna,0.9651931115520832
1994-12,Kurnool,0.8826854373725104
1994-12,Mahbubnagar,0.6698224583379284
1994-12,Medak,0.0
1994-12,Nalgonda,0.6816491881158488
1994-12,Sri Potti Sriramulu Nellore,28.76820211664645
1994-12,Nizamabad,0.15655269747431733
1994-12,Prakasam,4.058980150119979
1994-12,Rangareddy,0.0
1994-12,Srikakulam,1.6532374266531495
1994-12,Visakhapatnam,1.4753114765088955
1994-12,Vizianagaram,0.4784817228809005
1994-12,Warangal,0.906477466429823
1994-12,West Godavari,0.3380816764978742
1995-01,Adilabad,14.647206747345727
1995-01,Anantapur,1.3529949981000415
1995-01,Chittoor,15.741305280018581
1995-01,Y.s.r.,6.668694989070862
1995-01,East Godavari,5.235850502579075
1995-01,Guntur,0.8763934302855921
1995-01,Hyderabad,7.3301236722075815
1995-01,Karimnagar,9.164070941730007
1995-01,Khammam,4.225330809179256
1995-01,Krishna,0.1958481709153773
1995-01,Kurnool,0.7990431611831987
1995-01,Mahbubnagar,0.884204523120471
1995-01,Medak,4.314020269296979
1995-01,Nalgonda,5.567927854782371
1995-01,Sri Potti Sriramulu Nellore,5.985254094598639
1995-01,Nizamabad,9.207617247489102
1995-01,Prakasam,1.2524578118324285
1995-01,Rangareddy,3.842862618995974
1995-01,Srikakulam,2.9575075920534837
1995-01,Visakhapatnam,4.809495813599307
1995-01,Vizianagaram,2.731393261877649
1995-01,Warangal,5.875350548375379
1995-01,West Godavari,1.8051852457308608
1995-02,Adilabad,8.929507054090456
1995-02,Anantapur,0.008516952762871
1995-02,Chittoor,1.1126984269209923
1995-02,Y.s.r.,0.044235546929653424
1995-02,East Godavari,3.306823657071173
1995-02,Guntur,0.7314965428391428
1995-02,Hyderabad,0.13225167005964852
1995-02,Karimnagar,7.030500388807082
1995-02,Khammam,5.8427595136890895
1995-02,Krishna,4.557186586482992
1995-02,Kurnool,0.0
1995-02,Mahbubnagar,0.07068937340559753
1995-02,Medak,0.9234970062741074
1995-02,Nalgonda,2.572333069049914
1995-02,Sri Potti Sriramulu Nellore,0.08570644788290294
1995-02,Nizamabad,2.959475976545296
1995-02,Prakasam,0.10728372422765342
1995-02,Rangareddy,0.1763022714522312
1995-02,Srikakulam,8.083065980944008
1995-02,Visakhapatnam,7.0057082265676005
1995-02,Vizianagaram,8.358590809858569
1995-02,Warangal,7.16451873803747
1995-02,West Godavari,4.530634658294727
1995-03,Adilabad,49.25194255565617
1995-03,Anantapur,0.14252446540080016
1995-03,Chittoor,9.235032450552225
1995-03,Y.s.r.,1.972871499578469
1995-03,East Godavari,4.9927578536782145
1995-03,Guntur,0.5250586740289015
1995-03,Hyderabad,15.478888085899229
1995-03,Karimnagar,25.51331208373294
1995-03,Khammam,8.631876611473654
1995-03,Krishna,2.435911766579018
1995-03,Kurnool,0.006642055491386827
1995-03,Mahbubnagar,3.1533622481294215
1995-03,Medak,20.558775084105132
1995-03,Nalgonda,9.498559129171854
1995-03,Sri Potti Sriramulu Nellore,2.613929711969414
1995-03,Nizamabad,23.65693881511101
1995-03,Prakasam,0.3788622576068799
1995-03,Rangareddy,13.005776585615568
1995-03,Srikakulam,14.888895739056277
1995-03,Visakhapatnam,14.490557780663883
1995-03,Vizianagaram,16.512593489220507
1995-03,Warangal,13.059833657574764
1995-03,West Godavari,2.981070117590912
1995-04,Adilabad,12.333508603341558
1995-04,Anantapur,9.908571088531412
1995-04,Chittoor,9.631385943218698
1995-04,Y.s.r.,4.527035745294291
1995-04,East Godavari,8.767034271402732
1995-04,Guntur,0.09014248228558869
1995-04,Hyderabad,10.807723793937162
1995-04,Karimnagar,13.280445172669673
1995-04,Khammam,9.311283045612338
1995-04,Krishna,1.428070586641973
1995-04,Kurnool,8.032938475887027
1995-04,Mahbubnagar,7.86178454009706
1995-04,Medak,13.706702035291896
1995-04,Nalgonda,7.649459539914398
1995-04,Sri Potti Sriramulu Nellore,1.8912217106200993
1995-04,Nizamabad,10.955831269059898
1995-04,Prakasam,1.199498001045686
1995-04,Rangareddy,11.63713017866606
1995-04,Srikakulam,11.387123524361257
1995-04,Visakhapatnam,24.175396294745717
1995-04,Vizianagaram,19.45326189913318
1995-04,Warangal,11.88948754852866
1995-04,West Godavari,1.946238594198689
1995-05,Adilabad,16.378579068913297
1995-05,Anantapur,64.22750348222839
1995-05,Chittoor,114.18868307532942
1995-05,Y.s.r.,102.5777044113933
1995-05,East Godavari,103.64561220593366
1995-05,Guntur,110.69235628548057
1995-05,Hyderabad,41.14348793245827
1995-05,Karimnagar,20.076452318063083
1995-05,Khammam,118.51858931186857
1995-05,Krishna,135.18657056950283
1995-05,Kurnool,63.517638533145806
1995-05,Mahbubnagar,63.60505404587332
1995-05,Medak,25.767250322647406
1995-05,Nalgonda,62.521120450826636
1995-05,Sri Potti Sriramulu Nellore,86.79754451774316
1995-05,Nizamabad,18.607616622098192
1995-05,Prakasam,108.38093017781144
1995-05,Rangareddy,43.57384543253183
1995-05,Srikakulam,64.72499241881783
1995-05,Visakhapatnam,94.49759332292746
1995-05,Vizianagaram,76.0363634211918
1995-05,Warangal,47.99254573381832
1995-05,West Godavari,112.18895884617396
1995-06,Adilabad,148.7455880326111
1995-06,Anantapur,33.12884829383892
1995-06,Chittoor,69.32341811738239
1995-06,Y.s.r.,54.50844348438078
1995-06,East Godavari,123.47648919557588
1995-06,Guntur,81.96485226830796
1995-06,Hyderabad,93.15774766866443
1995-06,Karimnagar,135.6998645120035
1995-06,Khammam,122.3986454504388
1995-06,Krishna,105.78852177813069
1995-06,Kurnool,82.13432060238888
1995-06,Mahbubnagar,87.46936671090037
1995-06,Medak,140.6483214801479
1995-06,Nalgonda,99.98122296018533
1995-06,Sri Potti Sriramulu Nellore,37.40886465180098
1995-06,Nizamabad,136.7312095499347
1995-06,Prakasam,63.454556781240726
1995-06,Rangareddy,106.52043709566419
1995-06,Srikakulam,89.58294153128338
1995-06,Visakhapatnam,108.1783839580019
1995-06,Vizianagaram,98.31945732670798
1995-06,Warangal,119.67278785407024
1995-06,West Godavari,128.97838748254605
1995-07,Adilabad,445.5678038700752
1995-07,Anantapur,36.39678615432507
1995-07,Chittoor,152.45839476217148
1995-07,Y.s.r.,107.11874428840129
1995-07,East Godavari,285.17940009267227
1995-07,Guntur,167.05718058432007
1995-07,Hyderabad,221.65572813537125
1995-07,Karimnagar,358.34378882206613
1995-07,Khammam,339.2204985568292
1995-07,Krishna,231.7110802848136
1995-07,Kurnool,122.78846603128953
1995-07,Mahbubnagar,187.77369575090634
1995-07,Medak,329.87385693040585
1995-07,Nalgonda,203.30771144932078
1995-07,Sri Potti Sriramulu Nellore,100.46355063209732
1995-07,Nizamabad,347.23294938819964
1995-07,Prakasam,138.68899649756193
1995-07,Rangareddy,256.3419835930527
1995-07,Srikakulam,249.99018662855923
1995-07,Visakhapatnam,263.3441041982813
1995-07,Vizianagaram,303.9136543496812
1995-07,Warangal,311.49728110440407
1995-07,West Godavari,297.6229198732027
1995-08,Adilabad,275.7201797894422
1995-08,Anantapur,95.00089324586018
1995-08,Chittoor,238.3390664073632
1995-08,Y.s.r.,182.3572751883157
1995-08,East Godavari,273.82580289389216
1995-08,Guntur,236.40266185745023
1995-08,Hyderabad,268.39390416099025
1995-08,Karimnagar,254.39425591203877
1995-08,Khammam,374.7027912829626
1995-08,Krishna,226.41239782307207
1995-08,Kurnool,204.21465716822874
1995-08,Mahbubnagar,341.27630645469907
1995-08,Medak,276.51067733221555
1995-08,Nalgonda,304.990537712324
1995-08,Sri Potti Sriramulu Nellore,159.54535714099356
1995-08,Nizamabad,261.89714636978385
1995-08,Prakasam,259.88519654657085
1995-08,Rangareddy,290.51261402196354
1995-08,Srikakulam,165.22949521636147
1995-08,Visakhapatnam,290.75011647515726
1995-08,Vizianagaram,227.34523561828027
1995-08,Warangal,310.3660058379206
1995-08,West Godavari,253.5664055559801
1995-09,Adilabad,207.1237304606895
1995-09,Anantapur,140.41629495733514
1995-09,Chittoor,149.06728054343588
1995-09,Y.s.r.,150.05826624136122
1995-09,East Godavari,216.30399446293748
1995-09,Guntur,187.99080172403566
1995-09,Hyderabad,177.59025201411694
1995-09,Karimnagar,215.61081074102364
1995-09,Khammam,217.32454837705026
1995-09,Krishna,185.03623744970147
1995-09,Kurnool,121.40114031348499
1995-09,Mahbubnagar,160.97465763913235
1995-09,Medak,186.3620610945652
1995-09,Nalgonda,183.81954904128744
1995-09,Sri Potti Sriramulu Nellore,134.2531705073978
1995-09,Nizamabad,185.2594446879543
1995-09,Prakasam,177.75881103065504
1995-09,Rangareddy,179.0614541491454
1995-09,Srikakulam,260.9018660888669
1995-09,Visakhapatnam,237.12215109346127
1995-09,Vizianagaram,252.47912213065032
1995-09,Warangal,212.5525187235389
1995-09,West Godavari,203.82214536873127
1995-10,Adilabad,125.09674656228394
1995-10,Anantapur,105.35743123013076
1995-10,Chittoor,190.60604775544584
1995-10,Y.s.r.,147.28888588650835
1995-10,East Godavari,421.91078733587136
1995-10,Guntur,335.24945442800976
1995-10,Hyderabad,262.2112625782543
1995-10,Karimnagar,179.83983838435097
1995-10,Khammam,348.76864506217373
1995-10,Krishna,424.7560984300322
1995-10,Kurnool,116.80387513904346
1995-10,Mahbubnagar,179.6695366367007
1995-10,Medak,203.96227329923127
1995-10,Nalgonda,280.45634974888935
1995-10,Sri Potti Sriramulu Nellore,197.34729430667937
1995-10,Nizamabad,167.81461695087484
1995-10,Prakasam,235.88549697967318
1995-10,Rangareddy,218.87497697673646
1995-10,Srikakulam,497.70454514340287
1995-10,Visakhapatnam,370.34204721588486
1995-10,Vizianagaram,355.26146239419825
1995-10,Warangal,238.09442492356874
1995-10,West Godavari,536.928244945887
1995-11,Adilabad,9.01686990776319
1995-11,Anantapur,12.45978922516814
1995-11,Chittoor,28.14187815562962
1995-11,Y.s.r.,18.071933214007146
1995-11,East Godavari,62.86891724545803
1995-11,Guntur,11.412351030007658
1995-11,Hyderabad,11.254811286463319
1995-11,Karimnagar,10.81611566218801
1995-11,Khammam,21.574664576543768
1995-11,Krishna,20.785995375429316
1995-11,Kurnool,9.741555461255492
1995-11,Mahbubnagar,10.704329871079805
1995-11,Medak,11.931331826221175
1995-11,Nalgonda,10.428875033171883
1995-11,Sri Potti Sriramulu Nellore,59.5559062267538
1995-11,Nizamabad,11.325005822216799
1995-11,Prakasam,22.56399686447739
1995-11,Rangareddy,10.433119126232874
1995-11,Srikakulam,144.56216519263998
1995-11,Visakhapatnam,89.23940292686807
1995-11,Vizianagaram,125.92498643674962
1995-11,Warangal,11.216022428645347
1995-11,West Godavari,38.54362784507574
1995-12,Adilabad,0.0926695754461807
1995-12,Anantapur,1.2801129748113422
1995-12,Chittoor,12.59022211409655
1995-12,Y.s.r.,9.09355495944663
1995-12,East Godavari,0.5471164405045478
1995-12,Guntur,0.3647812338086937
1995-12,Hyderabad,0.0
1995-12,Karimnagar,0.012573279056305084
1995-12,Khammam,0.0
1995-12,Krishna,0.0
1995-12,Kurnool,0.6348493051539209
1995-12,Mahbubnagar,0.5055568681828726
1995-12,Medak,0.0
1995-12,Nalgonda,0.0
1995-12,Sri Potti Sriramulu Nellore,18.501652821720658
1995-12,Nizamabad,0.0
1995-12,Prakasam,3.416432197098665
1995-12,Rangareddy,0.0
1995-12,Srikakulam,0.0
1995-12,Visakhapatnam,0.9009542980862766
1995-12,Vizianagaram,0.05361104766868998
1995-12,Warangal,0.046638641288652645
1995-12,West Godavari,0.10647228397660215
1996-01,Adilabad,10.554620326588612
1996-01,Anantapur,0.49682533643088
1996-01,Chittoor,7.65390556749955
1996-01,Y.s.r.,4.419684044001367
1996-01,East Godavari,3.8450998684170874
1996-01,Guntur,0.5235317074192254
1996-01,Hyderabad,0.41907623624338686
1996-01,Karimnagar,7.33156188389843
1996-01,Khammam,3.992677027074884
1996-01,Krishna,0.060333402876764
1996-01,Kurnool,0.353161805268941
1996-01,Mahbubnagar,0.3931988531583546
1996-01,Medak,1.7648412139486238
1996-01,Nalgonda,2.8098983859501327
1996-01,Sri Potti Sriramulu Nellore,4.017982685777717
1996-01,Nizamabad,7.780231124490655
1996-01,Prakasam,0.5928958099305084
1996-01,Rangareddy,0.14849756388339982
1996-01,Srikakulam,2.3025951605590693
1996-01,Visakhapatnam,2.1062974817420392
1996-01,Vizianagaram,2.063992759747037
1996-01,Warangal,3.793495645874883
1996-01,West Godavari,0.7125544739101698
1996-02,Adilabad,10.240131080902477
1996-02,Anantapur,0.008530709324433436
1996-02,Chittoor,0.11572558212572633
1996-02,Y.s.r.,0.01573440155678748
1996-02,East Godavari,7.188159447758309
1996-02,Guntur,2.8302058572179316
1996-02,Hyderabad,0.13301430304073592
1996-02,Karimnagar,7.150533222508896
1996-02,Khammam,7.067704176465584
1996-02,Krishna,7.12629519688734
1996-02,Kurnool,0.0
1996-02,Mahbubnagar,0.07151283943034324
1996-02,Medak,1.0515492375844953
1996-02,Nalgonda,2.7468408266024276
1996-02,Sri Potti Sriramulu Nellore,0.0
1996-02,Nizamabad,3.1546903865193885
1996-02,Prakasam,0.2907753264003296
1996-02,Rangareddy,0.21866646179393553
1996-02,Srikakulam,7.92549535762423
1996-02,Visakhapatnam,8.539056670646435
1996-02,Vizianagaram,8.756263181983394
1996-02,Warangal,7.340760091656523
1996-02,West Godavari,7.562675456559403
1996-03,Adilabad,13.045523539477392
1996-03,Anantapur,2.5827331091947734
1996-03,Chittoor,7.355987299935435
1996-03,Y.s.r.,4.27416330968921
1996-03,East Godavari,0.42241571574228465
1996-03,Guntur,5.880497728975882
1996-03,Hyderabad,6.096311940190091
1996-03,Karimnagar,9.50663821537464
1996-03,Khammam,9.45166496778108
1996-03,Krishna,3.97584162157754
1996-03,Kurnool,1.1463657478682994
1996-03,Mahbubnagar,0.18024964023580659
1996-03,Medak,4.6787339731116155
1996-03,Nalgonda,7.983343219688267
1996-03,Sri Potti Sriramulu Nellore,4.977998783409511
1996-03,Nizamabad,7.011099945558973
1996-03,Prakasam,4.41779843140526
1996-03,Rangareddy,2.312635829843538
1996-03,Srikakulam,6.100262372168946
1996-03,Visakhapatnam,5.760900502535417
1996-03,Vizianagaram,6.9175626426845405
1996-03,Warangal,9.94621991460339
1996-03,West Godavari,0.7603299017205046
1996-04,Adilabad,18.03052005406349
1996-04,Anantapur,16.018269734389026
1996-04,Chittoor,50.72978056588419
1996-04,Y.s.r.,16.506824992365498
1996-04,East Godavari,23.77055653771137
1996-04,Guntur,18.340321421960073
1996-04,Hyderabad,30.208549005699776
1996-04,Karimnagar,24.299656534365813
1996-04,Khammam,26.49726521274544
1996-04,Krishna,15.108602663959223
1996-04,Kurnool,16.700814643337093
1996-04,Mahbubnagar,19.55161864259508
1996-04,Medak,25.505720761303394
1996-04,Nalgonda,25.787410085755152
1996-04,Sri Potti Sriramulu Nellore,17.45304012368749
1996-04,Nizamabad,16.526305713751942
1996-04,Prakasam,18.486916423208932
1996-04,Rangareddy,28.359611249246335
1996-04,Srikakulam,26.259168642901237
1996-04,Visakhapatnam,47.33024790282557
1996-04,Vizianagaram,48.2230749998345
1996-04,Warangal,27.849209892156505
1996-04,West Godavari,12.991302780610834
1996-05,Adilabad,10.473629922995482
1996-05,Anantapur,62.585381333577565
1996-05,Chittoor,53.004613797474086
1996-05,Y.s.r.,61.244756886363604
1996-05,East Godavari,25.013216789359586
1996-05,Guntur,25.036702831790215
1996-05,Hyderabad,18.790501222641332
1996-05,Karimnagar,9.784076880622296
1996-05,Khammam,32.64881142166673
1996-05,Krishna,28.351797334437304
1996-05,Kurnool,49.185818285319115
1996-05,Mahbubnagar,32.264340715253915
1996-05,Medak,13.22557715113743
1996-05,Nalgonda,18.14903929549603
1996-05,Sri Potti Sriramulu Nellore,32.61109317135192
1996-05,Nizamabad,9.936761452642825
1996-05,Prakasam,32.42083243464047
1996-05,Rangareddy,22.969775433898157
1996-05,Srikakulam,26.820841420839262
1996-05,Visakhapatnam,33.899631475267846
1996-05,Vizianagaram,33.09621327753798
1996-05,Warangal,18.635918277091857
1996-05,West Godavari,25.063304405154344
1996-06,Adilabad,87.84319382792019
1996-06,Anantapur,63.17253924746741
1996-06,Chittoor,155.85306752541823
1996-06,Y.s.r.,119.3800408882762
1996-06,East Godavari,274.78018237190037
1996-06,Guntur,190.12216497109733
1996-06,Hyderabad,119.53577856585432
1996-06,Karimnagar,129.06667206482035
1996-06,Khammam,227.00576247883512
1996-06,Krishna,226.99654656741032
1996-06,Kurnool,150.35665870888735
1996-06,Mahbubnagar,168.42782081977847
1996-06,Medak,106.42332432780765
1996-06,Nalgonda,186.3963115594243
1996-06,Sri Potti Sriramulu Nellore,93.78482749659564
1996-06,Nizamabad,81.38354547760356
1996-06,Prakasam,169.48608576204947
1996-06,Rangareddy,122.08850291596609
1996-06,Srikakulam,219.64840126301317
1996-06,Visakhapatnam,275.32945166564843
1996-06,Vizianagaram,259.81921048129584
1996-06,Warangal,183.25188400715678
1996-06,West Godavari,267.333447786504
1996-07,Adilabad,346.0836138642129
1996-07,Anantapur,18.423490387123117
1996-07,Chittoor,72.59241953144529
1996-07,Y.s.r.,63.49043658837251
1996-07,East Godavari,224.5709845505986
1996-07,Guntur,186.3110231793172
1996-07,Hyderabad,183.18067491833833
1996-07,Karimnagar,285.36137954670824
1996-07,Khammam,351.6996376797551
1996-07,Krishna,227.62850104827612
1996-07,Kurnool,82.48680870761645
1996-07,Mahbubnagar,152.59978427450326
1996-07,Medak,211.2522589782866
1996-07,Nalgonda,228.958547773586
1996-07,Sri Potti Sriramulu Nellore,62.04808719844201
1996-07,Nizamabad,266.92143227225654
1996-07,Prakasam,109.4451028055141
1996-07,Rangareddy,193.77428266257334
1996-07,Srikakulam,134.99532362784836
1996-07,Visakhapatnam,210.8920767920586
1996-07,Vizianagaram,185.64976569303164
1996-07,Warangal,323.60103938207624
1996-07,West Godavari,232.9991576276513
1996-08,Adilabad,379.0881363731164
1996-08,Anantapur,75.4142614016709
1996-08,Chittoor,128.819752321293
1996-08,Y.s.r.,117.54297779552215
1996-08,East Godavari,256.9823807863492
1996-08,Guntur,183.99614138683054
1996-08,Hyderabad,330.4325282601477
1996-08,Karimnagar,325.4047409477095
1996-08,Khammam,435.21320242223493
1996-08,Krishna,197.9848625437952
1996-08,Kurnool,144.07124081277357
1996-08,Mahbubnagar,292.4002699226311
1996-08,Medak,345.8645844727236
1996-08,Nalgonda,277.7522259145024
1996-08,Sri Potti Sriramulu Nellore,104.91569238435926
1996-08,Nizamabad,356.1852337278164
1996-08,Prakasam,151.53527248916987
1996-08,Rangareddy,358.0947900040371
1996-08,Srikakulam,196.22931919571025
1996-08,Visakhapatnam,347.81054564355065
1996-08,Vizianagaram,291.6418003551041
1996-08,Warangal,359.19184712490636
1996-08,West Godavari,226.72580293032482
1996-09,Adilabad,173.72616672771997
1996-09,Anantapur,171.86326874985846
1996-09,Chittoor,156.525258024642
1996-09,Y.s.r.,137.53386497273206
1996-09,East Godavari,156.49100633121773
1996-09,Guntur,134.17729344783143
1996-09,Hyderabad,159.07351325461008
1996-09,Karimnagar,175.722402773968
1996-09,Khammam,154.60582139626715
1996-09,Krishna,138.67321267799983
1996-09,Kurnool,163.73926078218526
1996-09,Mahbubnagar,155.20286892425068
1996-09,Medak,167.85428926627165
1996-09,Nalgonda,151.17959345244282
1996-09,Sri Potti Sriramulu Nellore,89.53661833416992
1996-09,Nizamabad,194.88317965846326
1996-09,Prakasam,118.7474899284356
1996-09,Rangareddy,170.34551303465938
1996-09,Srikakulam,94.81677239529014
1996-09,Visakhapatnam,144.71988691318646
1996-09,Vizianagaram,122.34458771542269
1996-09,Warangal,166.77619370070656
1996-09,West Godavari,144.0177132496231
1996-10,Adilabad,47.98965394638644
1996-10,Anantapur,154.06834365661453
1996-10,Chittoor,207.1047513455259
1996-10,Y.s.r.,190.91990249616228
1996-10,East Godavari,382.35220910306185
1996-10,Guntur,217.0188981229099
1996-10,Hyderabad,124.85925986836254
1996-10,Karimnagar,54.19086822318287
1996-10,Khammam,133.8151137089956
1996-10,Krishna,315.03104737776175
1996-10,Kurnool,149.13146024343027
1996-10,Mahbubnagar,134.00355950892788
1996-10,Medak,107.92446337670366
1996-10,Nalgonda,120.54724212417618
1996-10,Sri Potti Sriramulu Nellore,359.8888048360964
1996-10,Nizamabad,61.91539720990024
1996-10,Prakasam,223.05670014694257
1996-10,Rangareddy,124.26315568458227
1996-10,Srikakulam,192.8051617150337
1996-10,Visakhapatnam,256.7978683803345
1996-10,Vizianagaram,187.1493681555862
1996-10,Warangal,65.27854889066795
1996-10,West Godavari,422.9144990009065
1996-11,Adilabad,11.193676022654484
1996-11,Anantapur,11.645831092134772
1996-11,Chittoor,24.750826845035977
1996-11,Y.s.r.,21.34130235748596
1996-11,East Godavari,52.077709682452316
1996-11,Guntur,23.634998488194956
1996-11,Hyderabad,10.258015315200902
1996-11,Karimnagar,10.611950223775859
1996-11,Khammam,30.578997735090283
1996-11,Krishna,41.57279265531679
1996-11,Kurnool,9.902776095370218
1996-11,Mahbubnagar,11.032501408528299
1996-11,Medak,11.291252244008694
1996-11,Nalgonda,10.175755137193303
1996-11,Sri Potti Sriramulu Nellore,92.56733920934806
1996-11,Nizamabad,11.09477166733868
1996-11,Prakasam,41.309854564064445
1996-11,Rangareddy,10.243272590383512
1996-11,Srikakulam,30.14806842053885
1996-11,Visakhapatnam,50.89370986892974
1996-11,Vizianagaram,39.3899718836225
1996-11,Warangal,12.030764265044496
1996-11,West Godavari,44.32532372031142
1996-12,Adilabad,1.1455962708044634
1996-12,Anantapur,4.725056693093704
1996-12,Chittoor,154.7740431253865
1996-12,Y.s.r.,65.93521233353943
1996-12,East Godavari,20.4432469260868
1996-12,Guntur,25.752651350044474
1996-12,Hyderabad,1.8651441142011227
1996-12,Karimnagar,3.6858914823575546
1996-12,Khammam,10.094476445665395
1996-12,Krishna,26.923087579966356
1996-12,Kurnool,5.052742373910671
1996-12,Mahbubnagar,5.037264994406722
1996-12,Medak,0.8756925041392888
1996-12,Nalgonda,6.750042870830134
1996-12,Sri Potti Sriramulu Nellore,169.55878043540034
1996-12,Nizamabad,0.32504882142481
1996-12,Prakasam,40.98393356457648
1996-12,Rangareddy,2.591186519227412
1996-12,Srikakulam,11.2438420253666
1996-12,Visakhapatnam,11.404173013073622
1996-12,Vizianagaram,9.696015389771166
1996-12,Warangal,6.920872673409155
1996-12,West Godavari,22.629991398157088
1997-01,Adilabad,12.840955452022364
1997-01,Anantapur,1.1463776547476139
1997-01,Chittoor,13.521155775621391
1997-01,Y.s.r.,6.737627523916877
1997-01,East Godavari,6.240789429990963
1997-01,Guntur,1.4432819327094408
1997-01,Hyderabad,6.98765356085447
1997-01,Karimnagar,9.121332252607546
1997-01,Khammam,4.8791242901825935
1997-01,Krishna,0.997775758464275
1997-01,Kurnool,0.5286598526223417
1997-01,Mahbubnagar,0.7384238069219206
1997-01,Medak,4.084372544684938
1997-01,Nalgonda,5.696606781997075
1997-01,Sri Potti Sriramulu Nellore,7.203197296490025
1997-01,Nizamabad,9.059770979497799
1997-01,Prakasam,1.294327161336384
1997-01,Rangareddy,3.494966659275723
1997-01,Srikakulam,3.347027444690761
1997-01,Visakhapatnam,6.687712324105101
1997-01,Vizianagaram,3.96317259543582
1997-01,Warangal,5.886972778875952
1997-01,West Godavari,2.917479846101797
1997-02,Adilabad,8.839913813932398
1997-02,Anantapur,0.008502864604259716
1997-02,Chittoor,0.18018086710220793
1997-02,Y.s.r.,0.24448096283823176
1997-02,East Godavari,9.064849196386472
1997-02,Guntur,0.16782301042591266
1997-02,Hyderabad,0.13226655586637723
1997-02,Karimnagar,7.035265915620564
1997-02,Khammam,5.638917569307126
1997-02,Krishna,1.96803274058605
1997-02,Kurnool,0.0
1997-02,Mahbubnagar,0.07068938136951256
1997-02,Medak,0.9846605506283214
1997-02,Nalgonda,2.527908011596233
1997-02,Sri Potti Sriramulu Nellore,0.0
1997-02,Nizamabad,2.9610663950331015
1997-02,Prakasam,0.0
1997-02,Rangareddy,0.19795904846847384
1997-02,Srikakulam,18.65901311688108
1997-02,Visakhapatnam,20.64645475835305
1997-02,Vizianagaram,21.729089318488192
1997-02,Warangal,7.15679761678964
1997-02,West Godavari,2.9709872513268225
1997-03,Adilabad,14.410516973783855
1997-03,Anantapur,3.8199635179444864
1997-03,Chittoor,7.229604479911805
1997-03,Y.s.r.,2.574925998168001
1997-03,East Godavari,18.493222102686577
1997-03,Guntur,3.399341881269131
1997-03,Hyderabad,10.283166607645335
1997-03,Karimnagar,12.299619054161838
1997-03,Khammam,19.813628682690023
1997-03,Krishna,6.5575943724066805
1997-03,Kurnool,5.8415484823632795
1997-03,Mahbubnagar,9.607927302247447
1997-03,Medak,9.718761945153414
1997-03,Nalgonda,12.344101629851066
1997-03,Sri Potti Sriramulu Nellore,2.850623540070385
1997-03,Nizamabad,9.092870129952773
1997-03,Prakasam,6.602813611350537
1997-03,Rangareddy,8.694545203835819
1997-03,Srikakulam,27.564458026732773
1997-03,Visakhapatnam,30.826103974901915
1997-03,Vizianagaram,32.94698534050144
1997-03,Warangal,12.654632711161002
1997-03,West Godavari,11.936195265662482
1997-04,Adilabad,20.843456342824105
1997-04,Anantapur,12.847494428905351
1997-04,Chittoor,11.66629576058843
1997-04,Y.s.r.,6.149986849899457
1997-04,East Godavari,22.140934010415222
1997-04,Guntur,8.36960810056106
1997-04,Hyderabad,38.57363128538656
1997-04,Karimnagar,27.203957393780367
1997-04,Khammam,19.20169550064732
1997-04,Krishna,11.145346508902188
1997-04,Kurnool,14.240364490847556
1997-04,Mahbubnagar,21.07902142491611
1997-04,Medak,37.01870999426769
1997-04,Nalgonda,18.78861711202707
1997-04,Sri Potti Sriramulu Nellore,6.174601015910326
1997-04,Nizamabad,28.548357014533657
1997-04,Prakasam,7.305483915247757
1997-04,Rangareddy,35.725453117443166
1997-04,Srikakulam,25.635139104515822
1997-04,Visakhapatnam,34.606205534945076
1997-04,Vizianagaram,30.11305936205013
1997-04,Warangal,25.34601638760682
1997-04,West Godavari,9.998032648797995
1997-05,Adilabad,10.1291431916171
1997-05,Anantapur,24.06387075084508
1997-05,Chittoor,27.46938508056611
1997-05,Y.s.r.,27.943788492104016
1997-05,East Godavari,24.662148777838883
1997-05,Guntur,12.701751724965952
1997-05,Hyderabad,14.00684093657435
1997-05,Karimnagar,9.735568896140402
1997-05,Khammam,22.663320823017134
1997-05,Krishna,17.664284406723258
1997-05,Kurnool,24.045353325945495
1997-05,Mahbubnagar,22.029758024596468
1997-05,Medak,12.091528004119409
1997-05,Nalgonda,14.48099283317834
1997-05,Sri Potti Sriramulu Nellore,15.211422506368814
1997-05,Nizamabad,11.376739825588679
1997-05,Prakasam,16.8251772086857
1997-05,Rangareddy,16.409874133931563
1997-05,Srikakulam,31.85015566264748
1997-05,Visakhapatnam,34.3703086898662
1997-05,Vizianagaram,40.02452097124391
1997-05,Warangal,15.658844728545567
1997-05,West Godavari,21.2750169155794
1997-06,Adilabad,97.90392953512324
1997-06,Anantapur,18.38324475122546
1997-06,Chittoor,89.03904905388477
1997-06,Y.s.r.,41.661492864057436
1997-06,East Godavari,62.39642613030714
1997-06,Guntur,50.651510185194496
1997-06,Hyderabad,46.50635950465031
1997-06,Karimnagar,92.7800337438261
1997-06,Khammam,70.30002373628294
1997-06,Krishna,62.63601558011339
1997-06,Kurnool,35.81703327094342
1997-06,Mahbubnagar,39.48733164985724
1997-06,Medak,84.94671270327729
1997-06,Nalgonda,48.55044987271519
1997-06,Sri Potti Sriramulu Nellore,34.171447255311755
1997-06,Nizamabad,97.51813670543025
1997-06,Prakasam,39.54469176355393
1997-06,Rangareddy,61.585953308160065
1997-06,Srikakulam,90.0713189403093
1997-06,Visakhapatnam,73.57837063589878
1997-06,Vizianagaram,98.31946251063994
1997-06,Warangal,77.16271976540472
1997-06,West Godavari,70.71801498112693
1997-07,Adilabad,205.07133881546812
1997-07,Anantapur,17.73553323432827
1997-07,Chittoor,82.7079075169116
1997-07,Y.s.r.,73.9351626282845
1997-07,East Godavari,281.44459712845025
1997-07,Guntur,197.79336190360252
1997-07,Hyderabad,113.77260469248378
1997-07,Karimnagar,197.80929667635198
1997-07,Khammam,370.2589279252451
1997-07,Krishna,263.81282313864136
1997-07,Kurnool,86.03612746023039
1997-07,Mahbubnagar,125.65864567718846
1997-07,Medak,161.07844154227607
1997-07,Nalgonda,195.89554089178372
1997-07,Sri Potti Sriramulu Nellore,73.43162621234988
1997-07,Nizamabad,216.5580288012908
1997-07,Prakasam,107.33324863343766
1997-07,Rangareddy,144.9319467885518
1997-07,Srikakulam,260.8168716874783
1997-07,Visakhapatnam,302.6817993326399
1997-07,Vizianagaram,322.2650532499123
1997-07,Warangal,265.8939320550111
1997-07,West Godavari,318.6288671793296
1997-08,Adilabad,265.0226262000992
1997-08,Anantapur,39.49949163598685
1997-08,Chittoor,52.04369394483606
1997-08,Y.s.r.,44.68626903649107
1997-08,East Godavari,207.3727350543047
1997-08,Guntur,116.76561676888386
1997-08,Hyderabad,139.0733407406359
1997-08,Karimnagar,193.7009201230359
1997-08,Khammam,257.83947575547086
1997-08,Krishna,129.6090720334794
1997-08,Kurnool,103.26626363508372
1997-08,Mahbubnagar,187.30852752833354
1997-08,Medak,129.38694949603953
1997-08,Nalgonda,160.96187635125247
1997-08,Sri Potti Sriramulu Nellore,54.97519363274677
1997-08,Nizamabad,149.01974518790092
1997-08,Prakasam,101.27979217414789
1997-08,Rangareddy,167.62891864774426
1997-08,Srikakulam,270.67639862065056
1997-08,Visakhapatnam,290.81870672253734
1997-08,Vizianagaram,296.5996102018262
1997-08,Warangal,191.37336722710285
1997-08,West Godavari,167.17500246874073
1997-09,Adilabad,169.22658413148858
1997-09,Anantapur,134.14771779433997
1997-09,Chittoor,151.39633808339264
1997-09,Y.s.r.,163.75524258729718
1997-09,East Godavari,239.4308639014805
1997-09,Guntur,248.53912851127495
1997-09,Hyderabad,179.02994495626405
1997-09,Karimnagar,211.42498349878866
1997-09,Khammam,258.47845751390525
1997-09,Krishna,262.52823335708536
1997-09,Kurnool,184.3697110946628
1997-09,Mahbubnagar,204.6728335265134
1997-09,Medak,165.95383195009907
1997-09,Nalgonda,222.67677999060643
1997-09,Sri Potti Sriramulu Nellore,143.0278863263453
1997-09,Nizamabad,184.31641812093227
1997-09,Prakasam,208.12225058091303
1997-09,Rangareddy,175.3126587018101
1997-09,Srikakulam,271.4390378496727
1997-09,Visakhapatnam,257.33944985254965
1997-09,Vizianagaram,272.4764136277436
1997-09,Warangal,264.7696660035651
1997-09,West Godavari,259.5795041434193
1997-10,Adilabad,91.15110698825274
1997-10,Anantapur,92.44637405784373
1997-10,Chittoor,95.67236953278976
1997-10,Y.s.r.,77.29296242340031
1997-10,East Godavari,119.69958050109445
1997-10,Guntur,72.29700310181538
1997-10,Hyderabad,62.59623029887868
1997-10,Karimnagar,101.71215134586708
1997-10,Khammam,97.90416049965124
1997-10,Krishna,81.88131880831641
1997-10,Kurnool,59.478497278118176
1997-10,Mahbubnagar,62.32359319589169
1997-10,Medak,97.11814530276182
1997-10,Nalgonda,81.15738203189335
1997-10,Sri Potti Sriramulu Nellore,90.91821060859859
1997-10,Nizamabad,82.92557622806693
1997-10,Prakasam,71.07355447718729
1997-10,Rangareddy,76.86724979950961
1997-10,Srikakulam,54.28020519072321
1997-10,Visakhapatnam,83.5262999669696
1997-10,Vizianagaram,48.87385801627093
1997-10,Warangal,90.80186832707564
1997-10,West Godavari,85.03365079632252
1997-11,Adilabad,20.71026648866478
1997-11,Anantapur,57.744327176161065
1997-11,Chittoor,80.00416237119467
1997-11,Y.s.r.,52.104753802694944
1997-11,East Godavari,30.428233035528798
1997-11,Guntur,30.566627785467627
1997-11,Hyderabad,24.636578675304026
1997-11,Karimnagar,28.736113536348224
1997-11,Khammam,23.701370088196924
1997-11,Krishna,32.97999796362542
1997-11,Kurnool,27.919774739334336
1997-11,Mahbubnagar,26.790432147317144
1997-11,Medak,34.55452821729196
1997-11,Nalgonda,23.680167479658895
1997-11,Sri Potti Sriramulu Nellore,255.064417792559
1997-11,Nizamabad,22.745431419245975
1997-11,Prakasam,51.49088819145529
1997-11,Rangareddy,24.98753633024991
1997-11,Srikakulam,13.866518514284177
1997-11,Visakhapatnam,14.867242856134903
1997-11,Vizianagaram,11.974979328931843
1997-11,Warangal,26.15339990365835
1997-11,West Godavari,24.774224459953743
1997-12,Adilabad,7.26846609470719
1997-12,Anantapur,9.674802012377073
1997-12,Chittoor,76.31063357698919
1997-12,Y.s.r.,32.429652153912386
1997-12,East Godavari,31.270919884100692
1997-12,Guntur,15.43018376669033
1997-12,Hyderabad,3.288922036427124
1997-12,Karimnagar,9.823169044955073
1997-12,Khammam,13.13041744250984
1997-12,Krishna,22.765159088906426
1997-12,Kurnool,5.611572544142835
1997-12,Mahbubnagar,6.287534973538919
1997-12,Medak,5.787462721132888
1997-12,Nalgonda,8.19347891009615
1997-12,Sri Potti Sriramulu Nellore,79.39900288690578
1997-12,Nizamabad,4.4037030280000815
1997-12,Prakasam,16.397534533551116
1997-12,Rangareddy,6.133474920542802
1997-12,Srikakulam,10.774899970914696
1997-12,Visakhapatnam,16.767717640856635
1997-12,Vizianagaram,9.755981738304651
1997-12,Warangal,10.58401044093256
1997-12,West Godavari,29.677584116551483
1998-01,Adilabad,10.109107749109558
1998-01,Anantapur,0.1480875820319839
1998-01,Chittoor,4.286863155246242
1998-01,Y.s.r.,3.042815951034074
1998-01,East Godavari,6.718533319001546
1998-01,Guntur,3.4172676866319036
1998-01,Hyderabad,0.0
1998-01,Karimnagar,5.152503039786909
1998-01,Khammam,4.817552079798624
1998-01,Krishna,5.519912200075522
1998-01,Kurnool,0.2622043722213476
1998-01,Mahbubnagar,0.1227628366520789
1998-01,Medak,0.2767839389870795
1998-01,Nalgonda,1.7461436217924675
1998-01,Sri Potti Sriramulu Nellore,4.118467017413696
1998-01,Nizamabad,5.692938150977105
1998-01,Prakasam,1.8742261701023388
1998-01,Rangareddy,0.04911614570278245
1998-01,Srikakulam,2.727700845322243
1998-01,Visakhapatnam,4.192392189511399
1998-01,Vizianagaram,2.2674999153661193
1998-01,Warangal,2.4355234710010927
1998-01,West Godavari,7.002395017196073
1998-02,Adilabad,9.181712368249524
1998-02,Anantapur,0.13017011759800715
1998-02,Chittoor,0.11530659611782634
1998-02,Y.s.r.,0.14811819045729277
1998-02,East Godavari,6.736065566869426
1998-02,Guntur,0.1713634237407266
1998-02,Hyderabad,0.1322668813193114
1998-02,Karimnagar,7.286601253976306
1998-02,Khammam,6.489185345894165
1998-02,Krishna,1.9806121663232095
1998-02,Kurnool,0.013624639968082006
1998-02,Mahbubnagar,0.070689371357519
1998-02,Medak,0.9846621962776045
1998-02,Nalgonda,2.52793274595108
1998-02,Sri Potti Sriramulu Nellore,0.07192624537607624
1998-02,Nizamabad,2.9605117723039633
1998-02,Prakasam,0.025804669596989124
1998-02,Rangareddy,0.19795899489373261
1998-02,Srikakulam,13.59998283250007
1998-02,Visakhapatnam,18.213715808480295
1998-02,Vizianagaram,21.957755139541984
1998-02,Warangal,8.284652984812015
1998-02,West Godavari,2.381783515680255
1998-03,Adilabad,14.814643283046554
1998-03,Anantapur,0.0015733710099396835
1998-03,Chittoor,1.9062971098934187
1998-03,Y.s.r.,0.6540862044224685
1998-03,East Godavari,1.8908911153945203
1998-03,Guntur,0.5712072631315585
1998-03,Hyderabad,6.4649851317544575
1998-03,Karimnagar,7.874840703757487
1998-03,Khammam,2.1579095314284933
1998-03,Krishna,5.355641651896552
1998-03,Kurnool,0.22850109855218717
1998-03,Mahbubnagar,0.14165220210552634
1998-03,Medak,5.313316788502662
1998-03,Nalgonda,3.1750443300978555
1998-03,Sri Potti Sriramulu Nellore,0.07744483533401322
1998-03,Nizamabad,7.618900549230084
1998-03,Prakasam,0.6303330599376628
1998-03,Rangareddy,2.4208143900573234
1998-03,Srikakulam,10.536138115827296
1998-03,Visakhapatnam,5.062877125462784
1998-03,Vizianagaram,8.822712971542739
1998-03,Warangal,1.035958237540446
1998-03,West Godavari,4.947715984877678
1998-04,Adilabad,11.542805920708318
1998-04,Anantapur,13.377914301314249
1998-04,Chittoor,18.92365644834653
1998-04,Y.s.r.,12.093272252551952
1998-04,East Godavari,18.81280234042719
1998-04,Guntur,15.592912411025239
1998-04,Hyderabad,11.187875006036847
1998-04,Karimnagar,13.454871552959375
1998-04,Khammam,25.182908276928114
1998-04,Krishna,16.05251452420093
1998-04,Kurnool,12.021972578851322
1998-04,Mahbubnagar,12.344697366241311
1998-04,Medak,12.431125569666962
1998-04,Nalgonda,15.229236124957831
1998-04,Sri Potti Sriramulu Nellore,8.621138458586444
1998-04,Nizamabad,9.300269923923514
1998-04,Prakasam,12.826761554636253
1998-04,Rangareddy,12.645006690881491
1998-04,Srikakulam,23.628913861410133
1998-04,Visakhapatnam,29.572198334760124
1998-04,Vizianagaram,26.136684756361657
1998-04,Warangal,18.110572497542048
1998-04,West Godavari,13.811093511279486
1998-05,Adilabad,12.884516672794458
1998-05,Anantapur,34.07638459926269
1998-05,Chittoor,38.85044126371628
1998-05,Y.s.r.,33.936431616066436
1998-05,East Godavari,38.40388647081004
1998-05,Guntur,24.0533712732199
1998-05,Hyderabad,12.633306054235659
1998-05,Karimnagar,12.463356998258977
1998-05,Khammam,45.37111843671001
1998-05,Krishna,40.86771510782413
1998-05,Kurnool,27.50182024284997
1998-05,Mahbubnagar,22.43803855044182
1998-05,Medak,13.375619168253854
1998-05,Nalgonda,17.82200802496902
1998-05,Sri Potti Sriramulu Nellore,17.729218218788464
1998-05,Nizamabad,13.107596289389265
1998-05,Prakasam,20.553475668895576
1998-05,Rangareddy,16.815042717480733
1998-05,Srikakulam,33.78288898381295
1998-05,Visakhapatnam,51.533690763861365
1998-05,Vizianagaram,52.461201729248074
1998-05,Warangal,22.88856900691597
1998-05,West Godavari,37.32637435385649
1998-06,Adilabad,127.19695783498894
1998-06,Anantapur,18.937840543959922
1998-06,Chittoor,56.97476177088117
1998-06,Y.s.r.,39.52547031435247
1998-06,East Godavari,131.88636035765683
1998-06,Guntur,65.22859953562036
1998-06,Hyderabad,55.82028569480748
1998-06,Karimnagar,130.87524433783656
1998-06,Khammam,133.81825219567668
1998-06,Krishna,91.84336682743366
1998-06,Kurnool,45.97690254959278
1998-06,Mahbubnagar,69.53629607226064
1998-06,Medak,89.79045050351297
1998-06,Nalgonda,70.47176483152059
1998-06,Sri Potti Sriramulu Nellore,34.03777618509687
1998-06,Nizamabad,109.16070427225785
1998-06,Prakasam,55.34188887475276
1998-06,Rangareddy,72.68199086426202
1998-06,Srikakulam,157.7055854160798
1998-06,Visakhapatnam,167.69288742657898
1998-06,Vizianagaram,184.48449398559163
1998-06,Warangal,120.28197122835635
1998-06,West Godavari,124.43484886128593
1998-07,Adilabad,349.47530544252595
1998-07,Anantapur,60.104205536535076
1998-07,Chittoor,190.3070653841035
1998-07,Y.s.r.,160.45473151564843
1998-07,East Godavari,308.62391652248317
1998-07,Guntur,249.79273004757712
1998-07,Hyderabad,232.66809860695525
1998-07,Karimnagar,282.4148994404775
1998-07,Khammam,388.59684152979526
1998-07,Krishna,284.79017005980853
1998-07,Kurnool,194.7339029897947
1998-07,Mahbubnagar,254.41350736653533
1998-07,Medak,287.54552916958045
1998-07,Nalgonda,277.05053546219943
1998-07,Sri Potti Sriramulu Nellore,117.80327919502265
1998-07,Nizamabad,307.01934900626406
1998-07,Prakasam,190.070216547962
1998-07,Rangareddy,270.53902788597685
1998-07,Srikakulam,222.79018460454637
1998-07,Visakhapatnam,321.5937699917695
1998-07,Vizianagaram,318.3643572468007
1998-07,Warangal,325.0611105734046
1998-07,West Godavari,308.8600720830162
1998-08,Adilabad,307.1304599292012
1998-08,Anantapur,144.89501861380978
1998-08,Chittoor,297.2160625456743
1998-08,Y.s.r.,218.682292635591
1998-08,East Godavari,307.7901080483439
1998-08,Guntur,288.4774292076126
1998-08,Hyderabad,302.98894361847806
1998-08,Karimnagar,266.3969589675911
1998-08,Khammam,389.3384041812345
1998-08,Krishna,292.9203757358732
1998-08,Kurnool,294.09417480258185
1998-08,Mahbubnagar,396.8178652380441
1998-08,Medak,333.6927034140394
1998-08,Nalgonda,304.00284466287155
1998-08,Sri Potti Sriramulu Nellore,182.59176680129025
1998-08,Nizamabad,294.4638509408328
1998-08,Prakasam,281.8075253374412
1998-08,Rangareddy,386.2910400812504
1998-08,Srikakulam,181.37089430261483
1998-08,Visakhapatnam,326.59470031587614
1998-08,Vizianagaram,241.0703734487375
1998-08,Warangal,292.5507228270835
1998-08,West Godavari,307.9177996578977
1998-09,Adilabad,272.33324933196525
1998-09,Anantapur,172.92840408351773
1998-09,Chittoor,157.89966163608543
1998-09,Y.s.r.,136.5527800248356
1998-09,East Godavari,274.09315784130297
1998-09,Guntur,213.19480081494194
1998-09,Hyderabad,187.0877611198086
1998-09,Karimnagar,274.17127130703915
1998-09,Khammam,248.37361242282503
1998-09,Krishna,237.01368320262262
1998-09,Kurnool,185.16635335553025
1998-09,Mahbubnagar,178.00096646913104
1998-09,Medak,243.99324808201828
1998-09,Nalgonda,192.91381612436746
1998-09,Sri Potti Sriramulu Nellore,114.23156433045231
1998-09,Nizamabad,271.44838022954303
1998-09,Prakasam,170.9302703172854
1998-09,Rangareddy,185.99008935976437
1998-09,Srikakulam,279.2707574414689
1998-09,Visakhapatnam,296.42493021068134
1998-09,Vizianagaram,309.188061462958
1998-09,Warangal,265.06234863425794
1998-09,West Godavari,247.14368042859195
1998-10,Adilabad,116.96578344287113
1998-10,Anantapur,169.67114952295293
1998-10,Chittoor,240.31212891699278
1998-10,Y.s.r.,240.29875317298527
1998-10,East Godavari,370.8140688138675
1998-10,Guntur,270.9608896931681
1998-10,Hyderabad,182.63596568246487
1998-10,Karimnagar,159.30096982811853
1998-10,Khammam,210.0403537160773
1998-10,Krishna,316.31550810423755
1998-10,Kurnool,184.24790325661877
1998-10,Mahbubnagar,159.36469802829896
1998-10,Medak,154.22696468052877
1998-10,Nalgonda,197.83033280684324
1998-10,Sri Potti Sriramulu Nellore,381.7902326267595
1998-10,Nizamabad,128.15368443964283
1998-10,Prakasam,301.91792164604703
1998-10,Rangareddy,167.56536436034474
1998-10,Srikakulam,388.2379463416506
1998-10,Visakhapatnam,353.3400928351995
1998-10,Vizianagaram,331.76742081504466
1998-10,Warangal,165.84289674916792
1998-10,West Godavari,375.3705422440521
1998-11,Adilabad,22.313084902499945
1998-11,Anantapur,66.89560712962187
1998-11,Chittoor,142.44207141366502
1998-11,Y.s.r.,104.4139306042452
1998-11,East Godavari,79.8482976880306
1998-11,Guntur,46.680601915677634
1998-11,Hyderabad,13.444308765806424
1998-11,Karimnagar,13.912812134325199
1998-11,Khammam,37.99703396810354
1998-11,Krishna,66.39361112121749
1998-11,Kurnool,37.413458704860425
1998-11,Mahbubnagar,23.136264357214433
1998-11,Medak,12.027841965825742
1998-11,Nalgonda,21.669287660583716
1998-11,Sri Potti Sriramulu Nellore,217.31980992713673
1998-11,Nizamabad,12.93449695859684
1998-11,Prakasam,82.56323272560812
1998-11,Rangareddy,13.493066697401488
1998-11,Srikakulam,102.09779968454357
1998-11,Visakhapatnam,61.50373522137768
1998-11,Vizianagaram,71.73620279140312
1998-11,Warangal,17.81398665098908
1998-11,West Godavari,69.405209301087
1998-12,Adilabad,0.8834629527685642
1998-12,Anantapur,7.556474580127614
1998-12,Chittoor,75.89885394933381
1998-12,Y.s.r.,29.236193979075864
1998-12,East Godavari,4.732555438666944
1998-12,Guntur,7.004107042488799
1998-12,Hyderabad,3.50877554802447
1998-12,Karimnagar,1.6004359496524427
1998-12,Khammam,4.613378626197556
1998-12,Krishna,6.149025097827838
1998-12,Kurnool,3.4675446200342006
1998-12,Mahbubnagar,3.8188200204297407
1998-12,Medak,0.45324648196168704
1998-12,Nalgonda,3.732733130489718
1998-12,Sri Potti Sriramulu Nellore,59.180236607756534
1998-12,Nizamabad,1.0761470971845728
1998-12,Prakasam,11.02887597536838
1998-12,Rangareddy,3.855946055725546
1998-12,Srikakulam,0.8206146615018749
1998-12,Visakhapatnam,3.5043182971702147
1998-12,Vizianagaram,1.4917093010749407
1998-12,Warangal,3.757219619539038
1998-12,West Godavari,4.87836997759157
1999-01,Adilabad,10.772763151408546
1999-01,Anantapur,1.4421559695895672
1999-01,Chittoor,9.670772050217815
1999-01,Y.s.r.,6.069658016917876
1999-01,East Godavari,5.360183952088809
1999-01,Guntur,3.2497192052435446
1999-01,Hyderabad,0.40013736737198813
1999-01,Karimnagar,7.249340022503385
1999-01,Khammam,5.904301534313644
1999-01,Krishna,2.9220680221083724
1999-01,Kurnool,2.0623876758504185
1999-01,Mahbubnagar,2.2416632699482424
1999-01,Medak,3.1854865869244064
1999-01,Nalgonda,4.828163086828452
1999-01,Sri Potti Sriramulu Nellore,6.579130942595445
1999-01,Nizamabad,7.843318164588674
1999-01,Prakasam,3.207290693837146
1999-01,Rangareddy,1.7619146343617687
1999-01,Srikakulam,2.1131125488368405
1999-01,Visakhapatnam,3.1823185000950875
1999-01,Vizianagaram,2.7224304600620286
1999-01,Warangal,4.521068365139173
1999-01,West Godavari,3.8174824459440293
1999-02,Adilabad,13.302672985850133
1999-02,Anantapur,0.7660963488740272
1999-02,Chittoor,1.553553777944703
1999-02,Y.s.r.,0.5257049171645489
1999-02,East Godavari,4.807181156597287
1999-02,Guntur,0.32411083381002154
1999-02,Hyderabad,4.825808470766136
1999-02,Karimnagar,7.733332386291604
1999-02,Khammam,5.916349414755568
1999-02,Krishna,1.9526878980958449
1999-02,Kurnool,0.25905207641695055
1999-02,Mahbubnagar,0.7580594063341612
1999-02,Medak,2.3396616840762374
1999-02,Nalgonda,4.128897048628388
1999-02,Sri Potti Sriramulu Nellore,0.05126346298538711
1999-02,Nizamabad,4.472675880702365
1999-02,Prakasam,0.27298609877384616
1999-02,Rangareddy,2.579862717648426
1999-02,Srikakulam,7.643243704745234
1999-02,Visakhapatnam,7.039943240507229
1999-02,Vizianagaram,8.268441384037846
1999-02,Warangal,7.565963288582156
1999-02,West Godavari,2.39471474140268
1999-03,Adilabad,10.376737266434816
1999-03,Anantapur,0.23730195077037144
1999-03,Chittoor,2.2628657703137476
1999-03,Y.s.r.,0.273571469035021
1999-03,East Godavari,1.1762925866993228
1999-03,Guntur,1.2197715696710543
1999-03,Hyderabad,7.686313457242108
1999-03,Karimnagar,5.5100649589932615
1999-03,Khammam,2.0341747979442073
1999-03,Krishna,0.13407678344565577
1999-03,Kurnool,0.8273814462572405
1999-03,Mahbubnagar,2.3375304840636795
1999-03,Medak,6.631013851622511
1999-03,Nalgonda,3.0384152939056803
1999-03,Sri Potti Sriramulu Nellore,0.07575057984538078
1999-03,Nizamabad,6.874266059343869
1999-03,Prakasam,3.2214967104451904
1999-03,Rangareddy,6.1404335118443845
1999-03,Srikakulam,5.206921452585293
1999-03,Visakhapatnam,4.309491744451513
1999-03,Vizianagaram,5.629558027488057
1999-03,Warangal,0.6513407207040192
1999-03,West Godavari,1.396527166519743
1999-04,Adilabad,8.851614873231423
1999-04,Anantapur,26.014514428520272
1999-04,Chittoor,65.91510199751363
1999-04,Y.s.r.,20.65967717178077
1999-04,East Godavari,19.044244716523163
1999-04,Guntur,5.977346476208488
1999-04,Hyderabad,15.930046915930838
1999-04,Karimnagar,11.426358748618629
1999-04,Khammam,15.73471428320879
1999-04,Krishna,4.224456845040036
1999-04,Kurnool,15.928671301135308
1999-04,Mahbubnagar,15.075605170641493
1999-04,Medak,13.769400410510165
1999-04,Nalgonda,10.442024157379564
1999-04,Sri Potti Sriramulu Nellore,20.09804914364078
1999-04,Nizamabad,9.968959330469273
1999-04,Prakasam,6.2442629876681925
1999-04,Rangareddy,17.634674744031695
1999-04,Srikakulam,2.5742915693411317
1999-04,Visakhapatnam,18.689242566444868
1999-04,Vizianagaram,7.287800715735181
1999-04,Warangal,11.71693649330573
1999-04,West Godavari,8.971009432614304
1999-05,Adilabad,43.48251467573587
1999-05,Anantapur,110.86337040673271
1999-05,Chittoor,89.89827621460967
1999-05,Y.s.r.,80.31214227076968
1999-05,East Godavari,78.84345136755098
1999-05,Guntur,82.57939210372439
1999-05,Hyderabad,69.23804686138931
1999-05,Karimnagar,34.654978640222495
1999-05,Khammam,104.36380786066087
1999-05,Krishna,92.17414380344607
1999-05,Kurnool,80.18116392893116
1999-05,Mahbubnagar,78.78733375591894
1999-05,Medak,49.86269843204867
1999-05,Nalgonda,59.12174030857691
1999-05,Sri Potti Sriramulu Nellore,41.47058236171606
1999-05,Nizamabad,34.19650724076419
1999-05,Prakasam,74.72641120496074
1999-05,Rangareddy,74.06468508818139
1999-05,Srikakulam,87.08402201176239
1999-05,Visakhapatnam,79.79127252720883
1999-05,Vizianagaram,86.01206222147847
1999-05,Warangal,60.97614737569675
1999-05,West Godavari,80.75047010002253
1999-06,Adilabad,163.05683517188723
1999-06,Anantapur,35.04186488628493
1999-06,Chittoor,78.34744147958519
1999-06,Y.s.r.,67.61188627645765
1999-06,East Godavari,153.54340742182254
1999-06,Guntur,100.38529933881729
1999-06,Hyderabad,76.37716816621304
1999-06,Karimnagar,153.424631443348
1999-06,Khammam,130.6471163446591
1999-06,Krishna,125.84805558031273
1999-06,Kurnool,96.19833195916934
1999-06,Mahbubnagar,103.69400534913332
1999-06,Medak,118.93130090317383
1999-06,Nalgonda,101.88648240043491
1999-06,Sri Potti Sriramulu Nellore,48.17067735719895
1999-06,Nizamabad,133.18242015688296
1999-06,Prakasam,94.66672988716275
1999-06,Rangareddy,95.3811040335461
1999-06,Srikakulam,210.02720107308994
1999-06,Visakhapatnam,197.65778934515745
1999-06,Vizianagaram,222.7667854055523
1999-06,Warangal,132.6974166872006
1999-06,West Godavari,150.4914084309229
1999-07,Adilabad,238.97123433894203
1999-07,Anantapur,30.649576794026185
1999-07,Chittoor,92.79688562411062
1999-07,Y.s.r.,93.03637393938818
1999-07,East Godavari,177.59017512099334
1999-07,Guntur,168.73886935019024
1999-07,Hyderabad,174.19288186996118
1999-07,Karimnagar,226.60994550416257
1999-07,Khammam,289.5624712827983
1999-07,Krishna,201.5295671451161
1999-07,Kurnool,114.66577833137771
1999-07,Mahbubnagar,177.63802170864676
1999-07,Medak,215.5330958392046
1999-07,Nalgonda,199.5877945047869
1999-07,Sri Potti Sriramulu Nellore,73.90792658125343
1999-07,Nizamabad,206.54255617738124
1999-07,Prakasam,117.3570164077276
1999-07,Rangareddy,196.6576111334833
1999-07,Srikakulam,195.97908406233938
1999-07,Visakhapatnam,188.8543453227659
1999-07,Vizianagaram,244.48633917817503
1999-07,Warangal,248.5360980629481
1999-07,West Godavari,210.63194170827938
1999-08,Adilabad,420.3724616635612
1999-08,Anantapur,57.10049039205573
1999-08,Chittoor,107.46367093884037
1999-08,Y.s.r.,94.3604893453602
1999-08,East Godavari,242.23632171545964
1999-08,Guntur,166.06833339829817
1999-08,Hyderabad,200.7372249478275
1999-08,Karimnagar,324.8393030621939
1999-08,Khammam,412.6281053924597
1999-08,Krishna,199.83181896926476
1999-08,Kurnool,100.51652146239348
1999-08,Mahbubnagar,162.6600318674451
1999-08,Medak,247.3077040382802
1999-08,Nalgonda,213.9839153265122
1999-08,Sri Potti Sriramulu Nellore,90.7768675340305
1999-08,Nizamabad,316.5862526462182
1999-08,Prakasam,134.66542352906984
1999-08,Rangareddy,194.1681834441407
1999-08,Srikakulam,209.81429314928067
1999-08,Visakhapatnam,296.41840250170685
1999-08,Vizianagaram,284.0022622329167
1999-08,Warangal,346.8475577795684
1999-08,West Godavari,229.82656828051861
1999-09,Adilabad,207.50720802259437
1999-09,Anantapur,97.15046202708476
1999-09,Chittoor,77.54415234091577
1999-09,Y.s.r.,86.3339846645531
1999-09,East Godavari,171.26891512216258
1999-09,Guntur,132.32400448552252
1999-09,Hyderabad,134.81681572133283
1999-09,Karimnagar,179.34559634481755
1999-09,Khammam,152.60668030996976
1999-09,Krishna,132.97176428439388
1999-09,Kurnool,107.25939121348674
1999-09,Mahbubnagar,122.67950003812398
1999-09,Medak,156.89931515952398
1999-09,Nalgonda,138.66625876063685
1999-09,Sri Potti Sriramulu Nellore,80.41190068699278
1999-09,Nizamabad,186.97075215934458
1999-09,Prakasam,117.68088427836258
1999-09,Rangareddy,130.48076684335555
1999-09,Srikakulam,245.89567637991723
1999-09,Visakhapatnam,189.56616590060378
1999-09,Vizianagaram,240.43683494701034
1999-09,Warangal,163.61943914399828
1999-09,West Godavari,147.57468929042065
1999-10,Adilabad,87.04849631108097
1999-10,Anantapur,154.77835495571355
1999-10,Chittoor,321.391466576729
1999-10,Y.s.r.,270.7059239007354
1999-10,East Godavari,266.69307644550736
1999-10,Guntur,184.90389160320683
1999-10,Hyderabad,37.235774203797355
1999-10,Karimnagar,76.35213835551099
1999-10,Khammam,136.29310369471744
1999-10,Krishna,225.8854820834157
1999-10,Kurnool,113.35440029915014
1999-10,Mahbubnagar,78.34222944757353
1999-10,Medak,62.90525557161586
1999-10,Nalgonda,82.48923495118099
1999-10,Sri Potti Sriramulu Nellore,404.3359308695889
1999-10,Nizamabad,69.66791237331178
1999-10,Prakasam,241.3026682988024
1999-10,Rangareddy,56.61810722172173
1999-10,Srikakulam,305.9672923418624
1999-10,Visakhapatnam,243.99433557913258
1999-10,Vizianagaram,230.20931688637842
1999-10,Warangal,76.87245443145868
1999-10,West Godavari,230.12189309477736
1999-11,Adilabad,6.429521098662658
1999-11,Anantapur,27.99461718715055
1999-11,Chittoor,107.24314188935074
1999-11,Y.s.r.,50.531361890232105
1999-11,East Godavari,16.171289075001358
1999-11,Guntur,10.49198141990828
1999-11,Hyderabad,4.689855125884022
1999-11,Karimnagar,3.866058591982898
1999-11,Khammam,9.929833196641068
1999-11,Krishna,15.55102972896792
1999-11,Kurnool,10.148928556762845
1999-11,Mahbubnagar,6.2061904366460965
1999-11,Medak,2.937318624097793
1999-11,Nalgonda,5.616727283097364
1999-11,Sri Potti Sriramulu Nellore,141.25098911474905
1999-11,Nizamabad,5.4503005325150005
1999-11,Prakasam,28.205481884492052
1999-11,Rangareddy,4.0485478377848185
1999-11,Srikakulam,27.316776781821925
1999-11,Visakhapatnam,6.280043898184997
1999-11,Vizianagaram,9.777903946985653
1999-11,Warangal,4.301582057530074
1999-11,West Godavari,15.160376986776894
1999-12,Adilabad,1.1765026163182994
1999-12,Anantapur,1.8043484644340695
1999-12,Chittoor,18.404144875627388
1999-12,Y.s.r.,10.83155373356648
1999-12,East Godavari,0.6056982747570726
1999-12,Guntur,0.7582488040270051
1999-12,Hyderabad,0.0
1999-12,Karimnagar,0.9670605046719531
1999-12,Khammam,0.0
1999-12,Krishna,0.08140876000223132
1999-12,Kurnool,0.7137374446213727
1999-12,Mahbubnagar,0.6222800542639546
1999-12,Medak,4.5799616770919257E-4
1999-12,Nalgonda,0.33290865142464404
1999-12,Sri Potti Sriramulu Nellore,22.635744157411867
1999-12,Nizamabad,0.351851901308642
1999-12,Prakasam,4.013855953968466
1999-12,Rangareddy,0.01894037961347463
1999-12,Srikakulam,0.0
1999-12,Visakhapatnam,0.5826065754833708
1999-12,Vizianagaram,0.0
1999-12,Warangal,0.32612098617953145
1999-12,West Godavari,0.5752067016990623
2000-01,Adilabad,10.42063005129236
2000-01,Anantapur,0.40683644271649566
2000-01,Chittoor,7.203300286683738
2000-01,Y.s.r.,3.9555839185501416
2000-01,East Godavari,2.2630295690316724
2000-01,Guntur,0.5233866850312923
2000-01,Hyderabad,0.41907714917821787
2000-01,Karimnagar,7.210122054033546
2000-01,Khammam,3.323797165614166
2000-01,Krishna,0.02997414803327442
2000-01,Kurnool,0.33978939119657403
2000-01,Mahbubnagar,0.39199146019140324
2000-01,Medak,1.7648410382667485
2000-01,Nalgonda,2.80989530263135
2000-01,Sri Potti Sriramulu Nellore,3.4268284425593114
2000-01,Nizamabad,7.77949033213285
2000-01,Prakasam,0.5490606139563076
2000-01,Rangareddy,0.14849762373591127
2000-01,Srikakulam,2.2502508762913904
2000-01,Visakhapatnam,1.8204985540928829
2000-01,Vizianagaram,1.9051370739743838
2000-01,Warangal,3.671310859542099
2000-01,West Godavari,0.4700994962856897
2000-02,Adilabad,11.234741913511119
2000-02,Anantapur,2.289030372004958
2000-02,Chittoor,8.707160431199158
2000-02,Y.s.r.,1.8049553505313998
2000-02,East Godavari,7.636142457199353
2000-02,Guntur,4.3738681531048735
2000-02,Hyderabad,6.431249458195707
2000-02,Karimnagar,9.241580189459402
2000-02,Khammam,7.0512866091757544
2000-02,Krishna,7.347600576620267
2000-02,Kurnool,0.011369104764801416
2000-02,Mahbubnagar,0.33342825556096206
2000-02,Medak,5.470383526218063
2000-02,Nalgonda,5.664731842491249
2000-02,Sri Potti Sriramulu Nellore,4.921093721503853
2000-02,Nizamabad,5.595003633705918
2000-02,Prakasam,3.3316058588916952
2000-02,Rangareddy,2.7067925325009807
2000-02,Srikakulam,11.471063841515223
2000-02,Visakhapatnam,11.401054386440748
2000-02,Vizianagaram,13.869749454521822
2000-02,Warangal,8.907567827178182
2000-02,West Godavari,7.3259914526673855
2000-03,Adilabad,8.850323307965825
2000-03,Anantapur,0.08744908956831873
2000-03,Chittoor,2.629482174257804
2000-03,Y.s.r.,0.3396819293350033
2000-03,East Godavari,0.9198689582975708
2000-03,Guntur,0.16273536223038035
2000-03,Hyderabad,4.962516824172924
2000-03,Karimnagar,4.608335802112675
2000-03,Khammam,0.3877948472447327
2000-03,Krishna,0.5268824955785998
2000-03,Kurnool,0.010266124312438275
2000-03,Mahbubnagar,0.0
2000-03,Medak,2.1241747961119954
2000-03,Nalgonda,0.23559224419647068
2000-03,Sri Potti Sriramulu Nellore,0.8956463003051146
2000-03,Nizamabad,4.112789444416181
2000-03,Prakasam,0.28987984319632387
2000-03,Rangareddy,0.7941471731796889
2000-03,Srikakulam,3.9955958331013206
2000-03,Visakhapatnam,2.556727979508154
2000-03,Vizianagaram,5.144466973134744
2000-03,Warangal,0.5509230831098076
2000-03,West Godavari,0.44653376077882756
2000-04,Adilabad,10.393492053566144
2000-04,Anantapur,13.06539185145428
2000-04,Chittoor,37.513366164331515
2000-04,Y.s.r.,13.097312054774566
2000-04,East Godavari,18.057927772825636
2000-04,Guntur,10.83957338692362
2000-04,Hyderabad,12.061632537224533
2000-04,Karimnagar,11.981777588498463
2000-04,Khammam,16.232015928603165
2000-04,Krishna,11.78555630841037
2000-04,Kurnool,7.6169645174677205
2000-04,Mahbubnagar,7.2799365843530515
2000-04,Medak,13.015788560677468
2000-04,Nalgonda,10.27584675336846
2000-04,Sri Potti Sriramulu Nellore,9.501387329603254
2000-04,Nizamabad,10.167253415442111
2000-04,Prakasam,10.932012034393608
2000-04,Rangareddy,12.887551117440553
2000-04,Srikakulam,17.628875892565922
2000-04,Visakhapatnam,31.823546725915886
2000-04,Vizianagaram,28.248573389588866
2000-04,Warangal,12.949487609464112
2000-04,West Godavari,12.677878176190248
2000-05,Adilabad,45.579700094787626
2000-05,Anantapur,51.526223153877666
2000-05,Chittoor,68.25111896829013
2000-05,Y.s.r.,71.61477162800439
2000-05,East Godavari,53.13122688986463
2000-05,Guntur,74.70743772374864
2000-05,Hyderabad,46.91914892767625
2000-05,Karimnagar,33.86023999001536
2000-05,Khammam,79.59851019253449
2000-05,Krishna,81.08471768548623
2000-05,Kurnool,56.35295405272441
2000-05,Mahbubnagar,57.043973102873
2000-05,Medak,41.794214281766855
2000-05,Nalgonda,56.65804930746044
2000-05,Sri Potti Sriramulu Nellore,59.99856827547674
2000-05,Nizamabad,34.50345612714324
2000-05,Prakasam,75.1530535674127
2000-05,Rangareddy,56.04362940147462
2000-05,Srikakulam,47.04468070913398
2000-05,Visakhapatnam,59.8280052786272
2000-05,Vizianagaram,57.33407100909205
2000-05,Warangal,56.69580511111177
2000-05,West Godavari,58.70123076435177
2000-06,Adilabad,273.07309312832825
2000-06,Anantapur,60.519124057815425
2000-06,Chittoor,111.19459103195162
2000-06,Y.s.r.,143.99187179285178
2000-06,East Godavari,298.9892322128149
2000-06,Guntur,215.79167116804226
2000-06,Hyderabad,203.65959857073415
2000-06,Karimnagar,270.77664579037815
2000-06,Khammam,290.7707273021186
2000-06,Krishna,277.6581647339993
2000-06,Kurnool,161.63944222389256
2000-06,Mahbubnagar,206.38783920358657
2000-06,Medak,223.11745473801523
2000-06,Nalgonda,246.01486464022315
2000-06,Sri Potti Sriramulu Nellore,103.42885979952845
2000-06,Nizamabad,220.27670906247818
2000-06,Prakasam,164.52863691906913
2000-06,Rangareddy,217.60813084480938
2000-06,Srikakulam,199.9309001119963
2000-06,Visakhapatnam,304.77174876698456
2000-06,Vizianagaram,266.8102419649632
2000-06,Warangal,277.80107499708134
2000-06,West Godavari,311.6452844881629
2000-07,Adilabad,309.6835372176151
2000-07,Anantapur,36.66052998846068
2000-07,Chittoor,126.80518887998788
2000-07,Y.s.r.,96.25518554871229
2000-07,East Godavari,218.32000765316582
2000-07,Guntur,186.90912201151576
2000-07,Hyderabad,200.86124363169313
2000-07,Karimnagar,255.59495156298811
2000-07,Khammam,299.3525822848003
2000-07,Krishna,224.47076536914915
2000-07,Kurnool,144.98850017757675
2000-07,Mahbubnagar,203.79453018214443
2000-07,Medak,235.99135083224309
2000-07,Nalgonda,213.59454693774632
2000-07,Sri Potti Sriramulu Nellore,84.75415873679448
2000-07,Nizamabad,282.7633760203587
2000-07,Prakasam,133.02666514263325
2000-07,Rangareddy,234.297059682998
2000-07,Srikakulam,199.70054704009348
2000-07,Visakhapatnam,238.81202515414543
2000-07,Vizianagaram,266.76122151271204
2000-07,Warangal,274.2402689564247
2000-07,West Godavari,232.87252205044152
2000-08,Adilabad,367.59085012543824
2000-08,Anantapur,129.9817640448474
2000-08,Chittoor,226.29532205501687
2000-08,Y.s.r.,232.1913613054431
2000-08,East Godavari,367.49274256329056
2000-08,Guntur,315.13955602739804
2000-08,Hyderabad,487.97296965623735
2000-08,Karimnagar,373.18358116249743
2000-08,Khammam,444.422068838795
2000-08,Krishna,342.9973993447831
2000-08,Kurnool,316.87177704125725
2000-08,Mahbubnagar,526.5541804581374
2000-08,Medak,481.6454204799911
2000-08,Nalgonda,410.40448551861977
2000-08,Sri Potti Sriramulu Nellore,174.76360566890713
2000-08,Nizamabad,454.6919509152337
2000-08,Prakasam,319.9689020949494
2000-08,Rangareddy,553.3047913463164
2000-08,Srikakulam,217.63338474008629
2000-08,Visakhapatnam,382.14670964974
2000-08,Vizianagaram,301.20985850110577
2000-08,Warangal,417.381163008963
2000-08,West Godavari,354.1502101411986
2000-09,Adilabad,79.82604652459544
2000-09,Anantapur,142.62837621219202
2000-09,Chittoor,138.4463978222553
2000-09,Y.s.r.,116.43271623055493
2000-09,East Godavari,145.37586737792677
2000-09,Guntur,106.3933294702315
2000-09,Hyderabad,89.27499522777052
2000-09,Karimnagar,83.00319530919778
2000-09,Khammam,128.77592994549173
2000-09,Krishna,106.87697268573275
2000-09,Kurnool,108.80277888699644
2000-09,Mahbubnagar,115.23617546040596
2000-09,Medak,82.7963451476427
2000-09,Nalgonda,96.30347403700267
2000-09,Sri Potti Sriramulu Nellore,78.65973752732047
2000-09,Nizamabad,68.26333577662231
2000-09,Prakasam,84.89722698553712
2000-09,Rangareddy,108.25851367899153
2000-09,Srikakulam,123.98585364517096
2000-09,Visakhapatnam,202.29470310783893
2000-09,Vizianagaram,183.7406468037863
2000-09,Warangal,114.00938330819471
2000-09,West Godavari,136.7694232609842
2000-10,Adilabad,28.41962427298554
2000-10,Anantapur,172.20430452530894
2000-10,Chittoor,254.42450034533502
2000-10,Y.s.r.,165.62854480331973
2000-10,East Godavari,188.94487434981068
2000-10,Guntur,112.79603046207481
2000-10,Hyderabad,53.223836983369004
2000-10,Karimnagar,34.02883826738638
2000-10,Khammam,102.71820296052947
2000-10,Krishna,154.9279490550031
2000-10,Kurnool,110.7812621866762
2000-10,Mahbubnagar,92.43117027558962
2000-10,Medak,49.173998382145555
2000-10,Nalgonda,77.54621292508406
2000-10,Sri Potti Sriramulu Nellore,200.2301036038603
2000-10,Nizamabad,28.048343477755957
2000-10,Prakasam,122.54999062065393
2000-10,Rangareddy,64.6262519127469
2000-10,Srikakulam,158.71266871643516
2000-10,Visakhapatnam,155.0771362346709
2000-10,Vizianagaram,133.37219260720417
2000-10,Warangal,58.90270841422214
2000-10,West Godavari,197.94804256315976
2000-11,Adilabad,2.5151883260300343
2000-11,Anantapur,20.029937491742768
2000-11,Chittoor,55.87136743018187
2000-11,Y.s.r.,34.90384794925062
2000-11,East Godavari,9.61188184280647
2000-11,Guntur,16.715260275322258
2000-11,Hyderabad,4.258113659624142
2000-11,Karimnagar,1.160671710899695
2000-11,Khammam,8.48867356184533
2000-11,Krishna,19.28296045451001
2000-11,Kurnool,7.810476999072828
2000-11,Mahbubnagar,5.83810145412592
2000-11,Medak,4.164956470873405
2000-11,Nalgonda,3.7015756090392813
2000-11,Sri Potti Sriramulu Nellore,84.66939052710381
2000-11,Nizamabad,5.427374108196625
2000-11,Prakasam,34.347300281136945
2000-11,Rangareddy,3.988231133003473
2000-11,Srikakulam,15.088765495535025
2000-11,Visakhapatnam,6.983893286478249
2000-11,Vizianagaram,13.32204099106528
2000-11,Warangal,2.451489343918887
2000-11,West Godavari,10.549114319326666
2000-12,Adilabad,0.7462160285888675
2000-12,Anantapur,3.0523499002109458
2000-12,Chittoor,28.423944664063495
2000-12,Y.s.r.,13.156959106379087
2000-12,East Godavari,0.5908387103648628
2000-12,Guntur,1.2732596378188146
2000-12,Hyderabad,0.0
2000-12,Karimnagar,1.0465307605952403
2000-12,Khammam,0.005334627512496352
2000-12,Krishna,1.3443564676792874
2000-12,Kurnool,1.0806809815939449
2000-12,Mahbubnagar,0.6382562976946501
2000-12,Medak,0.36554036009146895
2000-12,Nalgonda,0.0060869011002926895
2000-12,Sri Potti Sriramulu Nellore,39.66978217694684
2000-12,Nizamabad,0.13485709155884976
2000-12,Prakasam,3.8549361604483474
2000-12,Rangareddy,0.0012247784540727882
2000-12,Srikakulam,0.0
2000-12,Visakhapatnam,0.8121386784497547
2000-12,Vizianagaram,0.026533625409696875
2000-12,Warangal,0.34812262317309556
2000-12,West Godavari,0.7111368367589208
2001-01,Adilabad,10.158464953948025
2001-01,Anantapur,1.7398737073862673
2001-01,Chittoor,8.466360574316468
2001-01,Y.s.r.,5.954620191425499
2001-01,East Godavari,4.404584433672831
2001-01,Guntur,4.015564508940393
2001-01,Hyderabad,6.4775863511662655
2001-01,Karimnagar,8.107151571318472
2001-01,Khammam,5.88563061652329
2001-01,Krishna,4.388354323082267
2001-01,Kurnool,1.962867906002075
2001-01,Mahbubnagar,2.3495846894304693
2001-01,Medak,8.038393896926404
2001-01,Nalgonda,6.175486320898792
2001-01,Sri Potti Sriramulu Nellore,7.340527381335678
2001-01,Nizamabad,11.0345982546421
2001-01,Prakasam,5.301994086133902
2001-01,Rangareddy,5.556611111452313
2001-01,Srikakulam,3.951491871224511
2001-01,Visakhapatnam,5.853267112412748
2001-01,Vizianagaram,5.305601320422285
2001-01,Warangal,6.173487418838512
2001-01,West Godavari,4.442754366604025
2001-02,Adilabad,7.443177826845347
2001-02,Anantapur,0.0
2001-02,Chittoor,0.10832017992728805
2001-02,Y.s.r.,0.0
2001-02,East Godavari,2.6762042761301257
2001-02,Guntur,0.09832444848772182
2001-02,Hyderabad,0.0
2001-02,Karimnagar,6.7927204321134305
2001-02,Khammam,4.634865694088608
2001-02,Krishna,1.8566211886635573
2001-02,Kurnool,0.0
2001-02,Mahbubnagar,0.05342685488398105
2001-02,Medak,0.7827740948900699
2001-02,Nalgonda,2.495337494336038
2001-02,Sri Potti Sriramulu Nellore,0.49631140182630934
2001-02,Nizamabad,2.026546683031946
2001-02,Prakasam,0.0
2001-02,Rangareddy,0.019895635734798862
2001-02,Srikakulam,8.49198741234882
2001-02,Visakhapatnam,7.210828377300556
2001-02,Vizianagaram,9.738716001762139
2001-02,Warangal,6.930713515654512
2001-02,West Godavari,2.7463010886095094
2001-03,Adilabad,16.8767835520832
2001-03,Anantapur,0.2335180619086737
2001-03,Chittoor,8.548954873683565
2001-03,Y.s.r.,3.2025495888438367
2001-03,East Godavari,6.827025485150839
2001-03,Guntur,8.506378431839956
2001-03,Hyderabad,6.44785217891619
2001-03,Karimnagar,12.37619724765292
2001-03,Khammam,11.414011088952753
2001-03,Krishna,7.702702496820517
2001-03,Kurnool,0.016070447319661455
2001-03,Mahbubnagar,0.4004117140315083
2001-03,Medak,6.125004039338018
2001-03,Nalgonda,8.940295859584594
2001-03,Sri Potti Sriramulu Nellore,5.654820896239488
2001-03,Nizamabad,9.25002902968481
2001-03,Prakasam,5.500795304848276
2001-03,Rangareddy,3.1678595131977585
2001-03,Srikakulam,17.977492008624864
2001-03,Visakhapatnam,13.715198447330993
2001-03,Vizianagaram,17.663716236919242
2001-03,Warangal,10.48309346329591
2001-03,West Godavari,6.3150167417043965
2001-04,Adilabad,18.932250288351177
2001-04,Anantapur,34.02311483920967
2001-04,Chittoor,61.370455282636186
2001-04,Y.s.r.,30.888579791371793
2001-04,East Godavari,25.704609915755793
2001-04,Guntur,14.436623212758562
2001-04,Hyderabad,23.40194815725184
2001-04,Karimnagar,21.620463349334475
2001-04,Khammam,17.69809242032326
2001-04,Krishna,10.518585956921443
2001-04,Kurnool,27.05374508594767
2001-04,Mahbubnagar,20.154197676534917
2001-04,Medak,22.84705863617844
2001-04,Nalgonda,18.324658449311276
2001-04,Sri Potti Sriramulu Nellore,23.848529922191886
2001-04,Nizamabad,17.94145171102527
2001-04,Prakasam,21.73613185381178
2001-04,Rangareddy,23.99514377102213
2001-04,Srikakulam,17.332629550790333
2001-04,Visakhapatnam,49.160256275380554
2001-04,Vizianagaram,34.55468991807319
2001-04,Warangal,20.442294025449392
2001-04,West Godavari,10.946782083152225
2001-05,Adilabad,13.669049756391507
2001-05,Anantapur,23.885706747225644
2001-05,Chittoor,48.18719319318473
2001-05,Y.s.r.,32.607941707594264
2001-05,East Godavari,44.72108053173117
2001-05,Guntur,19.954028409359868
2001-05,Hyderabad,10.85502935952739
2001-05,Karimnagar,11.6695937645128
2001-05,Khammam,37.829138000353986
2001-05,Krishna,35.75775336142424
2001-05,Kurnool,20.262118070977415
2001-05,Mahbubnagar,17.050683117110886
2001-05,Medak,12.302302147845468
2001-05,Nalgonda,13.394729694249381
2001-05,Sri Potti Sriramulu Nellore,20.857531783143784
2001-05,Nizamabad,13.373612260370122
2001-05,Prakasam,20.79633488347983
2001-05,Rangareddy,14.076041213107356
2001-05,Srikakulam,58.87579839105406
2001-05,Visakhapatnam,66.2801785000907
2001-05,Vizianagaram,75.00439421035027
2001-05,Warangal,19.065938083582857
2001-05,West Godavari,38.29241478922233
2001-06,Adilabad,256.5140917522558
2001-06,Anantapur,26.9590773600737
2001-06,Chittoor,71.90740216160407
2001-06,Y.s.r.,62.48629000328261
2001-06,East Godavari,160.17724884225592
2001-06,Guntur,134.42012459380467
2001-06,Hyderabad,157.8141983095496
2001-06,Karimnagar,211.62029686114985
2001-06,Khammam,182.42735500210216
2001-06,Krishna,155.33392857209392
2001-06,Kurnool,92.35269463763993
2001-06,Mahbubnagar,145.45719520324826
2001-06,Medak,191.0484726416174
2001-06,Nalgonda,161.06910202855443
2001-06,Sri Potti Sriramulu Nellore,54.086252860537165
2001-06,Nizamabad,207.39122049276065
2001-06,Prakasam,104.30278691240818
2001-06,Rangareddy,167.59223648841785
2001-06,Srikakulam,173.59332145883104
2001-06,Visakhapatnam,165.51434525568075
2001-06,Vizianagaram,173.55347558569645
2001-06,Warangal,183.95582323831067
2001-06,West Godavari,178.34389130443324
2001-07,Adilabad,256.9181974786767
2001-07,Anantapur,27.191273310220012
2001-07,Chittoor,109.70515667263155
2001-07,Y.s.r.,82.12871070007755
2001-07,East Godavari,158.20895484882595
2001-07,Guntur,115.11185373843615
2001-07,Hyderabad,126.01919097205966
2001-07,Karimnagar,214.50161933052988
2001-07,Khammam,251.07602293772058
2001-07,Krishna,142.75889077544636
2001-07,Kurnool,79.62500811382648
2001-07,Mahbubnagar,124.35071087947773
2001-07,Medak,135.02307702710797
2001-07,Nalgonda,135.20244305497118
2001-07,Sri Potti Sriramulu Nellore,59.95358489369129
2001-07,Nizamabad,168.17510616272938
2001-07,Prakasam,92.419299771684
2001-07,Rangareddy,141.3392672406423
2001-07,Srikakulam,241.47975893547326
2001-07,Visakhapatnam,200.65635584357804
2001-07,Vizianagaram,266.4142546091034
2001-07,Warangal,216.47587381054615
2001-07,West Godavari,169.14199448937262
2001-08,Adilabad,427.274817165682
2001-08,Anantapur,48.98856604968262
2001-08,Chittoor,105.47813518493363
2001-08,Y.s.r.,113.6411634456265
2001-08,East Godavari,312.7623915750449
2001-08,Guntur,166.305566674816
2001-08,Hyderabad,194.34040066246845
2001-08,Karimnagar,278.95576058208144
2001-08,Khammam,300.2667836712295
2001-08,Krishna,203.69050097696538
2001-08,Kurnool,112.44419531419182
2001-08,Mahbubnagar,197.228677109468
2001-08,Medak,249.32572575130052
2001-08,Nalgonda,192.32579718679128
2001-08,Sri Potti Sriramulu Nellore,114.3345918090965
2001-08,Nizamabad,320.48320516783224
2001-08,Prakasam,147.13053920558983
2001-08,Rangareddy,221.48758678508963
2001-08,Srikakulam,277.8139034909659
2001-08,Visakhapatnam,361.4453401475338
2001-08,Vizianagaram,311.07933154670974
2001-08,Warangal,245.89326278696183
2001-08,West Godavari,268.84977677763146
2001-09,Adilabad,131.14309661748092
2001-09,Anantapur,206.6373762422591
2001-09,Chittoor,169.9678257721796
2001-09,Y.s.r.,176.43685177606073
2001-09,East Godavari,178.9052518325246
2001-09,Guntur,176.1110803628174
2001-09,Hyderabad,159.00829034715792
2001-09,Karimnagar,136.54390997070166
2001-09,Khammam,165.75817051451105
2001-09,Krishna,156.48824186984058
2001-09,Kurnool,200.42183140084424
2001-09,Mahbubnagar,202.88248232348727
2001-09,Medak,145.38151864827253
2001-09,Nalgonda,174.6671676513854
2001-09,Sri Potti Sriramulu Nellore,121.55820093174017
2001-09,Nizamabad,120.17131871654814
2001-09,Prakasam,174.00112818872802
2001-09,Rangareddy,176.3194830930809
2001-09,Srikakulam,203.90145579723114
2001-09,Visakhapatnam,207.86218119113917
2001-09,Vizianagaram,224.89005020830058
2001-09,Warangal,166.81506616579077
2001-09,West Godavari,168.50102552003568
2001-10,Adilabad,85.53096060980293
2001-10,Anantapur,230.73591689001222
2001-10,Chittoor,280.27722734980955
2001-10,Y.s.r.,262.37542026970976
2001-10,East Godavari,270.1106186543845
2001-10,Guntur,191.23909089635626
2001-10,Hyderabad,132.7317791630149
2001-10,Karimnagar,95.45070176898749
2001-10,Khammam,160.75755720010707
2001-10,Krishna,229.69372400033956
2001-10,Kurnool,191.05595766954002
2001-10,Mahbubnagar,182.4191353334276
2001-10,Medak,131.87063685817972
2001-10,Nalgonda,133.45478665807795
2001-10,Sri Potti Sriramulu Nellore,319.03613790667487
2001-10,Nizamabad,131.11233705406394
2001-10,Prakasam,228.8172606462985
2001-10,Rangareddy,144.8641592651066
2001-10,Srikakulam,186.31534963147038
2001-10,Visakhapatnam,230.14196681038825
2001-10,Vizianagaram,199.22446366535516
2001-10,Warangal,101.66386190873537
2001-10,West Godavari,283.086331516162
2001-11,Adilabad,5.978677549481686
2001-11,Anantapur,10.533257437454802
2001-11,Chittoor,85.45026933684824
2001-11,Y.s.r.,49.15583092687838
2001-11,East Godavari,95.15811757042427
2001-11,Guntur,43.92220766703902
2001-11,Hyderabad,6.118424681629563
2001-11,Karimnagar,8.976685719634457
2001-11,Khammam,42.489043595707
2001-11,Krishna,77.27735522988802
2001-11,Kurnool,5.6078542487274685
2001-11,Mahbubnagar,4.9512012303656885
2001-11,Medak,5.291017889987038
2001-11,Nalgonda,12.148359641540532
2001-11,Sri Potti Sriramulu Nellore,188.83015297102446
2001-11,Nizamabad,5.242506859786875
2001-11,Prakasam,60.49724518779939
2001-11,Rangareddy,5.423757880300998
2001-11,Srikakulam,114.2594281885044
2001-11,Visakhapatnam,96.87264053010804
2001-11,Vizianagaram,105.06546516989742
2001-11,Warangal,17.640702395779115
2001-11,West Godavari,79.26581219792291
2001-12,Adilabad,2.079058064834619
2001-12,Anantapur,3.37868983333151
2001-12,Chittoor,40.665203276069484
2001-12,Y.s.r.,21.787475016967054
2001-12,East Godavari,6.135784311245103
2001-12,Guntur,6.110680848522137
2001-12,Hyderabad,3.2925751002475274
2001-12,Karimnagar,3.123023203309622
2001-12,Khammam,3.5031703325595527
2001-12,Krishna,4.937635481164628
2001-12,Kurnool,1.5644834972823918
2001-12,Mahbubnagar,1.5755122944303088
2001-12,Medak,3.537405451481123
2001-12,Nalgonda,1.133114733718407
2001-12,Sri Potti Sriramulu Nellore,44.542039791511215
2001-12,Nizamabad,2.90596127260502
2001-12,Prakasam,8.300130949274159
2001-12,Rangareddy,3.156249463982852
2001-12,Srikakulam,2.640534875301239
2001-12,Visakhapatnam,4.134201696973814
2001-12,Vizianagaram,2.501868004732681
2001-12,Warangal,2.3197750775939245
2001-12,West Godavari,6.513054052060681
2002-01,Adilabad,12.16804748586775
2002-01,Anantapur,0.7895105143865404
2002-01,Chittoor,10.889283984625786
2002-01,Y.s.r.,3.72209502555149
2002-01,East Godavari,2.216027921797793
2002-01,Guntur,2.6637283777713563
2002-01,Hyderabad,6.2699493928248815
2002-01,Karimnagar,10.79809184257827
2002-01,Khammam,4.754804666980444
2002-01,Krishna,4.81030394863464
2002-01,Kurnool,0.31242921704732335
2002-01,Mahbubnagar,0.27215922274643806
2002-01,Medak,5.297351951520843
2002-01,Nalgonda,4.109012212706125
2002-01,Sri Potti Sriramulu Nellore,6.642784921695419
2002-01,Nizamabad,10.2942916009697
2002-01,Prakasam,1.8992955234928766
2002-01,Rangareddy,2.272087072028639
2002-01,Srikakulam,6.773580077502964
2002-01,Visakhapatnam,7.586067030122923
2002-01,Vizianagaram,8.627309273001565
2002-01,Warangal,7.252634707320239
2002-01,West Godavari,3.7732312126317797
2002-02,Adilabad,7.718251577352266
2002-02,Anantapur,1.9364031259410908
2002-02,Chittoor,4.350616251898261
2002-02,Y.s.r.,3.1155866355643673
2002-02,East Godavari,2.587053826257478
2002-02,Guntur,1.9791816203135892
2002-02,Hyderabad,0.0
2002-02,Karimnagar,6.2480563774838105
2002-02,Khammam,5.615207043679562
2002-02,Krishna,1.3559964765989567
2002-02,Kurnool,1.6542215440279955
2002-02,Mahbubnagar,1.8908429398795719
2002-02,Medak,1.9251266724660958
2002-02,Nalgonda,4.475120550517257
2002-02,Sri Potti Sriramulu Nellore,3.2900977004549663
2002-02,Nizamabad,4.06307225127563
2002-02,Prakasam,3.1466898069528546
2002-02,Rangareddy,0.6202314620652581
2002-02,Srikakulam,8.87424572465141
2002-02,Visakhapatnam,6.109997167639669
2002-02,Vizianagaram,7.475237915751829
2002-02,Warangal,7.924919524797046
2002-02,West Godavari,2.2646150992983887
2002-03,Adilabad,12.233686775241571
2002-03,Anantapur,0.15437876546640872
2002-03,Chittoor,6.50874122888458
2002-03,Y.s.r.,1.0233807494457323
2002-03,East Godavari,3.512899596279389
2002-03,Guntur,5.316703947515073
2002-03,Hyderabad,10.520855330957946
2002-03,Karimnagar,10.940268640687394
2002-03,Khammam,7.882138786106791
2002-03,Krishna,2.8121220531186277
2002-03,Kurnool,0.5965424637035579
2002-03,Mahbubnagar,4.3256522615364315
2002-03,Medak,9.013361324063814
2002-03,Nalgonda,8.877951796482028
2002-03,Sri Potti Sriramulu Nellore,3.5287173821538005
2002-03,Nizamabad,10.666249160488958
2002-03,Prakasam,6.400384116354898
2002-03,Rangareddy,8.490807673062392
2002-03,Srikakulam,5.895277112761845
2002-03,Visakhapatnam,5.288375349034618
2002-03,Vizianagaram,6.344791435426361
2002-03,Warangal,8.827740912615909
2002-03,West Godavari,2.606185044241976
2002-04,Adilabad,9.526452356001254
2002-04,Anantapur,4.144930692305919
2002-04,Chittoor,11.803786354706398
2002-04,Y.s.r.,6.557070269572325
2002-04,East Godavari,20.17250743933211
2002-04,Guntur,3.859865666868485
2002-04,Hyderabad,8.79840458928574
2002-04,Karimnagar,10.266081743975203
2002-04,Khammam,9.552148913206569
2002-04,Krishna,1.738888853440889
2002-04,Kurnool,4.6476747208387845
2002-04,Mahbubnagar,3.7414390737542136
2002-04,Medak,11.068601060680951
2002-04,Nalgonda,4.530617468505153
2002-04,Sri Potti Sriramulu Nellore,6.707562091036291
2002-04,Nizamabad,9.196089539676153
2002-04,Prakasam,5.464036582779831
2002-04,Rangareddy,10.108612292305862
2002-04,Srikakulam,34.252697137700636
2002-04,Visakhapatnam,69.05804969881002
2002-04,Vizianagaram,60.6124671537951
2002-04,Warangal,8.863737114404486
2002-04,West Godavari,3.7008602744576624
2002-05,Adilabad,25.45939748331928
2002-05,Anantapur,110.02690711677215
2002-05,Chittoor,92.61556764234543
2002-05,Y.s.r.,99.44882471908817
2002-05,East Godavari,62.95022343563419
2002-05,Guntur,95.96916856631536
2002-05,Hyderabad,54.63423381715916
2002-05,Karimnagar,24.652510652880526
2002-05,Khammam,76.75243936037079
2002-05,Krishna,109.13326491519345
2002-05,Kurnool,102.8950112331364
2002-05,Mahbubnagar,90.95596219089968
2002-05,Medak,37.29954772833272
2002-05,Nalgonda,53.10227625929795
2002-05,Sri Potti Sriramulu Nellore,60.56424826960268
2002-05,Nizamabad,29.483185997074493
2002-05,Prakasam,92.02979310868928
2002-05,Rangareddy,64.57261140366616
2002-05,Srikakulam,41.89551920911903
2002-05,Visakhapatnam,50.08687215307782
2002-05,Vizianagaram,49.57177640418719
2002-05,Warangal,44.36729626435516
2002-05,West Godavari,78.85474504565764
2002-06,Adilabad,261.668279237821
2002-06,Anantapur,46.543798174839125
2002-06,Chittoor,116.4239100884795
2002-06,Y.s.r.,96.08388335373435
2002-06,East Godavari,141.73144202270143
2002-06,Guntur,108.88825457823788
2002-06,Hyderabad,120.99975059919755
2002-06,Karimnagar,217.46654195324413
2002-06,Khammam,174.36517337815548
2002-06,Krishna,120.01327611819748
2002-06,Kurnool,125.5164643269272
2002-06,Mahbubnagar,130.22143513150462
2002-06,Medak,170.06775731425762
2002-06,Nalgonda,130.20215050668793
2002-06,Sri Potti Sriramulu Nellore,63.23246027933773
2002-06,Nizamabad,202.4349359462374
2002-06,Prakasam,110.1172741654715
2002-06,Rangareddy,128.88213568438147
2002-06,Srikakulam,129.74187538336054
2002-06,Visakhapatnam,177.70458287887107
2002-06,Vizianagaram,172.92114660022867
2002-06,Warangal,187.95914693037287
2002-06,West Godavari,137.85170278210566
2002-07,Adilabad,117.00362169006063
2002-07,Anantapur,16.849178293535665
2002-07,Chittoor,63.26483461796296
2002-07,Y.s.r.,56.465238012415
2002-07,East Godavari,129.5902537406943
2002-07,Guntur,88.35249368985549
2002-07,Hyderabad,112.19911961756088
2002-07,Karimnagar,129.79725539082597
2002-07,Khammam,149.16249907197667
2002-07,Krishna,94.86833571707514
2002-07,Kurnool,54.51338533174131
2002-07,Mahbubnagar,103.30223459569062
2002-07,Medak,138.31807758688387
2002-07,Nalgonda,108.36832047114524
2002-07,Sri Potti Sriramulu Nellore,51.19929139748578
2002-07,Nizamabad,138.16730144503276
2002-07,Prakasam,57.43468144946477
2002-07,Rangareddy,127.39761411619175
2002-07,Srikakulam,226.70553592234285
2002-07,Visakhapatnam,184.9268054381236
2002-07,Vizianagaram,258.39262858247963
2002-07,Warangal,145.55252491415771
2002-07,West Godavari,121.89957469622362
2002-08,Adilabad,378.27725699501684
2002-08,Anantapur,46.37097591809862
2002-08,Chittoor,87.8205525988718
2002-08,Y.s.r.,85.41163738902675
2002-08,East Godavari,250.44885675014905
2002-08,Guntur,181.9358393978203
2002-08,Hyderabad,214.93613773858274
2002-08,Karimnagar,325.6720568016039
2002-08,Khammam,339.979540248847
2002-08,Krishna,212.82272517548398
2002-08,Kurnool,139.83370639749842
2002-08,Mahbubnagar,204.93065154098528
2002-08,Medak,309.0718313240067
2002-08,Nalgonda,199.00315483563216
2002-08,Sri Potti Sriramulu Nellore,85.8903818507914
2002-08,Nizamabad,375.9683679942168
2002-08,Prakasam,147.906827658084
2002-08,Rangareddy,242.97388512611303
2002-08,Srikakulam,280.32315495020504
2002-08,Visakhapatnam,324.8755543860203
2002-08,Vizianagaram,318.6363160945213
2002-08,Warangal,293.9518304630324
2002-08,West Godavari,238.1345565784343
2002-09,Adilabad,50.6418626054697
2002-09,Anantapur,59.04522317270547
2002-09,Chittoor,87.18515615414198
2002-09,Y.s.r.,83.6714729547142
2002-09,East Godavari,82.57997464607864
2002-09,Guntur,63.316151622782634
2002-09,Hyderabad,43.48465192788626
2002-09,Karimnagar,37.17257203989393
2002-09,Khammam,63.81621728105304
2002-09,Krishna,71.02520324256966
2002-09,Kurnool,59.60234660058523
2002-09,Mahbubnagar,55.89553985534142
2002-09,Medak,45.06272404786743
2002-09,Nalgonda,42.18930067094591
2002-09,Sri Potti Sriramulu Nellore,68.66665415219542
2002-09,Nizamabad,59.73014733727517
2002-09,Prakasam,67.55754429116041
2002-09,Rangareddy,46.83766244129881
2002-09,Srikakulam,163.80578948573887
2002-09,Visakhapatnam,110.33394243786981
2002-09,Vizianagaram,139.09429304423975
2002-09,Warangal,49.26297721178642
2002-09,West Godavari,75.47716495587363
2002-10,Adilabad,35.48246224207448
2002-10,Anantapur,162.31955455092586
2002-10,Chittoor,266.65930958947945
2002-10,Y.s.r.,290.277691175151
2002-10,East Godavari,237.75034805381316
2002-10,Guntur,304.94760281291445
2002-10,Hyderabad,142.13415857210128
2002-10,Karimnagar,58.58176911466405
2002-10,Khammam,131.89481431985888
2002-10,Krishna,279.76975111053173
2002-10,Kurnool,175.51363190346748
2002-10,Mahbubnagar,140.7784109266937
2002-10,Medak,118.9379452375033
2002-10,Nalgonda,168.2709669874274
2002-10,Sri Potti Sriramulu Nellore,503.2299042815141
2002-10,Nizamabad,70.1111959448496
2002-10,Prakasam,348.10101084830745
2002-10,Rangareddy,135.23648421316355
2002-10,Srikakulam,172.39827143418916
2002-10,Visakhapatnam,181.27445845707112
2002-10,Vizianagaram,162.47526220120443
2002-10,Warangal,101.50852343277063
2002-10,West Godavari,263.04903671405856
2002-11,Adilabad,6.4039278199364755
2002-11,Anantapur,13.101554181036052
2002-11,Chittoor,54.58427289094021
2002-11,Y.s.r.,35.01122062134397
2002-11,East Godavari,36.91133570302169
2002-11,Guntur,22.83501002400476
2002-11,Hyderabad,5.791449920259245
2002-11,Karimnagar,6.630828907523396
2002-11,Khammam,16.937423734172086
2002-11,Krishna,37.78939425386587
2002-11,Kurnool,7.117846705378209
2002-11,Mahbubnagar,5.496652847052202
2002-11,Medak,5.81251150247073
2002-11,Nalgonda,8.470262058404861
2002-11,Sri Potti Sriramulu Nellore,128.2418858760898
2002-11,Nizamabad,6.739090117925198
2002-11,Prakasam,33.043747570445774
2002-11,Rangareddy,5.181829931358434
2002-11,Srikakulam,44.28124474147157
2002-11,Visakhapatnam,35.34788735316479
2002-11,Vizianagaram,38.61026383236799
2002-11,Warangal,9.106738528216777
2002-11,West Godavari,25.647473225347543
2002-12,Adilabad,0.6382714541264993
2002-12,Anantapur,2.686273307486415
2002-12,Chittoor,29.728345942461722
2002-12,Y.s.r.,10.882735217925443
2002-12,East Godavari,5.5198534323597634
2002-12,Guntur,3.414987698413138
2002-12,Hyderabad,1.5981409798933848
2002-12,Karimnagar,0.840823440115597
2002-12,Khammam,0.9476594361094467
2002-12,Krishna,3.37781232745019
2002-12,Kurnool,1.2372653248791903
2002-12,Mahbubnagar,1.892571141825576
2002-12,Medak,0.6807331436567424
2002-12,Nalgonda,0.8281507586725279
2002-12,Sri Potti Sriramulu Nellore,25.209175068997325
2002-12,Nizamabad,0.28673513453567234
2002-12,Prakasam,3.9265725405441807
2002-12,Rangareddy,0.6853068240566468
2002-12,Srikakulam,6.292800819601557
2002-12,Visakhapatnam,4.869966522907823
2002-12,Vizianagaram,3.738522003815483
2002-12,Warangal,0.09182131278151749
2002-12,West Godavari,4.39844650452398
2003-01,Adilabad,10.216434343254456
2003-01,Anantapur,0.21952573545649715
2003-01,Chittoor,5.2121773377635625
2003-01,Y.s.r.,2.4296252324477265
2003-01,East Godavari,5.054064070246374
2003-01,Guntur,2.779018031380948
2003-01,Hyderabad,3.741511592895853
2003-01,Karimnagar,6.848782276451227
2003-01,Khammam,6.477895664181598
2003-01,Krishna,4.13817475498522
2003-01,Kurnool,0.4165586842664441
2003-01,Mahbubnagar,2.1222290175382743
2003-01,Medak,4.7474372626286545
2003-01,Nalgonda,4.505931772604449
2003-01,Sri Potti Sriramulu Nellore,3.471454204192708
2003-01,Nizamabad,9.905390733646433
2003-01,Prakasam,0.9279970089778911
2003-01,Rangareddy,3.5434792027293867
2003-01,Srikakulam,10.670725116555898
2003-01,Visakhapatnam,12.537640910497364
2003-01,Vizianagaram,12.779698694034929
2003-01,Warangal,5.162065662871172
2003-01,West Godavari,5.179479167895165
2003-02,Adilabad,9.00745859797399
2003-02,Anantapur,0.007961146915018206
2003-02,Chittoor,0.05233383954026277
2003-02,Y.s.r.,0.0
2003-02,East Godavari,4.222643727421676
2003-02,Guntur,0.4694049395803008
2003-02,Hyderabad,6.738499691571231
2003-02,Karimnagar,7.294032757010528
2003-02,Khammam,5.24482754564947
2003-02,Krishna,1.89774231990824
2003-02,Kurnool,0.0
2003-02,Mahbubnagar,0.8208242676881495
2003-02,Medak,5.776592622233777
2003-02,Nalgonda,6.051510939035417
2003-02,Sri Potti Sriramulu Nellore,0.0
2003-02,Nizamabad,5.844229768110522
2003-02,Prakasam,0.0
2003-02,Rangareddy,3.0819507659961527
2003-02,Srikakulam,15.164419602733025
2003-02,Visakhapatnam,10.45448194779458
2003-02,Vizianagaram,14.900132161471324
2003-02,Warangal,7.599660144867029
2003-02,West Godavari,3.3770332849865197
2003-03,Adilabad,20.765049710505213
2003-03,Anantapur,2.0221153194931816
2003-03,Chittoor,8.785071949403703
2003-03,Y.s.r.,2.066946266004998
2003-03,East Godavari,8.680286532081562
2003-03,Guntur,6.600615391630398
2003-03,Hyderabad,18.395552262673483
2003-03,Karimnagar,20.380796963416014
2003-03,Khammam,11.47842877151629
2003-03,Krishna,7.0540271507639805
2003-03,Kurnool,3.3064774511270105
2003-03,Mahbubnagar,9.241635546295964
2003-03,Medak,13.601572093868995
2003-03,Nalgonda,13.164222412073675
2003-03,Sri Potti Sriramulu Nellore,4.672983173307337
2003-03,Nizamabad,13.521969012370107
2003-03,Prakasam,5.0658194460237205
2003-03,Rangareddy,13.993557551015472
2003-03,Srikakulam,24.21108938823505
2003-03,Visakhapatnam,18.239301088175694
2003-03,Vizianagaram,22.47013563787979
2003-03,Warangal,14.875802854553106
2003-03,West Godavari,7.015729050868347
2003-04,Adilabad,12.125811317227095
2003-04,Anantapur,19.741196755882605
2003-04,Chittoor,17.48706125629154
2003-04,Y.s.r.,9.648996527371706
2003-04,East Godavari,7.311771001121605
2003-04,Guntur,9.52514671335316
2003-04,Hyderabad,18.022520345545896
2003-04,Karimnagar,13.814803515312533
2003-04,Khammam,10.242967338764393
2003-04,Krishna,8.455744414949752
2003-04,Kurnool,15.20119837758545
2003-04,Mahbubnagar,15.499516917278552
2003-04,Medak,19.123615500576662
2003-04,Nalgonda,12.01097926215315
2003-04,Sri Potti Sriramulu Nellore,6.464653775314674
2003-04,Nizamabad,14.294606748707677
2003-04,Prakasam,10.375629248303431
2003-04,Rangareddy,19.02593603352388
2003-04,Srikakulam,15.264928617192778
2003-04,Visakhapatnam,20.272963914831227
2003-04,Vizianagaram,22.06911072172897
2003-04,Warangal,12.080892984779513
2003-04,West Godavari,5.337441597144576
2003-05,Adilabad,6.717975542509146
2003-05,Anantapur,19.376327576695367
2003-05,Chittoor,28.95132314268039
2003-05,Y.s.r.,27.45172529021446
2003-05,East Godavari,23.90109456083176
2003-05,Guntur,21.70807779176294
2003-05,Hyderabad,10.213339805525868
2003-05,Karimnagar,5.6770713590475905
2003-05,Khammam,23.22668102706245
2003-05,Krishna,25.52740256063623
2003-05,Kurnool,17.770522612692258
2003-05,Mahbubnagar,16.108680279505336
2003-05,Medak,8.382163209577277
2003-05,Nalgonda,12.396724150556123
2003-05,Sri Potti Sriramulu Nellore,17.11564694426272
2003-05,Nizamabad,7.8436807406463
2003-05,Prakasam,22.95060314533551
2003-05,Rangareddy,12.574385831936278
2003-05,Srikakulam,31.232999101169845
2003-05,Visakhapatnam,30.011399746351987
2003-05,Vizianagaram,33.940255058448656
2003-05,Warangal,10.545739989560403
2003-05,West Godavari,23.675077934471805
2003-06,Adilabad,159.33175291346413
2003-06,Anantapur,22.856362777368506
2003-06,Chittoor,78.33762867051334
2003-06,Y.s.r.,63.58053862553248
2003-06,East Godavari,115.05689155223494
2003-06,Guntur,110.97020433938172
2003-06,Hyderabad,80.87694936446773
2003-06,Karimnagar,135.48178553208047
2003-06,Khammam,131.88922103923989
2003-06,Krishna,123.41574333940063
2003-06,Kurnool,68.48352543432743
2003-06,Mahbubnagar,72.90186389547593
2003-06,Medak,99.7752359605888
2003-06,Nalgonda,111.88737557751568
2003-06,Sri Potti Sriramulu Nellore,48.68712083264385
2003-06,Nizamabad,120.71246975284504
2003-06,Prakasam,80.42799463000782
2003-06,Rangareddy,87.35950175860494
2003-06,Srikakulam,115.6339253262435
2003-06,Visakhapatnam,108.49438957597162
2003-06,Vizianagaram,127.67612807576985
2003-06,Warangal,119.44510641693698
2003-06,West Godavari,124.0360125072774
2003-07,Adilabad,363.4047333879918
2003-07,Anantapur,28.4556034440518
2003-07,Chittoor,141.27384745428836
2003-07,Y.s.r.,119.61159104543981
2003-07,East Godavari,320.30922175173026
2003-07,Guntur,198.75444735001503
2003-07,Hyderabad,158.9717632261294
2003-07,Karimnagar,308.28579659854495
2003-07,Khammam,391.4651584744606
2003-07,Krishna,265.6130275261695
2003-07,Kurnool,92.38594010169965
2003-07,Mahbubnagar,139.2620363257441
2003-07,Medak,209.38097873524083
2003-07,Nalgonda,213.79293958212565
2003-07,Sri Potti Sriramulu Nellore,108.29408542424986
2003-07,Nizamabad,274.524915081745
2003-07,Prakasam,138.84870898723918
2003-07,Rangareddy,170.397406801051
2003-07,Srikakulam,277.89053542888416
2003-07,Visakhapatnam,364.36069991983544
2003-07,Vizianagaram,386.971093530198
2003-07,Warangal,362.7281153206786
2003-07,West Godavari,308.90095269980776
2003-08,Adilabad,388.1130452502811
2003-08,Anantapur,48.602000037373635
2003-08,Chittoor,114.75145442269375
2003-08,Y.s.r.,91.88779568159065
2003-08,East Godavari,258.31115569999156
2003-08,Guntur,115.2664267243052
2003-08,Hyderabad,163.84804376741826
2003-08,Karimnagar,255.82616447771994
2003-08,Khammam,348.7950460966111
2003-08,Krishna,149.79539059366152
2003-08,Kurnool,109.78480408783105
2003-08,Mahbubnagar,175.1769297217515
2003-08,Medak,221.22913116316755
2003-08,Nalgonda,168.62763082641058
2003-08,Sri Potti Sriramulu Nellore,84.28959981720098
2003-08,Nizamabad,269.7102979465743
2003-08,Prakasam,109.19969865387323
2003-08,Rangareddy,193.32328881263567
2003-08,Srikakulam,221.88937173188395
2003-08,Visakhapatnam,294.1891103080047
2003-08,Vizianagaram,272.1665836259056
2003-08,Warangal,259.6207383322681
2003-08,West Godavari,211.51162187151525
2003-09,Adilabad,113.51095344074966
2003-09,Anantapur,55.124513767880686
2003-09,Chittoor,81.45930807670398
2003-09,Y.s.r.,78.5434253575585
2003-09,East Godavari,151.55906843515103
2003-09,Guntur,134.78233988201993
2003-09,Hyderabad,84.29579614373856
2003-09,Karimnagar,109.47236531779745
2003-09,Khammam,145.71425990666395
2003-09,Krishna,130.0121396559786
2003-09,Kurnool,84.55037647081438
2003-09,Mahbubnagar,96.01377654932422
2003-09,Medak,104.21901136618405
2003-09,Nalgonda,117.71947905064239
2003-09,Sri Potti Sriramulu Nellore,87.03398166246683
2003-09,Nizamabad,96.1030626203681
2003-09,Prakasam,115.02034648792974
2003-09,Rangareddy,91.25198372313668
2003-09,Srikakulam,254.4275000327003
2003-09,Visakhapatnam,203.60513795386268
2003-09,Vizianagaram,245.05871513060427
2003-09,Warangal,123.27503066469646
2003-09,West Godavari,141.29736514716294
2003-10,Adilabad,79.29544097998921
2003-10,Anantapur,129.2642829278861
2003-10,Chittoor,188.46112060127922
2003-10,Y.s.r.,161.93842038229843
2003-10,East Godavari,458.953325498799
2003-10,Guntur,218.52258624616056
2003-10,Hyderabad,148.51655185785876
2003-10,Karimnagar,145.9677191474461
2003-10,Khammam,221.30996915597288
2003-10,Krishna,302.7271562781101
2003-10,Kurnool,119.10423972116094
2003-10,Mahbubnagar,114.88972288078243
2003-10,Medak,104.6103183205842
2003-10,Nalgonda,158.34084783402565
2003-10,Sri Potti Sriramulu Nellore,254.21771798225356
2003-10,Nizamabad,66.51623019097661
2003-10,Prakasam,216.1457001567542
2003-10,Rangareddy,114.31944260686834
2003-10,Srikakulam,587.8231265387309
2003-10,Visakhapatnam,454.9347645504605
2003-10,Vizianagaram,483.776730430212
2003-10,Warangal,185.88222553298317
2003-10,West Godavari,439.68648112415616
2003-11,Adilabad,3.3651999884352666
2003-11,Anantapur,9.449076516018081
2003-11,Chittoor,42.107519362130326
2003-11,Y.s.r.,24.28336684801185
2003-11,East Godavari,7.134999132962166
2003-11,Guntur,5.842574234403485
2003-11,Hyderabad,4.194503430795514
2003-11,Karimnagar,0.8476996438871585
2003-11,Khammam,4.426547059779204
2003-11,Krishna,6.772352424003323
2003-11,Kurnool,3.3814094813803477
2003-11,Mahbubnagar,3.666624694641902
2003-11,Medak,3.774161609310949
2003-11,Nalgonda,1.5890876612474194
2003-11,Sri Potti Sriramulu Nellore,52.711133604499
2003-11,Nizamabad,5.615497862719766
2003-11,Prakasam,15.978809629193904
2003-11,Rangareddy,3.676168657474789
2003-11,Srikakulam,7.061827215706398
2003-11,Visakhapatnam,4.284690965196333
2003-11,Vizianagaram,6.438715651887246
2003-11,Warangal,1.4183729517304435
2003-11,West Godavari,4.501034915861557
2003-12,Adilabad,2.737903103878531
2003-12,Anantapur,4.268409416132827
2003-12,Chittoor,30.56212432190624
2003-12,Y.s.r.,17.5704670245435
2003-12,East Godavari,5.386751565800476
2003-12,Guntur,6.952516046350357
2003-12,Hyderabad,0.23963487264022085
2003-12,Karimnagar,4.450299299719048
2003-12,Khammam,4.017070783203639
2003-12,Krishna,4.990821620337603
2003-12,Kurnool,2.1526567165174426
2003-12,Mahbubnagar,1.5874927345859868
2003-12,Medak,1.5351932867740723
2003-12,Nalgonda,3.464681547923865
2003-12,Sri Potti Sriramulu Nellore,33.94740281692808
2003-12,Nizamabad,1.3613244783549834
2003-12,Prakasam,8.942864495144764
2003-12,Rangareddy,1.0561258036564902
2003-12,Srikakulam,5.228987581428274
2003-12,Visakhapatnam,4.523280183435647
2003-12,Vizianagaram,3.09875623830843
2003-12,Warangal,4.496936594683708
2003-12,West Godavari,5.583222403477468
2004-01,Adilabad,9.008596922571774
2004-01,Anantapur,0.42948079284848417
2004-01,Chittoor,9.470556904889184
2004-01,Y.s.r.,3.1911545544682154
2004-01,East Godavari,1.30328771057046
2004-01,Guntur,0.271428844658483
2004-01,Hyderabad,0.40299968657755925
2004-01,Karimnagar,4.368761103489167
2004-01,Khammam,3.474700052986793
2004-01,Krishna,0.9815168468938698
2004-01,Kurnool,0.23926486914912842
2004-01,Mahbubnagar,0.11082921414770257
2004-01,Medak,3.1027913194236705
2004-01,Nalgonda,2.3212687147484927
2004-01,Sri Potti Sriramulu Nellore,5.4885259875602
2004-01,Nizamabad,8.110903669730401
2004-01,Prakasam,0.5515467667188032
2004-01,Rangareddy,0.7947172971365796
2004-01,Srikakulam,2.44801229048831
2004-01,Visakhapatnam,5.4989403592727655
2004-01,Vizianagaram,4.764327467937724
2004-01,Warangal,2.502766579597785
2004-01,West Godavari,0.6582333024866184
2004-02,Adilabad,5.4968999008348955
2004-02,Anantapur,0.00796122680900878
2004-02,Chittoor,3.1968873014286054
2004-02,Y.s.r.,1.2922802005154528
2004-02,East Godavari,3.4599057728489733
2004-02,Guntur,0.376554520900534
2004-02,Hyderabad,0.0
2004-02,Karimnagar,6.200595358935653
2004-02,Khammam,5.323004500416756
2004-02,Krishna,3.376402462911451
2004-02,Kurnool,0.0
2004-02,Mahbubnagar,0.10685066167264894
2004-02,Medak,1.2779735663637137
2004-02,Nalgonda,3.1711232161632945
2004-02,Sri Potti Sriramulu Nellore,0.8827049050965234
2004-02,Nizamabad,2.615679073573292
2004-02,Prakasam,0.37224097807601636
2004-02,Rangareddy,0.3874819592924502
2004-02,Srikakulam,8.785085789444945
2004-02,Visakhapatnam,8.221917303340325
2004-02,Vizianagaram,10.44942429615031
2004-02,Warangal,6.754720886885926
2004-02,West Godavari,3.5481361431043013
2004-03,Adilabad,14.526881742503553
2004-03,Anantapur,3.1824007168245303
2004-03,Chittoor,10.796232263961599
2004-03,Y.s.r.,4.228402029350386
2004-03,East Godavari,2.5234028478022905
2004-03,Guntur,8.056750568098058
2004-03,Hyderabad,18.915557577694887
2004-03,Karimnagar,13.692865002359808
2004-03,Khammam,7.405641567726828
2004-03,Krishna,6.106277839871469
2004-03,Kurnool,4.487955839146062
2004-03,Mahbubnagar,3.341276719951096
2004-03,Medak,14.548591122913969
2004-03,Nalgonda,11.144299220796722
2004-03,Sri Potti Sriramulu Nellore,6.3510823187577925
2004-03,Nizamabad,14.15042865643442
2004-03,Prakasam,6.975384043501012
2004-03,Rangareddy,11.501125355385778
2004-03,Srikakulam,7.664248322445788
2004-03,Visakhapatnam,5.011823401111147
2004-03,Vizianagaram,8.933538630376642
2004-03,Warangal,10.655104261174227
2004-03,West Godavari,1.105058691871242
2004-04,Adilabad,16.11999253713056
2004-04,Anantapur,34.84366330464401
2004-04,Chittoor,36.3843239847551
2004-04,Y.s.r.,23.86612157930793
2004-04,East Godavari,26.738970916625593
2004-04,Guntur,23.342075910304686
2004-04,Hyderabad,47.051773268350885
2004-04,Karimnagar,22.673385398179793
2004-04,Khammam,24.86691719648899
2004-04,Krishna,15.667423500549663
2004-04,Kurnool,38.93898172576785
2004-04,Mahbubnagar,45.897995488463714
2004-04,Medak,34.95328865831848
2004-04,Nalgonda,38.56732617982499
2004-04,Sri Potti Sriramulu Nellore,15.356963264924524
2004-04,Nizamabad,19.579018006136927
2004-04,Prakasam,28.304488593674353
2004-04,Rangareddy,47.562406702422756
2004-04,Srikakulam,44.350463380317336
2004-04,Visakhapatnam,57.11331098132589
2004-04,Vizianagaram,57.57155290399236
2004-04,Warangal,26.14475865474787
2004-04,West Godavari,13.428296617711903
2004-05,Adilabad,12.972003037773236
2004-05,Anantapur,115.61356806975107
2004-05,Chittoor,131.9422235281926
2004-05,Y.s.r.,119.30287034286017
2004-05,East Godavari,45.37653136762962
2004-05,Guntur,74.21961814613731
2004-05,Hyderabad,41.03185025094782
2004-05,Karimnagar,12.515758445863204
2004-05,Khammam,55.11650876546218
2004-05,Krishna,65.46087695890655
2004-05,Kurnool,87.3741587112916
2004-05,Mahbubnagar,74.2455132846838
2004-05,Medak,27.119926798471777
2004-05,Nalgonda,43.6968295571251
2004-05,Sri Potti Sriramulu Nellore,63.55009455693036
2004-05,Nizamabad,19.223367166223483
2004-05,Prakasam,89.46584489440365
2004-05,Rangareddy,47.491285777333665
2004-05,Srikakulam,43.93944436443781
2004-05,Visakhapatnam,42.18721584495906
2004-05,Vizianagaram,47.93757866803887
2004-05,Warangal,29.348359146665665
2004-05,West Godavari,49.964344439825325
2004-06,Adilabad,129.539603820213
2004-06,Anantapur,21.146273597801773
2004-06,Chittoor,55.87200147163572
2004-06,Y.s.r.,47.72568026679538
2004-06,East Godavari,165.223210247877
2004-06,Guntur,81.00818693808698
2004-06,Hyderabad,76.8014687052051
2004-06,Karimnagar,128.76780867672824
2004-06,Khammam,151.3254451261002
2004-06,Krishna,109.6305171200649
2004-06,Kurnool,60.596856881492364
2004-06,Mahbubnagar,70.41779507080174
2004-06,Medak,105.63142477845527
2004-06,Nalgonda,90.00952320406367
2004-06,Sri Potti Sriramulu Nellore,38.71863634512143
2004-06,Nizamabad,111.63836513204892
2004-06,Prakasam,56.555382402129624
2004-06,Rangareddy,85.18967844485516
2004-06,Srikakulam,176.99665495409218
2004-06,Visakhapatnam,204.04310623430902
2004-06,Vizianagaram,227.67046623966843
2004-06,Warangal,135.95452816337482
2004-06,West Godavari,152.70676284962002
2004-07,Adilabad,341.4284016633516
2004-07,Anantapur,48.12016182964551
2004-07,Chittoor,170.0643954716801
2004-07,Y.s.r.,137.01968605780777
2004-07,East Godavari,329.0324551690871
2004-07,Guntur,207.21996433599338
2004-07,Hyderabad,205.7090982179425
2004-07,Karimnagar,293.313269125131
2004-07,Khammam,409.97316302798595
2004-07,Krishna,247.24261936498218
2004-07,Kurnool,143.82210446374486
2004-07,Mahbubnagar,218.22943114017184
2004-07,Medak,262.9341162845631
2004-07,Nalgonda,250.3637846563067
2004-07,Sri Potti Sriramulu Nellore,94.25660240774641
2004-07,Nizamabad,319.10288405437393
2004-07,Prakasam,152.17357543477337
2004-07,Rangareddy,247.20655139353403
2004-07,Srikakulam,297.7790751741505
2004-07,Visakhapatnam,418.4161396593208
2004-07,Vizianagaram,424.2606800227588
2004-07,Warangal,327.20766809392643
2004-07,West Godavari,298.051539556507
2004-08,Adilabad,234.20133723207303
2004-08,Anantapur,30.901546000031733
2004-08,Chittoor,43.51295904373693
2004-08,Y.s.r.,50.07725281911119
2004-08,East Godavari,186.23872949290347
2004-08,Guntur,92.42896752392053
2004-08,Hyderabad,48.31986551932918
2004-08,Karimnagar,155.39058189128167
2004-08,Khammam,214.932503845051
2004-08,Krishna,138.18718858130052
2004-08,Kurnool,51.84524037919918
2004-08,Mahbubnagar,54.915292554473844
2004-08,Medak,86.06474780161314
2004-08,Nalgonda,73.49908057085342
2004-08,Sri Potti Sriramulu Nellore,46.258518810985414
2004-08,Nizamabad,152.95461629595667
2004-08,Prakasam,58.09938500356586
2004-08,Rangareddy,54.198663400949044
2004-08,Srikakulam,204.15768186194904
2004-08,Visakhapatnam,198.70211573946258
2004-08,Vizianagaram,221.3910233044581
2004-08,Warangal,163.15850592422612
2004-08,West Godavari,201.23233955177204
2004-09,Adilabad,131.89826513225236
2004-09,Anantapur,157.63304177809658
2004-09,Chittoor,219.5971392157608
2004-09,Y.s.r.,161.91509407341354
2004-09,East Godavari,161.06751468051556
2004-09,Guntur,192.83211378775286
2004-09,Hyderabad,88.29079930404242
2004-09,Karimnagar,115.73332063581941
2004-09,Khammam,166.55879283785217
2004-09,Krishna,179.50924912025033
2004-09,Kurnool,167.3819712496055
2004-09,Mahbubnagar,146.51914599458811
2004-09,Medak,116.2633707282819
2004-09,Nalgonda,118.44845034425393
2004-09,Sri Potti Sriramulu Nellore,139.19687616632692
2004-09,Nizamabad,113.5118477692705
2004-09,Prakasam,176.93511268486338
2004-09,Rangareddy,115.34079539931855
2004-09,Srikakulam,201.87200327613553
2004-09,Visakhapatnam,204.61778952867766
2004-09,Vizianagaram,233.17541496351936
2004-09,Warangal,138.94231172060708
2004-09,West Godavari,168.36733168148604
2004-10,Adilabad,50.62913265083837
2004-10,Anantapur,69.70741927476882
2004-10,Chittoor,199.66091460069939
2004-10,Y.s.r.,124.76301936021468
2004-10,East Godavari,199.83880635139263
2004-10,Guntur,129.15810732811835
2004-10,Hyderabad,75.10788212393479
2004-10,Karimnagar,73.04820330774629
2004-10,Khammam,110.41790694813415
2004-10,Krishna,178.88167361375673
2004-10,Kurnool,65.61383209090515
2004-10,Mahbubnagar,65.85309524897524
2004-10,Medak,69.19471309858416
2004-10,Nalgonda,87.44651487787193
2004-10,Sri Potti Sriramulu Nellore,219.5633679164097
2004-10,Nizamabad,48.444811194030635
2004-10,Prakasam,130.09762566825717
2004-10,Rangareddy,68.70063652583708
2004-10,Srikakulam,208.63291857262857
2004-10,Visakhapatnam,188.7818811811662
2004-10,Vizianagaram,194.7376378274271
2004-10,Warangal,86.5168569650651
2004-10,West Godavari,202.5223259902332
2004-11,Adilabad,10.430406654113893
2004-11,Anantapur,17.54757638479157
2004-11,Chittoor,79.2532919041715
2004-11,Y.s.r.,42.711358545251116
2004-11,East Godavari,14.916669511320194
2004-11,Guntur,19.0379266706597
2004-11,Hyderabad,3.886443614033819
2004-11,Karimnagar,4.36951815357554
2004-11,Khammam,11.421822288590782
2004-11,Krishna,22.777326133554258
2004-11,Kurnool,9.925472016623637
2004-11,Mahbubnagar,7.797735789796803
2004-11,Medak,4.265835461499409
2004-11,Nalgonda,9.52701430377902
2004-11,Sri Potti Sriramulu Nellore,116.58163983182273
2004-11,Nizamabad,7.504522110706294
2004-11,Prakasam,38.24307047058186
2004-11,Rangareddy,4.580482639459832
2004-11,Srikakulam,10.68966703225
2004-11,Visakhapatnam,8.622704468845175
2004-11,Vizianagaram,9.860465221865363
2004-11,Warangal,6.213659855617989
2004-11,West Godavari,15.46824542908972
2004-12,Adilabad,0.023810566081880643
2004-12,Anantapur,1.0952624637685664
2004-12,Chittoor,10.273804650215919
2004-12,Y.s.r.,6.798053199379947
2004-12,East Godavari,0.3510038334613534
2004-12,Guntur,0.3076445861389024
2004-12,Hyderabad,0.0
2004-12,Karimnagar,0.15973009467882796
2004-12,Khammam,0.0
2004-12,Krishna,0.10905246376802134
2004-12,Kurnool,0.6106731782815492
2004-12,Mahbubnagar,0.49438773384750456
2004-12,Medak,0.20432495809283285
2004-12,Nalgonda,0.002781086708425363
2004-12,Sri Potti Sriramulu Nellore,15.871543761749068
2004-12,Nizamabad,0.4021372127659385
2004-12,Prakasam,2.1308852064680024
2004-12,Rangareddy,0.07632387706503245
2004-12,Srikakulam,0.0
2004-12,Visakhapatnam,0.7448758970410589
2004-12,Vizianagaram,0.02638241534286934
2004-12,Warangal,0.08955210889536994
2004-12,West Godavari,0.0843268688329817
2005-01,Adilabad,28.737102202160386
2005-01,Anantapur,0.347336071837469
2005-01,Chittoor,7.627459878063157
2005-01,Y.s.r.,2.453766039778676
2005-01,East Godavari,1.159662860181156
2005-01,Guntur,0.03671374396325783
2005-01,Hyderabad,6.09148431796472
2005-01,Karimnagar,24.092276317899003
2005-01,Khammam,6.535861786976079
2005-01,Krishna,1.0132467386282562
2005-01,Kurnool,0.26049593337748134
2005-01,Mahbubnagar,0.12054414838717013
2005-01,Medak,6.37865605148165
2005-01,Nalgonda,4.252665292685649
2005-01,Sri Potti Sriramulu Nellore,3.5674772767506995
2005-01,Nizamabad,14.932812460276585
2005-01,Prakasam,0.3406016092419468
2005-01,Rangareddy,1.7935618817798957
2005-01,Srikakulam,7.12559960068691
2005-01,Visakhapatnam,5.864180195403065
2005-01,Vizianagaram,6.044451091017825
2005-01,Warangal,11.836827918153578
2005-01,West Godavari,0.6136424932834312
2005-02,Adilabad,11.60410341609865
2005-02,Anantapur,0.017367343095409094
2005-02,Chittoor,0.28449387422975847
2005-02,Y.s.r.,0.0
2005-02,East Godavari,5.210347374701632
2005-02,Guntur,0.7492568417487032
2005-02,Hyderabad,6.68666891017778
2005-02,Karimnagar,12.024680648036648
2005-02,Khammam,6.6160643236037915
2005-02,Krishna,4.245674785175507
2005-02,Kurnool,0.0
2005-02,Mahbubnagar,0.7840513274245274
2005-02,Medak,6.252595729269927
2005-02,Nalgonda,6.087363617827439
2005-02,Sri Potti Sriramulu Nellore,0.0
2005-02,Nizamabad,6.419460732233888
2005-02,Prakasam,0.0
2005-02,Rangareddy,3.5353509256454037
2005-02,Srikakulam,15.313447010322047
2005-02,Visakhapatnam,15.078428341582816
2005-02,Vizianagaram,19.237397149996614
2005-02,Warangal,10.697784734637997
2005-02,West Godavari,4.383558657121857
2005-03,Adilabad,17.481338670214654
2005-03,Anantapur,1.4793689271397306
2005-03,Chittoor,8.8868026939757
2005-03,Y.s.r.,3.2441332195843704
2005-03,East Godavari,4.946196619713467
2005-03,Guntur,6.9148881808886395
2005-03,Hyderabad,14.07173842612208
2005-03,Karimnagar,14.871900303295181
2005-03,Khammam,7.81104001469055
2005-03,Krishna,6.015698751299317
2005-03,Kurnool,2.370973200122929
2005-03,Mahbubnagar,4.777061643904477
2005-03,Medak,12.091427195569059
2005-03,Nalgonda,10.641052625347468
2005-03,Sri Potti Sriramulu Nellore,3.863160019225626
2005-03,Nizamabad,13.233235777268971
2005-03,Prakasam,7.218108990080213
2005-03,Rangareddy,9.945788551296003
2005-03,Srikakulam,13.370403356907834
2005-03,Visakhapatnam,10.053749106777772
2005-03,Vizianagaram,11.775188052416576
2005-03,Warangal,11.63099163509044
2005-03,West Godavari,5.190476611907139
2005-04,Adilabad,17.562122193588348
2005-04,Anantapur,30.4242601224262
2005-04,Chittoor,46.79543094910457
2005-04,Y.s.r.,16.118187325856972
2005-04,East Godavari,24.887482013229253
2005-04,Guntur,13.665785515096294
2005-04,Hyderabad,30.90009615367284
2005-04,Karimnagar,20.84652336513
2005-04,Khammam,17.905023614457964
2005-04,Krishna,11.50007927538393
2005-04,Kurnool,30.942940322299815
2005-04,Mahbubnagar,31.501192640949597
2005-04,Medak,36.998132540569486
2005-04,Nalgonda,19.433164819654486
2005-04,Sri Potti Sriramulu Nellore,10.179703130032081
2005-04,Nizamabad,26.187368086510904
2005-04,Prakasam,18.50298896829835
2005-04,Rangareddy,35.979001655095715
2005-04,Srikakulam,33.46931095299805
2005-04,Visakhapatnam,52.637436074760814
2005-04,Vizianagaram,47.152692106410676
2005-04,Warangal,17.410425637984705
2005-04,West Godavari,11.4758183427966
2005-05,Adilabad,11.320701364661817
2005-05,Anantapur,82.7858363905922
2005-05,Chittoor,77.75230325606451
2005-05,Y.s.r.,75.59893833875631
2005-05,East Godavari,35.21126532730192
2005-05,Guntur,48.58848900392351
2005-05,Hyderabad,30.660622231011242
2005-05,Karimnagar,15.137422341672812
2005-05,Khammam,48.055542195262504
2005-05,Krishna,43.92152264532494
2005-05,Kurnool,69.81164864372346
2005-05,Mahbubnagar,56.30951959837026
2005-05,Medak,20.178836430916014
2005-05,Nalgonda,41.14879986736405
2005-05,Sri Potti Sriramulu Nellore,39.441266983025116
2005-05,Nizamabad,12.66064788122586
2005-05,Prakasam,60.50243277454579
2005-05,Rangareddy,37.96055009531009
2005-05,Srikakulam,36.69637761203881
2005-05,Visakhapatnam,40.448293177227335
2005-05,Vizianagaram,47.02458570152445
2005-05,Warangal,38.221307285937336
2005-05,West Godavari,32.3192173442366
2005-06,Adilabad,163.33994747863923
2005-06,Anantapur,36.35887865392491
2005-06,Chittoor,77.85571128175508
2005-06,Y.s.r.,66.17666838038564
2005-06,East Godavari,111.82621867214196
2005-06,Guntur,85.24039231464242
2005-06,Hyderabad,95.08206192744974
2005-06,Karimnagar,159.1155350184398
2005-06,Khammam,133.38103889070712
2005-06,Krishna,98.45458697768167
2005-06,Kurnool,89.22620476821719
2005-06,Mahbubnagar,97.77270922050359
2005-06,Medak,121.38487951262742
2005-06,Nalgonda,98.60808453403833
2005-06,Sri Potti Sriramulu Nellore,37.99267930726865
2005-06,Nizamabad,141.84175694042688
2005-06,Prakasam,70.64998252607047
2005-06,Rangareddy,111.18835342891607
2005-06,Srikakulam,114.93925503550352
2005-06,Visakhapatnam,133.42674737545113
2005-06,Vizianagaram,138.73198595271543
2005-06,Warangal,141.24384196621088
2005-06,West Godavari,108.61035775445758
2005-07,Adilabad,528.9216601874234
2005-07,Anantapur,60.48539045185222
2005-07,Chittoor,169.73233960252304
2005-07,Y.s.r.,147.8053768125125
2005-07,East Godavari,236.3892009247002
2005-07,Guntur,233.6198909037282
2005-07,Hyderabad,295.88758473211124
2005-07,Karimnagar,385.16466928630024
2005-07,Khammam,335.5149884725863
2005-07,Krishna,262.1206211398208
2005-07,Kurnool,202.10406315573488
2005-07,Mahbubnagar,303.1949706417438
2005-07,Medak,375.46627231561985
2005-07,Nalgonda,283.65612342177025
2005-07,Sri Potti Sriramulu Nellore,107.54372097160841
2005-07,Nizamabad,467.47578689730176
2005-07,Prakasam,156.440014748947
2005-07,Rangareddy,357.70164876161147
2005-07,Srikakulam,238.93041926541432
2005-07,Visakhapatnam,278.05556917167274
2005-07,Vizianagaram,290.8227594906209
2005-07,Warangal,360.03473178498575
2005-07,West Godavari,246.17075888538108
2005-08,Adilabad,253.05649167144952
2005-08,Anantapur,89.35580775710709
2005-08,Chittoor,101.22164884732095
2005-08,Y.s.r.,118.91898283953095
2005-08,East Godavari,145.64174163033843
2005-08,Guntur,112.97377868356676
2005-08,Hyderabad,171.337397428778
2005-08,Karimnagar,187.36528526959967
2005-08,Khammam,203.43898357887556
2005-08,Krishna,133.2046816328127
2005-08,Kurnool,135.00837997711548
2005-08,Mahbubnagar,186.46665376654695
2005-08,Medak,215.9949365562552
2005-08,Nalgonda,146.20713170124088
2005-08,Sri Potti Sriramulu Nellore,84.89296299621728
2005-08,Nizamabad,233.52340940195833
2005-08,Prakasam,109.05239313248501
2005-08,Rangareddy,195.91620412702738
2005-08,Srikakulam,147.09200487849907
2005-08,Visakhapatnam,173.30758162359695
2005-08,Vizianagaram,168.25488025131904
2005-08,Warangal,184.70634068212576
2005-08,West Godavari,142.11876368119147
2005-09,Adilabad,264.74729353296397
2005-09,Anantapur,147.1066717012325
2005-09,Chittoor,136.62087496137462
2005-09,Y.s.r.,148.5967641763876
2005-09,East Godavari,473.5746719760218
2005-09,Guntur,300.75654553888694
2005-09,Hyderabad,168.99367183450738
2005-09,Karimnagar,288.0260167255821
2005-09,Khammam,373.3992506494768
2005-09,Krishna,365.74193690640845
2005-09,Kurnool,166.6224082860959
2005-09,Mahbubnagar,178.77613011334918
2005-09,Medak,225.41370912060236
2005-09,Nalgonda,234.81555759685185
2005-09,Sri Potti Sriramulu Nellore,141.69862320689248
2005-09,Nizamabad,243.05277483844668
2005-09,Prakasam,208.94857321285144
2005-09,Rangareddy,179.33270476819905
2005-09,Srikakulam,612.2585660307407
2005-09,Visakhapatnam,535.1325351953548
2005-09,Vizianagaram,633.3478517894526
2005-09,Warangal,322.6565926438471
2005-09,West Godavari,420.0960498843273
2005-10,Adilabad,109.16376368430646
2005-10,Anantapur,321.28908536193376
2005-10,Chittoor,447.8853141460308
2005-10,Y.s.r.,428.92495050319314
2005-10,East Godavari,520.4488258060221
2005-10,Guntur,357.1688450117791
2005-10,Hyderabad,271.71971122377516
2005-10,Karimnagar,145.28747652777992
2005-10,Khammam,250.88487254448432
2005-10,Krishna,393.9677855037156
2005-10,Kurnool,259.2763990760525
2005-10,Mahbubnagar,242.70917469408755
2005-10,Medak,205.64526178841393
2005-10,Nalgonda,289.7147371930126
2005-10,Sri Potti Sriramulu Nellore,569.5804773102068
2005-10,Nizamabad,143.0723450113342
2005-10,Prakasam,412.5670942916987
2005-10,Rangareddy,239.32738050963886
2005-10,Srikakulam,507.2273247301861
2005-10,Visakhapatnam,491.9354434250799
2005-10,Vizianagaram,480.3944528631046
2005-10,Warangal,181.32886626244797
2005-10,West Godavari,515.8169877226928
2005-11,Adilabad,1.9132162921232174
2005-11,Anantapur,45.432174761011694
2005-11,Chittoor,171.54413407896263
2005-11,Y.s.r.,93.94642521866571
2005-11,East Godavari,39.6349723400541
2005-11,Guntur,27.84419466329932
2005-11,Hyderabad,4.466822774201921
2005-11,Karimnagar,1.7968135357705142
2005-11,Khammam,11.690477582921337
2005-11,Krishna,36.21436078389263
2005-11,Kurnool,13.971217477377985
2005-11,Mahbubnagar,7.056273863376936
2005-11,Medak,4.739986077903324
2005-11,Nalgonda,5.041725850845812
2005-11,Sri Potti Sriramulu Nellore,247.53769692097097
2005-11,Nizamabad,5.333586565177605
2005-11,Prakasam,70.97113274490047
2005-11,Rangareddy,4.543700556465794
2005-11,Srikakulam,48.70308570288434
2005-11,Visakhapatnam,26.199381879013984
2005-11,Vizianagaram,39.9215354245081
2005-11,Warangal,5.255609269299322
2005-11,West Godavari,31.376282056544564
2005-12,Adilabad,5.23681563153656
2005-12,Anantapur,7.593379380116328
2005-12,Chittoor,86.73416678623272
2005-12,Y.s.r.,30.12809507203372
2005-12,East Godavari,2.561666975660519
2005-12,Guntur,11.101438755112545
2005-12,Hyderabad,1.592477858182296
2005-12,Karimnagar,6.42771831239652
2005-12,Khammam,1.0469959467340233
2005-12,Krishna,7.77712562724499
2005-12,Kurnool,3.8057823743205272
2005-12,Mahbubnagar,3.245125978976615
2005-12,Medak,1.3179153035174436
2005-12,Nalgonda,4.234636333236274
2005-12,Sri Potti Sriramulu Nellore,87.71116089025564
2005-12,Nizamabad,2.441162902024288
2005-12,Prakasam,17.442363564344657
2005-12,Rangareddy,0.643561131490391
2005-12,Srikakulam,0.2788873499510941
2005-12,Visakhapatnam,1.6441836218033594
2005-12,Vizianagaram,0.05681054653546153
2005-12,Warangal,6.365409074478013
2005-12,West Godavari,1.1864738963333548
2006-01,Adilabad,7.784088335543228
2006-01,Anantapur,0.22959934838502996
2006-01,Chittoor,5.751040875533817
2006-01,Y.s.r.,2.2982805428774933
2006-01,East Godavari,1.3965189430306608
2006-01,Guntur,0.003435889075925282
2006-01,Hyderabad,0.0
2006-01,Karimnagar,4.272078730706221
2006-01,Khammam,2.308169861829898
2006-01,Krishna,0.11805213771587589
2006-01,Kurnool,0.2324421494509366
2006-01,Mahbubnagar,0.16628371989657598
2006-01,Medak,1.6130414994157976
2006-01,Nalgonda,0.6096041832245624
2006-01,Sri Potti Sriramulu Nellore,3.74253101772691
2006-01,Nizamabad,7.474034437242463
2006-01,Prakasam,0.26827646027726676
2006-01,Rangareddy,0.0
2006-01,Srikakulam,2.95706618201923
2006-01,Visakhapatnam,1.6980818022703936
2006-01,Vizianagaram,2.5382192832367956
2006-01,Warangal,1.831227062775291
2006-01,West Godavari,0.521120143714247
2006-02,Adilabad,5.309573338406731
2006-02,Anantapur,0.06645963569919615
2006-02,Chittoor,1.496950378439416
2006-02,Y.s.r.,0.2793320153376004
2006-02,East Godavari,3.3136533007870845
2006-02,Guntur,0.17902159791580904
2006-02,Hyderabad,0.0
2006-02,Karimnagar,5.999339686893685
2006-02,Khammam,4.318139010798321
2006-02,Krishna,2.2532111148997798
2006-02,Kurnool,0.0037838064180252744
2006-02,Mahbubnagar,0.05342684787573584
2006-02,Medak,1.007475490043652
2006-02,Nalgonda,2.5578148384726394
2006-02,Sri Potti Sriramulu Nellore,0.4532382458930526
2006-02,Nizamabad,2.1716231387401637
2006-02,Prakasam,0.1631200064661939
2006-02,Rangareddy,0.07871514652835648
2006-02,Srikakulam,7.688042902851795
2006-02,Visakhapatnam,6.538431683664957
2006-02,Vizianagaram,8.146202258021694
2006-02,Warangal,6.485538967110183
2006-02,West Godavari,2.607314573056065
2006-03,Adilabad,44.65606068934152
2006-03,Anantapur,2.906660807480008
2006-03,Chittoor,18.52951962804182
2006-03,Y.s.r.,6.008136599769137
2006-03,East Godavari,10.236368744821936
2006-03,Guntur,13.751735248796011
2006-03,Hyderabad,37.53701902423475
2006-03,Karimnagar,37.778129388504375
2006-03,Khammam,18.534088059014813
2006-03,Krishna,13.993558961920671
2006-03,Kurnool,5.869581148623025
2006-03,Mahbubnagar,13.505190005330562
2006-03,Medak,28.080447478018296
2006-03,Nalgonda,23.16522392630528
2006-03,Sri Potti Sriramulu Nellore,12.907937980384732
2006-03,Nizamabad,33.341151364596925
2006-03,Prakasam,11.626080194972502
2006-03,Rangareddy,23.661809423333303
2006-03,Srikakulam,15.629422548872128
2006-03,Visakhapatnam,13.23422284840247
2006-03,Vizianagaram,18.518276417259553
2006-03,Warangal,25.58515059577359
2006-03,West Godavari,12.823008879594887
2006-04,Adilabad,27.575884719398072
2006-04,Anantapur,18.280488920972473
2006-04,Chittoor,34.34826343959651
2006-04,Y.s.r.,17.940762145079674
2006-04,East Godavari,52.3408805286204
2006-04,Guntur,20.70361259821928
2006-04,Hyderabad,38.80656216784974
2006-04,Karimnagar,36.911067573854424
2006-04,Khammam,35.761067812363535
2006-04,Krishna,22.742001704679787
2006-04,Kurnool,19.013136664107588
2006-04,Mahbubnagar,27.134343748340786
2006-04,Medak,43.855407917126
2006-04,Nalgonda,29.77900386232364
2006-04,Sri Potti Sriramulu Nellore,21.77339095120108
2006-04,Nizamabad,34.468332448456394
2006-04,Prakasam,17.423569923284493
2006-04,Rangareddy,39.534968472721985
2006-04,Srikakulam,39.42541908498459
2006-04,Visakhapatnam,103.41075418122793
2006-04,Vizianagaram,83.04099147773287
2006-04,Warangal,38.259069145780245
2006-04,West Godavari,24.187204191998543
2006-05,Adilabad,43.788230800617605
2006-05,Anantapur,80.71398410543627
2006-05,Chittoor,91.3581898074922
2006-05,Y.s.r.,101.33162753013217
2006-05,East Godavari,88.07054305311489
2006-05,Guntur,110.43024400538086
2006-05,Hyderabad,69.09350135982228
2006-05,Karimnagar,41.71757488341973
2006-05,Khammam,124.69376899541214
2006-05,Krishna,110.25439510550157
2006-05,Kurnool,89.38034582015585
2006-05,Mahbubnagar,96.06934822890129
2006-05,Medak,53.72464446238183
2006-05,Nalgonda,78.50837186421288
2006-05,Sri Potti Sriramulu Nellore,63.32309501667033
2006-05,Nizamabad,43.5347106893269
2006-05,Prakasam,108.72337487731518
2006-05,Rangareddy,84.00512039885585
2006-05,Srikakulam,73.20264931277944
2006-05,Visakhapatnam,97.29455723937548
2006-05,Vizianagaram,90.57938422426673
2006-05,Warangal,77.6757830417865
2006-05,West Godavari,82.506114145432
2006-06,Adilabad,112.67183461567541
2006-06,Anantapur,53.38432274402466
2006-06,Chittoor,113.26822934096916
2006-06,Y.s.r.,104.28788200872191
2006-06,East Godavari,149.09324715118157
2006-06,Guntur,124.22446842283733
2006-06,Hyderabad,100.4552832816411
2006-06,Karimnagar,121.40624765385078
2006-06,Khammam,147.91520286334494
2006-06,Krishna,139.94535486087017
2006-06,Kurnool,139.50227261090924
2006-06,Mahbubnagar,151.06616039997996
2006-06,Medak,129.139070275216
2006-06,Nalgonda,121.06793035105179
2006-06,Sri Potti Sriramulu Nellore,68.15564531908905
2006-06,Nizamabad,124.53387904028664
2006-06,Prakasam,111.97074495839148
2006-06,Rangareddy,122.86972283402461
2006-06,Srikakulam,174.35860157817916
2006-06,Visakhapatnam,186.30889261851638
2006-06,Vizianagaram,206.88320754142043
2006-06,Warangal,131.20561340447443
2006-06,West Godavari,152.1421846274938
2006-07,Adilabad,357.78812033754747
2006-07,Anantapur,26.919595011638673
2006-07,Chittoor,88.93509211335261
2006-07,Y.s.r.,81.06042894330169
2006-07,East Godavari,239.63912476026695
2006-07,Guntur,165.18882329994418
2006-07,Hyderabad,150.7752658539991
2006-07,Karimnagar,284.8586631309077
2006-07,Khammam,310.78328761008953
2006-07,Krishna,200.58681453286306
2006-07,Kurnool,99.04159090497753
2006-07,Mahbubnagar,149.68202058621227
2006-07,Medak,200.96171437521534
2006-07,Nalgonda,183.9874030836719
2006-07,Sri Potti Sriramulu Nellore,60.44204407109029
2006-07,Nizamabad,275.8569103963117
2006-07,Prakasam,110.2288266433508
2006-07,Rangareddy,170.80958451152415
2006-07,Srikakulam,289.3501562275941
2006-07,Visakhapatnam,278.3224553862817
2006-07,Vizianagaram,342.8295674830147
2006-07,Warangal,291.64093792988103
2006-07,West Godavari,239.02896440118036
2006-08,Adilabad,453.8554481335475
2006-08,Anantapur,32.41292211674032
2006-08,Chittoor,72.90923824027132
2006-08,Y.s.r.,65.82216522325318
2006-08,East Godavari,388.60501555771066
2006-08,Guntur,163.50214829189355
2006-08,Hyderabad,173.20617152818966
2006-08,Karimnagar,326.4026929533318
2006-08,Khammam,442.05481185524616
2006-08,Krishna,250.47044005240704
2006-08,Kurnool,83.88559313037054
2006-08,Mahbubnagar,150.74722506330122
2006-08,Medak,247.67783120677828
2006-08,Nalgonda,188.09338252247343
2006-08,Sri Potti Sriramulu Nellore,66.54951215106033
2006-08,Nizamabad,349.74044008523884
2006-08,Prakasam,105.64901531646271
2006-08,Rangareddy,183.79698960878207
2006-08,Srikakulam,400.731938329434
2006-08,Visakhapatnam,479.0843159615007
2006-08,Vizianagaram,445.40052191682605
2006-08,Warangal,316.97710763722665
2006-08,West Godavari,339.39332479290044
2006-09,Adilabad,289.4902197435019
2006-09,Anantapur,110.53146340183852
2006-09,Chittoor,128.00176576454464
2006-09,Y.s.r.,129.96835123861194
2006-09,East Godavari,231.8531670844124
2006-09,Guntur,173.824874673308
2006-09,Hyderabad,198.66339529880037
2006-09,Karimnagar,291.0493377741878
2006-09,Khammam,221.0964266686142
2006-09,Krishna,193.51480809591547
2006-09,Kurnool,140.37254781713455
2006-09,Mahbubnagar,181.45088827701974
2006-09,Medak,237.57635460278144
2006-09,Nalgonda,196.73394975342464
2006-09,Sri Potti Sriramulu Nellore,120.01640403026524
2006-09,Nizamabad,259.87373001110325
2006-09,Prakasam,152.01391310191417
2006-09,Rangareddy,209.79472913910539
2006-09,Srikakulam,310.4229791220599
2006-09,Visakhapatnam,259.2103008073944
2006-09,Vizianagaram,325.76517063428764
2006-09,Warangal,266.9472135302044
2006-09,West Godavari,224.96526965054574
2006-10,Adilabad,14.292831644566293
2006-10,Anantapur,56.59332667789929
2006-10,Chittoor,173.4153017552593
2006-10,Y.s.r.,85.00465394795118
2006-10,East Godavari,259.4909745513404
2006-10,Guntur,188.65407621854928
2006-10,Hyderabad,22.625100950901558
2006-10,Karimnagar,20.298958841491668
2006-10,Khammam,110.38000854697421
2006-10,Krishna,224.39376761228806
2006-10,Kurnool,35.07483418340932
2006-10,Mahbubnagar,37.209084787190896
2006-10,Medak,30.85000768558812
2006-10,Nalgonda,65.48897215563346
2006-10,Sri Potti Sriramulu Nellore,255.10164798746305
2006-10,Nizamabad,19.07751482257267
2006-10,Prakasam,164.13513939521
2006-10,Rangareddy,29.594598107860083
2006-10,Srikakulam,123.61920597338867
2006-10,Visakhapatnam,235.13996461750796
2006-10,Vizianagaram,140.91942991133865
2006-10,Warangal,33.290262996583586
2006-10,West Godavari,251.4740719578732
2006-11,Adilabad,16.66245939187395
2006-11,Anantapur,106.9355356634692
2006-11,Chittoor,59.85749144524722
2006-11,Y.s.r.,66.76533238430162
2006-11,East Godavari,73.35228879577595
2006-11,Guntur,64.8881976219273
2006-11,Hyderabad,21.842213472810762
2006-11,Karimnagar,25.614088689723076
2006-11,Khammam,42.986528743016024
2006-11,Krishna,92.455931439796
2006-11,Kurnool,55.117810950102054
2006-11,Mahbubnagar,46.59342391005827
2006-11,Medak,23.487693350467698
2006-11,Nalgonda,32.1430358955493
2006-11,Sri Potti Sriramulu Nellore,203.73612174988733
2006-11,Nizamabad,20.928247416899584
2006-11,Prakasam,93.234006611065
2006-11,Rangareddy,26.996757651078696
2006-11,Srikakulam,85.30444392422977
2006-11,Visakhapatnam,73.10139222979112
2006-11,Vizianagaram,97.94508782255788
2006-11,Warangal,36.26370698588895
2006-11,West Godavari,68.15912302307659
2006-12,Adilabad,0.023774475641003982
2006-12,Anantapur,1.715506754277966
2006-12,Chittoor,25.292614608763614
2006-12,Y.s.r.,9.315482181980805
2006-12,East Godavari,0.948436922543235
2006-12,Guntur,0.9785792977937622
2006-12,Hyderabad,0.0
2006-12,Karimnagar,0.01257833647160259
2006-12,Khammam,1.5511983045651476
2006-12,Krishna,0.09858641930342683
2006-12,Kurnool,0.8547926177783125
2006-12,Mahbubnagar,1.359995096567254
2006-12,Medak,0.0
2006-12,Nalgonda,0.8655477844471178
2006-12,Sri Potti Sriramulu Nellore,24.885494269253236
2006-12,Nizamabad,0.0
2006-12,Prakasam,3.3148020290372884
2006-12,Rangareddy,0.46930873830695213
2006-12,Srikakulam,0.17769740155437969
2006-12,Visakhapatnam,1.1539976312440885
2006-12,Vizianagaram,0.12104232355550107
2006-12,Warangal,0.26466082484902975
2006-12,West Godavari,0.42555446898891264
2007-01,Adilabad,7.811333265106445
2007-01,Anantapur,0.3000677133269522
2007-01,Chittoor,5.224706624507664
2007-01,Y.s.r.,2.8863056956672657
2007-01,East Godavari,0.9472959943068157
2007-01,Guntur,0.44532892485882575
2007-01,Hyderabad,0.0
2007-01,Karimnagar,4.742370033865625
2007-01,Khammam,2.4669159167195023
2007-01,Krishna,0.3993818290127791
2007-01,Kurnool,0.4110759774293381
2007-01,Mahbubnagar,0.4369753946874406
2007-01,Medak,2.5664969787324896
2007-01,Nalgonda,0.9821119464455038
2007-01,Sri Potti Sriramulu Nellore,4.036260092116413
2007-01,Nizamabad,7.698528133317833
2007-01,Prakasam,1.5390551947286355
2007-01,Rangareddy,0.13243412746411773
2007-01,Srikakulam,1.7880527961675412
2007-01,Visakhapatnam,1.1224614499912742
2007-01,Vizianagaram,2.0307930622748875
2007-01,Warangal,2.3313933762478225
2007-01,West Godavari,0.3623695924050586
2007-02,Adilabad,5.427691173437699
2007-02,Anantapur,0.0
2007-02,Chittoor,0.04244527766164485
2007-02,Y.s.r.,0.0
2007-02,East Godavari,7.65679777323546
2007-02,Guntur,1.2992679529364815
2007-02,Hyderabad,0.0
2007-02,Karimnagar,6.015176364363567
2007-02,Khammam,6.692236548905371
2007-02,Krishna,6.333405840135156
2007-02,Kurnool,0.0
2007-02,Mahbubnagar,0.05342691930303786
2007-02,Medak,1.0250771027386958
2007-02,Nalgonda,3.1204971350428528
2007-02,Sri Potti Sriramulu Nellore,0.0
2007-02,Nizamabad,2.1718317858268366
2007-02,Prakasam,2.965388395156561E-4
2007-02,Rangareddy,0.13192240500899213
2007-02,Srikakulam,13.269354738539203
2007-02,Visakhapatnam,12.878548383434497
2007-02,Vizianagaram,15.68600137301792
2007-02,Warangal,6.576973826487981
2007-02,West Godavari,6.840321987432185
2007-03,Adilabad,8.987237674980223
2007-03,Anantapur,0.3357422078256809
2007-03,Chittoor,1.1331814216111964
2007-03,Y.s.r.,0.1659147044270569
2007-03,East Godavari,0.1553666379227432
2007-03,Guntur,0.0
2007-03,Hyderabad,4.72911668703394
2007-03,Karimnagar,4.1712731707620385
2007-03,Khammam,0.3599058533834104
2007-03,Krishna,0.36831678451784794
2007-03,Kurnool,0.0681607844136484
2007-03,Mahbubnagar,0.08518681415110006
2007-03,Medak,2.0296124288182984
2007-03,Nalgonda,0.28624902229935906
2007-03,Sri Potti Sriramulu Nellore,3.628852477240279E-4
2007-03,Nizamabad,4.262349992262513
2007-03,Prakasam,0.0848432362676842
2007-03,Rangareddy,0.5725613112493971
2007-03,Srikakulam,6.596208549397071
2007-03,Visakhapatnam,5.958359813782782
2007-03,Vizianagaram,7.8785678844559
2007-03,Warangal,0.7261177440722376
2007-03,West Godavari,0.2483969439265397
2007-04,Adilabad,9.598108812952788
2007-04,Anantapur,18.047549426411305
2007-04,Chittoor,50.922818915318985
2007-04,Y.s.r.,16.408356887769507
2007-04,East Godavari,13.369396307369422
2007-04,Guntur,8.785347917168755
2007-04,Hyderabad,12.69633749449523
2007-04,Karimnagar,11.257625378595392
2007-04,Khammam,9.893603889316509
2007-04,Krishna,7.792653117673778
2007-04,Kurnool,10.202848144602607
2007-04,Mahbubnagar,9.650709787099352
2007-04,Medak,13.922485330509785
2007-04,Nalgonda,8.574197620722803
2007-04,Sri Potti Sriramulu Nellore,16.09762695135717
2007-04,Nizamabad,10.276211048990515
2007-04,Prakasam,10.151176903574651
2007-04,Rangareddy,13.515920313118022
2007-04,Srikakulam,15.038995410760995
2007-04,Visakhapatnam,25.070346346874093
2007-04,Vizianagaram,21.722273500048136
2007-04,Warangal,11.622818407026632
2007-04,West Godavari,7.638291811557104
2007-05,Adilabad,8.183199476790763
2007-05,Anantapur,80.0757601953778
2007-05,Chittoor,69.58059550767105
2007-05,Y.s.r.,63.814032319444316
2007-05,East Godavari,32.89758768852102
2007-05,Guntur,37.58030008502142
2007-05,Hyderabad,18.934141071560312
2007-05,Karimnagar,7.810637605394266
2007-05,Khammam,28.401339537637472
2007-05,Krishna,32.91691826825431
2007-05,Kurnool,60.22670198727493
2007-05,Mahbubnagar,45.578488640453955
2007-05,Medak,13.641133257626198
2007-05,Nalgonda,23.61782467984586
2007-05,Sri Potti Sriramulu Nellore,34.126208770938376
2007-05,Nizamabad,9.326041473612397
2007-05,Prakasam,49.04540034820077
2007-05,Rangareddy,26.76630869840041
2007-05,Srikakulam,51.64546259546237
2007-05,Visakhapatnam,56.6437993676116
2007-05,Vizianagaram,65.59829791235822
2007-05,Warangal,14.749022377598944
2007-05,West Godavari,29.31353001373417
2007-06,Adilabad,241.98604398369315
2007-06,Anantapur,106.5546713401541
2007-06,Chittoor,187.7778101777112
2007-06,Y.s.r.,202.10490875485513
2007-06,East Godavari,307.91105100709535
2007-06,Guntur,238.02235418891604
2007-06,Hyderabad,292.3169681326856
2007-06,Karimnagar,265.5841855934829
2007-06,Khammam,314.68228769175926
2007-06,Krishna,274.4365758016811
2007-06,Kurnool,315.4708140367169
2007-06,Mahbubnagar,349.4342888187287
2007-06,Medak,287.97599875859396
2007-06,Nalgonda,295.98234750166546
2007-06,Sri Potti Sriramulu Nellore,134.3212028046582
2007-06,Nizamabad,235.7044661859585
2007-06,Prakasam,257.55625013378756
2007-06,Rangareddy,326.20095724544325
2007-06,Srikakulam,298.66131676528005
2007-06,Visakhapatnam,395.5900690894657
2007-06,Vizianagaram,372.2770695815885
2007-06,Warangal,293.41231630944003
2007-06,West Godavari,314.1178488551583
2007-07,Adilabad,334.7579330193952
2007-07,Anantapur,46.15920558598269
2007-07,Chittoor,203.32466563290072
2007-07,Y.s.r.,133.0827335379516
2007-07,East Godavari,239.83259856713735
2007-07,Guntur,212.07814290942315
2007-07,Hyderabad,198.40094224256984
2007-07,Karimnagar,270.5238006005804
2007-07,Khammam,361.8510113412428
2007-07,Krishna,258.7818520050193
2007-07,Kurnool,138.33453028235746
2007-07,Mahbubnagar,212.74755102906522
2007-07,Medak,263.9961129438265
2007-07,Nalgonda,225.57666468946672
2007-07,Sri Potti Sriramulu Nellore,116.64146576423444
2007-07,Nizamabad,273.6230210784221
2007-07,Prakasam,146.0784762414268
2007-07,Rangareddy,243.72329962118167
2007-07,Srikakulam,170.3106012877429
2007-07,Visakhapatnam,245.97240601611009
2007-07,Vizianagaram,238.86352125967957
2007-07,Warangal,292.256175080514
2007-07,West Godavari,295.46936193514404
2007-08,Adilabad,333.87758811768464
2007-08,Anantapur,84.81131929115963
2007-08,Chittoor,206.49271161058422
2007-08,Y.s.r.,155.03188783263622
2007-08,East Godavari,285.9630439932881
2007-08,Guntur,239.25600826332652
2007-08,Hyderabad,299.191486489657
2007-08,Karimnagar,301.3480507482342
2007-08,Khammam,381.9404716799175
2007-08,Krishna,232.45845436123722
2007-08,Kurnool,182.39064377135446
2007-08,Mahbubnagar,290.90635739362557
2007-08,Medak,334.57846962823874
2007-08,Nalgonda,277.3368599717399
2007-08,Sri Potti Sriramulu Nellore,130.5090081119137
2007-08,Nizamabad,359.9956296338385
2007-08,Prakasam,207.91960893404544
2007-08,Rangareddy,320.8462100693274
2007-08,Srikakulam,235.4989056084888
2007-08,Visakhapatnam,314.90867197305965
2007-08,Vizianagaram,272.4848781575379
2007-08,Warangal,334.36641140897194
2007-08,West Godavari,257.6992522374088
2007-09,Adilabad,284.40945644464205
2007-09,Anantapur,208.74038006763809
2007-09,Chittoor,161.06761524851277
2007-09,Y.s.r.,151.5644781975372
2007-09,East Godavari,310.2978082345327
2007-09,Guntur,236.52238465371104
2007-09,Hyderabad,202.34218285878495
2007-09,Karimnagar,298.623625164897
2007-09,Khammam,267.5664594711927
2007-09,Krishna,257.21279740764237
2007-09,Kurnool,187.9933214254518
2007-09,Mahbubnagar,246.92626613406395
2007-09,Medak,272.895484915025
2007-09,Nalgonda,223.7258109241055
2007-09,Sri Potti Sriramulu Nellore,128.64437310679645
2007-09,Nizamabad,299.9293586985324
2007-09,Prakasam,193.3914793112092
2007-09,Rangareddy,241.02005723560939
2007-09,Srikakulam,374.69873870998566
2007-09,Visakhapatnam,313.0687377284998
2007-09,Vizianagaram,357.3834244071534
2007-09,Warangal,261.2602437702554
2007-09,West Godavari,282.97693394110644
2007-10,Adilabad,35.236427369537076
2007-10,Anantapur,130.70327544233882
2007-10,Chittoor,244.15398897554982
2007-10,Y.s.r.,208.62315109205278
2007-10,East Godavari,238.6692298890725
2007-10,Guntur,161.6547609560857
2007-10,Hyderabad,54.24112051258581
2007-10,Karimnagar,45.79726195294395
2007-10,Khammam,109.29398714593374
2007-10,Krishna,183.22722226224022
2007-10,Kurnool,104.99252611354353
2007-10,Mahbubnagar,79.63920202140477
2007-10,Medak,41.95467881512147
2007-10,Nalgonda,87.4495012936995
2007-10,Sri Potti Sriramulu Nellore,339.7520087958182
2007-10,Nizamabad,28.9591937592708
2007-10,Prakasam,207.72687797727323
2007-10,Rangareddy,52.58761650791352
2007-10,Srikakulam,165.59362518100647
2007-10,Visakhapatnam,205.89456077172366
2007-10,Vizianagaram,159.08696656935143
2007-10,Warangal,76.85194091882282
2007-10,West Godavari,232.13604976074308
2007-11,Adilabad,8.252174717117411
2007-11,Anantapur,18.298576774705314
2007-11,Chittoor,34.125601543841896
2007-11,Y.s.r.,33.176628055441476
2007-11,East Godavari,10.216170723969352
2007-11,Guntur,14.098793533503006
2007-11,Hyderabad,9.29134476424035
2007-11,Karimnagar,6.726828114263304
2007-11,Khammam,8.686155538737875
2007-11,Krishna,14.570213987933323
2007-11,Kurnool,11.487309462997679
2007-11,Mahbubnagar,10.126524483970556
2007-11,Medak,10.056224372790062
2007-11,Nalgonda,7.872174808881638
2007-11,Sri Potti Sriramulu Nellore,70.91508682394947
2007-11,Nizamabad,12.273511150440202
2007-11,Prakasam,29.838623761464984
2007-11,Rangareddy,8.777419268046081
2007-11,Srikakulam,8.185632972325477
2007-11,Visakhapatnam,6.60191688958991
2007-11,Vizianagaram,7.106643033146372
2007-11,Warangal,7.32537020711019
2007-11,West Godavari,10.223904853026252
2007-12,Adilabad,2.630543649990055
2007-12,Anantapur,7.742261918502882
2007-12,Chittoor,90.41168594804972
2007-12,Y.s.r.,29.86044374261601
2007-12,East Godavari,5.255342058022399
2007-12,Guntur,2.686400131059691
2007-12,Hyderabad,1.8851607360500346
2007-12,Karimnagar,0.945467806129056
2007-12,Khammam,0.8892895001463739
2007-12,Krishna,2.7894470941202836
2007-12,Kurnool,2.548688746500151
2007-12,Mahbubnagar,1.7132255088830095
2007-12,Medak,1.3266125935739572
2007-12,Nalgonda,1.5577719206476017
2007-12,Sri Potti Sriramulu Nellore,58.38297138276497
2007-12,Nizamabad,1.4738666564869505
2007-12,Prakasam,6.121869413584826
2007-12,Rangareddy,0.9682029633821081
2007-12,Srikakulam,1.0548595799961236
2007-12,Visakhapatnam,2.2514234105460877
2007-12,Vizianagaram,0.5635081909213847
2007-12,Warangal,0.8568150291094272
2007-12,West Godavari,5.471411927985998
2008-01,Adilabad,7.832166719680912
2008-01,Anantapur,0.23439493273516432
2008-01,Chittoor,6.523673964122898
2008-01,Y.s.r.,2.4633924887911114
2008-01,East Godavari,1.6525736473704236
2008-01,Guntur,0.2541460449285337
2008-01,Hyderabad,0.0
2008-01,Karimnagar,4.324156407894674
2008-01,Khammam,2.789675962242359
2008-01,Krishna,0.30950539010019296
2008-01,Kurnool,0.7284777098081961
2008-01,Mahbubnagar,0.13964642061222388
2008-01,Medak,1.613054098851657
2008-01,Nalgonda,1.411586182533255
2008-01,Sri Potti Sriramulu Nellore,3.75111915329229
2008-01,Nizamabad,7.4075394098658744
2008-01,Prakasam,0.7927841689953591
2008-01,Rangareddy,0.0
2008-01,Srikakulam,6.83352095724356
2008-01,Visakhapatnam,7.6199064310739395
2008-01,Vizianagaram,7.7673399977494535
2008-01,Warangal,2.013910171463392
2008-01,West Godavari,0.3136635336737087
2008-02,Adilabad,5.520825767109987
2008-02,Anantapur,2.795156313549537
2008-02,Chittoor,5.046261862720454
2008-02,Y.s.r.,4.232701199336832
2008-02,East Godavari,22.51180413900472
2008-02,Guntur,18.850870926442713
2008-02,Hyderabad,7.580063042671547
2008-02,Karimnagar,6.411686206915541
2008-02,Khammam,13.825453016734306
2008-02,Krishna,28.33922548606135
2008-02,Kurnool,0.5663095362573797
2008-02,Mahbubnagar,1.859154681472634
2008-02,Medak,4.450920500787285
2008-02,Nalgonda,7.416440046687991
2008-02,Sri Potti Sriramulu Nellore,5.543385417151675
2008-02,Nizamabad,4.396386505518706
2008-02,Prakasam,9.16807197569234
2008-02,Rangareddy,4.012698224213507
2008-02,Srikakulam,16.026825504797202
2008-02,Visakhapatnam,22.816182951275596
2008-02,Vizianagaram,20.766861398571006
2008-02,Warangal,8.193877957320645
2008-02,West Godavari,23.512748374813043
2008-03,Adilabad,65.3959403637193
2008-03,Anantapur,12.69714653644892
2008-03,Chittoor,28.442039349200545
2008-03,Y.s.r.,10.326795222396868
2008-03,East Godavari,53.741215012723295
2008-03,Guntur,28.366812673051385
2008-03,Hyderabad,83.16858538408493
2008-03,Karimnagar,79.76739741204203
2008-03,Khammam,60.84352332125004
2008-03,Krishna,41.4406668982507
2008-03,Kurnool,14.906881362007535
2008-03,Mahbubnagar,27.45707139678967
2008-03,Medak,67.70880924112164
2008-03,Nalgonda,55.08253510838026
2008-03,Sri Potti Sriramulu Nellore,11.75533935339482
2008-03,Nizamabad,60.878399880188496
2008-03,Prakasam,17.11111039835187
2008-03,Rangareddy,60.49891342420619
2008-03,Srikakulam,52.57515836105607
2008-03,Visakhapatnam,75.32531186188207
2008-03,Vizianagaram,69.35364789996626
2008-03,Warangal,68.91533592452905
2008-03,West Godavari,45.778257316498824
2008-04,Adilabad,9.387993083645272
2008-04,Anantapur,3.6089075994716113
2008-04,Chittoor,19.728135789617696
2008-04,Y.s.r.,5.9252056506131074
2008-04,East Godavari,11.607684168504957
2008-04,Guntur,3.466904870520012
2008-04,Hyderabad,11.730868466849465
2008-04,Karimnagar,10.547542346661372
2008-04,Khammam,8.454913854327781
2008-04,Krishna,5.065528163692834
2008-04,Kurnool,3.320382586805146
2008-04,Mahbubnagar,4.239547486369451
2008-04,Medak,12.737100239489509
2008-04,Nalgonda,6.468005236388462
2008-04,Sri Potti Sriramulu Nellore,7.712495372913656
2008-04,Nizamabad,10.500806128728987
2008-04,Prakasam,4.512034018096881
2008-04,Rangareddy,11.4601619047388
2008-04,Srikakulam,9.599076717857972
2008-04,Visakhapatnam,21.32235691593687
2008-04,Vizianagaram,16.019320135455015
2008-04,Warangal,9.27549524153869
2008-04,West Godavari,6.31260386955595
2008-05,Adilabad,9.079190707965175
2008-05,Anantapur,49.264895390598355
2008-05,Chittoor,65.12229420102558
2008-05,Y.s.r.,42.84973358317783
2008-05,East Godavari,43.9176757757543
2008-05,Guntur,28.704495070234806
2008-05,Hyderabad,14.27512497763032
2008-05,Karimnagar,9.965594785287829
2008-05,Khammam,35.308770939005996
2008-05,Krishna,34.558259840999554
2008-05,Kurnool,37.80387943515451
2008-05,Mahbubnagar,24.576397472062077
2008-05,Medak,11.201046188598163
2008-05,Nalgonda,17.824788833864712
2008-05,Sri Potti Sriramulu Nellore,23.553128779188036
2008-05,Nizamabad,10.074399236845393
2008-05,Prakasam,29.471850064776728
2008-05,Rangareddy,16.688917527033603
2008-05,Srikakulam,46.772911061866346
2008-05,Visakhapatnam,50.8468705863093
2008-05,Vizianagaram,55.21363978272261
2008-05,Warangal,19.294291518700728
2008-05,West Godavari,35.58760915226916
2008-06,Adilabad,145.73007367563514
2008-06,Anantapur,27.029598893866805
2008-06,Chittoor,90.53136988952306
2008-06,Y.s.r.,59.066981185156145
2008-06,East Godavari,184.0910522751871
2008-06,Guntur,107.8245948178196
2008-06,Hyderabad,88.69777975082395
2008-06,Karimnagar,136.0490203115214
2008-06,Khammam,177.7823626139155
2008-06,Krishna,132.39772970874677
2008-06,Kurnool,59.152828178237996
2008-06,Mahbubnagar,74.20741172712447
2008-06,Medak,100.37254166339548
2008-06,Nalgonda,112.96257542702212
2008-06,Sri Potti Sriramulu Nellore,45.850519388856185
2008-06,Nizamabad,110.7593390424071
2008-06,Prakasam,79.4346569313303
2008-06,Rangareddy,91.94346370687616
2008-06,Srikakulam,221.79391586238418
2008-06,Visakhapatnam,213.2915915657658
2008-06,Vizianagaram,230.95010856478746
2008-06,Warangal,154.64332550425053
2008-06,West Godavari,170.4015959423042
2008-07,Adilabad,271.6781353602804
2008-07,Anantapur,46.59727774874406
2008-07,Chittoor,141.86078650879617
2008-07,Y.s.r.,122.76242034909916
2008-07,East Godavari,247.04975324683502
2008-07,Guntur,155.91373466210433
2008-07,Hyderabad,181.61620065047128
2008-07,Karimnagar,252.50285646936922
2008-07,Khammam,318.3135668301544
2008-07,Krishna,200.49353010599404
2008-07,Kurnool,128.00673037576533
2008-07,Mahbubnagar,204.03352556308164
2008-07,Medak,232.62100608510937
2008-07,Nalgonda,190.44212431786272
2008-07,Sri Potti Sriramulu Nellore,93.27630400374504
2008-07,Nizamabad,254.93683784499086
2008-07,Prakasam,109.66625325025971
2008-07,Rangareddy,217.9103340838095
2008-07,Srikakulam,243.34774664656706
2008-07,Visakhapatnam,305.5061345875385
2008-07,Vizianagaram,330.92104410958586
2008-07,Warangal,277.09558546346153
2008-07,West Godavari,250.44992208460954
2008-08,Adilabad,369.26462688970275
2008-08,Anantapur,93.26723495596238
2008-08,Chittoor,161.13116319048564
2008-08,Y.s.r.,155.97519421773728
2008-08,East Godavari,351.94031514744387
2008-08,Guntur,249.54877951068883
2008-08,Hyderabad,340.18360271098925
2008-08,Karimnagar,360.0149160534295
2008-08,Khammam,465.79678248891133
2008-08,Krishna,290.66620753117513
2008-08,Kurnool,209.94872345472922
2008-08,Mahbubnagar,341.71932331961597
2008-08,Medak,395.0437694782067
2008-08,Nalgonda,289.7106553697307
2008-08,Sri Potti Sriramulu Nellore,124.13291094099428
2008-08,Nizamabad,376.7287003391293
2008-08,Prakasam,224.17657483172212
2008-08,Rangareddy,379.21841617468044
2008-08,Srikakulam,248.013755102426
2008-08,Visakhapatnam,384.2736363631469
2008-08,Vizianagaram,306.2599823991574
2008-08,Warangal,431.5419664388374
2008-08,West Godavari,327.7529857998571
2008-09,Adilabad,217.15309091100093
2008-09,Anantapur,109.00563136280391
2008-09,Chittoor,97.60495466861616
2008-09,Y.s.r.,101.38143027474852
2008-09,East Godavari,199.48164573181117
2008-09,Guntur,136.76783408648913
2008-09,Hyderabad,167.7726786914381
2008-09,Karimnagar,197.1360281222593
2008-09,Khammam,203.9107818222906
2008-09,Krishna,155.438514052289
2008-09,Kurnool,100.5849196784347
2008-09,Mahbubnagar,122.73753846916509
2008-09,Medak,186.61875395249183
2008-09,Nalgonda,167.18587080928535
2008-09,Sri Potti Sriramulu Nellore,89.60425220929208
2008-09,Nizamabad,173.50072963644726
2008-09,Prakasam,117.03069531161867
2008-09,Rangareddy,172.30774077939498
2008-09,Srikakulam,321.67944918273554
2008-09,Visakhapatnam,264.2242778448906
2008-09,Vizianagaram,320.7176332752144
2008-09,Warangal,206.6582318984034
2008-09,West Godavari,174.25136854963438
2008-10,Adilabad,25.486660533030076
2008-10,Anantapur,84.08115776760708
2008-10,Chittoor,183.2033386090938
2008-10,Y.s.r.,133.3356277433742
2008-10,East Godavari,81.40213929163083
2008-10,Guntur,77.86466538082406
2008-10,Hyderabad,47.85246486972451
2008-10,Karimnagar,34.04048496257054
2008-10,Khammam,41.47334535134846
2008-10,Krishna,77.64658530248023
2008-10,Kurnool,63.780611303942806
2008-10,Mahbubnagar,50.63163752664876
2008-10,Medak,48.34132627267014
2008-10,Nalgonda,50.237061822406
2008-10,Sri Potti Sriramulu Nellore,253.30646039014965
2008-10,Nizamabad,30.814835666953865
2008-10,Prakasam,113.63003954860919
2008-10,Rangareddy,45.620562181822656
2008-10,Srikakulam,80.71138035634152
2008-10,Visakhapatnam,61.58184923961439
2008-10,Vizianagaram,46.76929855626632
2008-10,Warangal,36.09035672378251
2008-10,West Godavari,71.94863336489023
2008-11,Adilabad,15.361191838350209
2008-11,Anantapur,77.95912684800136
2008-11,Chittoor,189.36586911262657
2008-11,Y.s.r.,132.75331422403642
2008-11,East Godavari,61.605212643927544
2008-11,Guntur,81.31057382929346
2008-11,Hyderabad,26.773680022079194
2008-11,Karimnagar,22.46289608462091
2008-11,Khammam,46.60706330316116
2008-11,Krishna,85.0230748426167
2008-11,Kurnool,46.253235165076376
2008-11,Mahbubnagar,39.425212425117614
2008-11,Medak,25.01398499897778
2008-11,Nalgonda,37.156467423043146
2008-11,Sri Potti Sriramulu Nellore,362.0123204984627
2008-11,Nizamabad,18.953543803291243
2008-11,Prakasam,144.51124361234568
2008-11,Rangareddy,26.67765725400014
2008-11,Srikakulam,25.500100238363977
2008-11,Visakhapatnam,42.58583045853574
2008-11,Vizianagaram,32.94615181093493
2008-11,Warangal,34.61136055177713
2008-11,West Godavari,56.664945395648324
2008-12,Adilabad,0.5122401595912047
2008-12,Anantapur,1.161004614957734
2008-12,Chittoor,18.049770417152956
2008-12,Y.s.r.,9.36572709950491
2008-12,East Godavari,0.673290953487131
2008-12,Guntur,0.6828601104081186
2008-12,Hyderabad,0.6013723495322909
2008-12,Karimnagar,0.6327843417860927
2008-12,Khammam,0.025530899104976277
2008-12,Krishna,0.11097136575016496
2008-12,Kurnool,0.8441690881033281
2008-12,Mahbubnagar,0.536369430303805
2008-12,Medak,0.5591913194438176
2008-12,Nalgonda,0.01599957019398064
2008-12,Sri Potti Sriramulu Nellore,21.904554780578174
2008-12,Nizamabad,0.8446184074722217
2008-12,Prakasam,3.389610151401997
2008-12,Rangareddy,0.3502652695103605
2008-12,Srikakulam,0.0
2008-12,Visakhapatnam,0.7300759330450357
2008-12,Vizianagaram,0.026266582725639188
2008-12,Warangal,0.3150516366235019
2008-12,West Godavari,0.08939828928645133
2009-01,Adilabad,7.799999548618278
2009-01,Anantapur,0.18553193506264293
2009-01,Chittoor,9.973253554275663
2009-01,Y.s.r.,3.1360925880345856
2009-01,East Godavari,0.9394435602288886
2009-01,Guntur,0.00344207475691415
2009-01,Hyderabad,0.0
2009-01,Karimnagar,4.269447637850646
2009-01,Khammam,2.2677069125931526
2009-01,Krishna,0.0
2009-01,Kurnool,0.20858604784480794
2009-01,Mahbubnagar,0.07756790196146993
2009-01,Medak,1.6130517952859986
2009-01,Nalgonda,0.5354139270144033
2009-01,Sri Potti Sriramulu Nellore,5.772416304494419
2009-01,Nizamabad,7.439085965535003
2009-01,Prakasam,0.3062248930315465
2009-01,Rangareddy,0.0
2009-01,Srikakulam,1.7878305183347287
2009-01,Visakhapatnam,1.0909270978746628
2009-01,Vizianagaram,1.905282217981522
2009-01,Warangal,1.831739971080378
2009-01,West Godavari,0.10574245928951477
2009-02,Adilabad,5.296131048855241
2009-02,Anantapur,0.0
2009-02,Chittoor,0.039825676225376014
2009-02,Y.s.r.,0.0
2009-02,East Godavari,2.6761881333904416
2009-02,Guntur,0.09832438604188075
2009-02,Hyderabad,0.0
2009-02,Karimnagar,5.999308376592616
2009-02,Khammam,4.522338530566213
2009-02,Krishna,1.8566208261640809
2009-02,Kurnool,0.0
2009-02,Mahbubnagar,0.05342686918597034
2009-02,Medak,1.0074762733744305
2009-02,Nalgonda,2.5994317233459845
2009-02,Sri Potti Sriramulu Nellore,0.0
2009-02,Nizamabad,2.171364964386267
2009-02,Prakasam,0.0
2009-02,Rangareddy,0.07871614852938402
2009-02,Srikakulam,7.688042066605621
2009-02,Visakhapatnam,6.543487820773941
2009-02,Vizianagaram,8.146277762619222
2009-02,Warangal,6.5010506384361495
2009-02,West Godavari,2.7463024346597034
2009-03,Adilabad,9.568828667932735
2009-03,Anantapur,3.265639375307352
2009-03,Chittoor,8.616130824641019
2009-03,Y.s.r.,2.906870840035177
2009-03,East Godavari,5.750137649552196
2009-03,Guntur,2.125512342391655
2009-03,Hyderabad,5.577786627556513
2009-03,Karimnagar,5.793982585473676
2009-03,Khammam,2.916706733061128
2009-03,Krishna,4.208575275277495
2009-03,Kurnool,0.836537859469288
2009-03,Mahbubnagar,0.229823469375149
2009-03,Medak,5.072535641222829
2009-03,Nalgonda,2.070888511995244
2009-03,Sri Potti Sriramulu Nellore,3.5746575021896
2009-03,Nizamabad,4.774061632272608
2009-03,Prakasam,1.6760771245623935
2009-03,Rangareddy,2.105472192544479
2009-03,Srikakulam,18.72851571181685
2009-03,Visakhapatnam,12.037338236920148
2009-03,Vizianagaram,16.229111802729673
2009-03,Warangal,0.8432311992861807
2009-03,West Godavari,4.16428648164964
2009-04,Adilabad,8.817247034904097
2009-04,Anantapur,10.58912682879609
2009-04,Chittoor,16.41047436722139
2009-04,Y.s.r.,8.577714560494666
2009-04,East Godavari,10.286515009275684
2009-04,Guntur,4.494724807049411
2009-04,Hyderabad,13.723897368853915
2009-04,Karimnagar,10.264645429280286
2009-04,Khammam,7.698883851710606
2009-04,Krishna,1.4139721694886072
2009-04,Kurnool,11.894943008961917
2009-04,Mahbubnagar,12.705432009298168
2009-04,Medak,14.039575854047039
2009-04,Nalgonda,7.972231352679578
2009-04,Sri Potti Sriramulu Nellore,7.664696454265634
2009-04,Nizamabad,10.464234006135102
2009-04,Prakasam,9.96475185399966
2009-04,Rangareddy,14.511934518154323
2009-04,Srikakulam,12.056599873841845
2009-04,Visakhapatnam,23.06446262839465
2009-04,Vizianagaram,17.454876458240083
2009-04,Warangal,9.678384770993926
2009-04,West Godavari,1.5502037865332383
2009-05,Adilabad,21.24795976912187
2009-05,Anantapur,99.00027920653189
2009-05,Chittoor,92.2282229279882
2009-05,Y.s.r.,80.19173965174816
2009-05,East Godavari,70.05550463505597
2009-05,Guntur,101.04906529918719
2009-05,Hyderabad,41.97000134724242
2009-05,Karimnagar,24.702278212757474
2009-05,Khammam,104.95760249495981
2009-05,Krishna,93.46481792907332
2009-05,Kurnool,81.15126380387038
2009-05,Mahbubnagar,78.4161254492289
2009-05,Medak,24.035525764255752
2009-05,Nalgonda,53.851086789667626
2009-05,Sri Potti Sriramulu Nellore,54.24118444102684
2009-05,Nizamabad,20.279622040029885
2009-05,Prakasam,98.37599504893778
2009-05,Rangareddy,44.01525260966978
2009-05,Srikakulam,54.36689933947073
2009-05,Visakhapatnam,74.47802463926402
2009-05,Vizianagaram,64.8301112328822
2009-05,Warangal,53.41916918204126
2009-05,West Godavari,71.46031521285911
2009-06,Adilabad,109.02634568889027
2009-06,Anantapur,35.42534482505646
2009-06,Chittoor,83.95931332750499
2009-06,Y.s.r.,54.841769162060025
2009-06,East Godavari,123.49139222858642
2009-06,Guntur,91.56713650425267
2009-06,Hyderabad,101.48141299142803
2009-06,Karimnagar,123.28992081913454
2009-06,Khammam,109.7367565007042
2009-06,Krishna,110.48272604797218
2009-06,Kurnool,91.69458038735604
2009-06,Mahbubnagar,112.9339739259533
2009-06,Medak,124.2609185324645
2009-06,Nalgonda,104.23950643231942
2009-06,Sri Potti Sriramulu Nellore,33.508141970821356
2009-06,Nizamabad,123.79294528194278
2009-06,Prakasam,65.57883849260763
2009-06,Rangareddy,123.85872172519805
2009-06,Srikakulam,95.17409633178634
2009-06,Visakhapatnam,129.04275974548366
2009-06,Vizianagaram,131.06843599972854
2009-06,Warangal,123.44507062032
2009-06,West Godavari,119.58073254969702
2009-07,Adilabad,267.89965562796095
2009-07,Anantapur,14.009526408978237
2009-07,Chittoor,81.07838907950318
2009-07,Y.s.r.,42.50503822167706
2009-07,East Godavari,241.41552416274888
2009-07,Guntur,101.32662983431652
2009-07,Hyderabad,76.26817559771553
2009-07,Karimnagar,202.99633037616698
2009-07,Khammam,262.86188619589296
2009-07,Krishna,162.62690267824792
2009-07,Kurnool,53.78346390216297
2009-07,Mahbubnagar,74.37836351874434
2009-07,Medak,113.9926918180905
2009-07,Nalgonda,104.21527913597257
2009-07,Sri Potti Sriramulu Nellore,45.67023951323493
2009-07,Nizamabad,167.7584383424178
2009-07,Prakasam,58.32767620951257
2009-07,Rangareddy,89.53898227728226
2009-07,Srikakulam,350.9662239992378
2009-07,Visakhapatnam,308.8696398539404
2009-07,Vizianagaram,401.94067000186305
2009-07,Warangal,198.04147428451546
2009-07,West Godavari,223.87884685630087
2009-08,Adilabad,300.69088243285313
2009-08,Anantapur,95.15929324573285
2009-08,Chittoor,137.7241341621786
2009-08,Y.s.r.,148.16582943185554
2009-08,East Godavari,234.22394993315797
2009-08,Guntur,200.66716120438542
2009-08,Hyderabad,228.60355081187862
2009-08,Karimnagar,279.2820085008246
2009-08,Khammam,298.20789359457603
2009-08,Krishna,197.16965962832023
2009-08,Kurnool,190.24300723714134
2009-08,Mahbubnagar,279.99824668783674
2009-08,Medak,276.09326969042183
2009-08,Nalgonda,197.0173858196268
2009-08,Sri Potti Sriramulu Nellore,130.4466189489423
2009-08,Nizamabad,285.9237225800896
2009-08,Prakasam,193.1759346507579
2009-08,Rangareddy,272.6862700301736
2009-08,Srikakulam,184.07489343133415
2009-08,Visakhapatnam,247.82174041715345
2009-08,Vizianagaram,227.9573395599652
2009-08,Warangal,253.64067234187473
2009-08,West Godavari,209.37787281592276
2009-09,Adilabad,104.01593264364081
2009-09,Anantapur,176.85662030378683
2009-09,Chittoor,133.71401683199417
2009-09,Y.s.r.,131.2993433898159
2009-09,East Godavari,171.9991179518718
2009-09,Guntur,139.064175847177
2009-09,Hyderabad,161.38076801222888
2009-09,Karimnagar,121.78931730701329
2009-09,Khammam,146.08855619501495
2009-09,Krishna,136.10352270327485
2009-09,Kurnool,178.74294384091198
2009-09,Mahbubnagar,187.92000475200842
2009-09,Medak,159.1331437095142
2009-09,Nalgonda,149.3623483941611
2009-09,Sri Potti Sriramulu Nellore,97.57573493510229
2009-09,Nizamabad,141.18386621061197
2009-09,Prakasam,119.80841745537121
2009-09,Rangareddy,172.08795543062757
2009-09,Srikakulam,196.30611937425925
2009-09,Visakhapatnam,197.97771098116536
2009-09,Vizianagaram,193.5083535063786
2009-09,Warangal,133.26299145668375
2009-09,West Godavari,149.50996306520082
2009-10,Adilabad,57.31597439592887
2009-10,Anantapur,58.48473911493431
2009-10,Chittoor,38.412440179901864
2009-10,Y.s.r.,30.38435293458458
2009-10,East Godavari,78.41863016670924
2009-10,Guntur,26.44711240063544
2009-10,Hyderabad,85.85066485389535
2009-10,Karimnagar,57.95961250939031
2009-10,Khammam,30.387610556957025
2009-10,Krishna,33.53750327806422
2009-10,Kurnool,53.74427215337152
2009-10,Mahbubnagar,69.04769276119556
2009-10,Medak,83.00267603869337
2009-10,Nalgonda,43.33911186124148
2009-10,Sri Potti Sriramulu Nellore,43.46303660805025
2009-10,Nizamabad,63.89362326629237
2009-10,Prakasam,32.65614840614656
2009-10,Rangareddy,83.593554096938
2009-10,Srikakulam,160.39357693103818
2009-10,Visakhapatnam,93.78636814746868
2009-10,Vizianagaram,110.49780015082102
2009-10,Warangal,37.4162155303364
2009-10,West Godavari,50.85331448182767
2009-11,Adilabad,18.22731700379313
2009-11,Anantapur,69.40045751045862
2009-11,Chittoor,156.31199104191734
2009-11,Y.s.r.,127.35205687433408
2009-11,East Godavari,65.11014801129058
2009-11,Guntur,69.02949703426125
2009-11,Hyderabad,19.55156878144224
2009-11,Karimnagar,18.296691928560367
2009-11,Khammam,43.67870104549253
2009-11,Krishna,81.22007359367308
2009-11,Kurnool,41.81924620990188
2009-11,Mahbubnagar,29.446765855898736
2009-11,Medak,19.284569646955987
2009-11,Nalgonda,28.231129734244472
2009-11,Sri Potti Sriramulu Nellore,308.5918027682407
2009-11,Nizamabad,18.921078991438833
2009-11,Prakasam,149.01983001668253
2009-11,Rangareddy,18.89801515620421
2009-11,Srikakulam,75.4886244350647
2009-11,Visakhapatnam,66.35875168628266
2009-11,Vizianagaram,78.39617005076262
2009-11,Warangal,25.949385943871864
2009-11,West Godavari,51.55463290747922
2009-12,Adilabad,0.5008546092864237
2009-12,Anantapur,4.996911130834522
2009-12,Chittoor,42.00413777697398
2009-12,Y.s.r.,23.405002948035563
2009-12,East Godavari,2.8686325966973314
2009-12,Guntur,5.060839034520109
2009-12,Hyderabad,0.0
2009-12,Karimnagar,0.6594648159580491
2009-12,Khammam,0.3383668341919678
2009-12,Krishna,1.3919350459101312
2009-12,Kurnool,1.8663838349217428
2009-12,Mahbubnagar,0.984726552703325
2009-12,Medak,0.4425485999335797
2009-12,Nalgonda,0.24159911099791578
2009-12,Sri Potti Sriramulu Nellore,74.82248373460749
2009-12,Nizamabad,0.2301434030145548
2009-12,Prakasam,11.508737901782272
2009-12,Rangareddy,0.40230454828356876
2009-12,Srikakulam,5.425383439364313
2009-12,Visakhapatnam,3.599533126702445
2009-12,Vizianagaram,3.1026497942939297
2009-12,Warangal,0.533800774023094
2009-12,West Godavari,1.7212591426298676
2010-01,Adilabad,16.610754951321038
2010-01,Anantapur,0.5580712835916274
2010-01,Chittoor,7.519234845464565
2010-01,Y.s.r.,3.884873662833618
2010-01,East Godavari,1.7712701151179666
2010-01,Guntur,0.8341241522559978
2010-01,Hyderabad,4.834494287643618
2010-01,Karimnagar,12.828745150522236
2010-01,Khammam,4.8729323869743855
2010-01,Krishna,1.3918739791494605
2010-01,Kurnool,0.7806778378626846
2010-01,Mahbubnagar,1.0267492526140152
2010-01,Medak,5.3288793287394185
2010-01,Nalgonda,3.3339031916366753
2010-01,Sri Potti Sriramulu Nellore,5.373836252195532
2010-01,Nizamabad,10.324884766038183
2010-01,Prakasam,1.111137417225111
2010-01,Rangareddy,1.661166220718408
2010-01,Srikakulam,2.8597995355647203
2010-01,Visakhapatnam,4.950445204053838
2010-01,Vizianagaram,5.296671144380763
2010-01,Warangal,8.217252036581057
2010-01,West Godavari,1.8197439118239203
2010-02,Adilabad,12.443174456906952
2010-02,Anantapur,0.010309690846222458
2010-02,Chittoor,0.3803143777876859
2010-02,Y.s.r.,0.11139017142914183
2010-02,East Godavari,3.2073720839800313
2010-02,Guntur,0.9545775706591375
2010-02,Hyderabad,4.279071896168792
2010-02,Karimnagar,9.271899229516979
2010-02,Khammam,7.061589760217269
2010-02,Krishna,2.1227035256197224
2010-02,Kurnool,0.053850137880563705
2010-02,Mahbubnagar,0.9863522146077934
2010-02,Medak,4.801013252149665
2010-02,Nalgonda,5.01079199014193
2010-02,Sri Potti Sriramulu Nellore,0.2686553858478379
2010-02,Nizamabad,8.524920790452324
2010-02,Prakasam,1.4501975332468793
2010-02,Rangareddy,2.62371629133498
2010-02,Srikakulam,11.580898764392378
2010-02,Visakhapatnam,9.35591863303522
2010-02,Vizianagaram,10.167129271640768
2010-02,Warangal,9.353475952517119
2010-02,West Godavari,1.9491735996186546
2010-03,Adilabad,13.016767690442244
2010-03,Anantapur,2.95883299085893
2010-03,Chittoor,9.044959826002973
2010-03,Y.s.r.,3.492412934835188
2010-03,East Godavari,9.294241618727861
2010-03,Guntur,10.076761852680358
2010-03,Hyderabad,10.545589297990581
2010-03,Karimnagar,11.911227836729614
2010-03,Khammam,12.327034174359161
2010-03,Krishna,8.492495477267449
2010-03,Kurnool,4.821421566825267
2010-03,Mahbubnagar,6.039714893883214
2010-03,Medak,11.414204782971941
2010-03,Nalgonda,11.59654923958308
2010-03,Sri Potti Sriramulu Nellore,5.69043159434898
2010-03,Nizamabad,11.407694315420528
2010-03,Prakasam,8.301241864961101
2010-03,Rangareddy,8.447208823401521
2010-03,Srikakulam,18.346868662316986
2010-03,Visakhapatnam,19.281798830417234
2010-03,Vizianagaram,21.181949710635376
2010-03,Warangal,12.93988452720342
2010-03,West Godavari,7.0723503362207465
2010-04,Adilabad,10.015391032191594
2010-04,Anantapur,34.275149815158436
2010-04,Chittoor,49.54175908165824
2010-04,Y.s.r.,20.8105125542443
2010-04,East Godavari,21.27901544496379
2010-04,Guntur,28.298315011908155
2010-04,Hyderabad,16.270261548560796
2010-04,Karimnagar,11.489491872524471
2010-04,Khammam,22.67153858463793
2010-04,Krishna,24.03599674881682
2010-04,Kurnool,24.535139328190997
2010-04,Mahbubnagar,22.404088998439608
2010-04,Medak,16.49709767154963
2010-04,Nalgonda,18.743145534371873
2010-04,Sri Potti Sriramulu Nellore,13.021881313514447
2010-04,Nizamabad,11.233607183484166
2010-04,Prakasam,23.136919941984008
2010-04,Rangareddy,20.339007860254657
2010-04,Srikakulam,11.5757217500807
2010-04,Visakhapatnam,32.69088943616978
2010-04,Vizianagaram,21.811848603677404
2010-04,Warangal,14.696619537846281
2010-04,West Godavari,16.257350200780447
2010-05,Adilabad,13.297526066190478
2010-05,Anantapur,60.541868460426464
2010-05,Chittoor,65.57845621376521
2010-05,Y.s.r.,61.612284033983755
2010-05,East Godavari,123.54360108293409
2010-05,Guntur,84.16440563327308
2010-05,Hyderabad,32.56472436509858
2010-05,Karimnagar,19.659896475615238
2010-05,Khammam,119.70305537959818
2010-05,Krishna,126.19374704182012
2010-05,Kurnool,50.37593653119203
2010-05,Mahbubnagar,41.69850988287777
2010-05,Medak,19.48676431026201
2010-05,Nalgonda,50.76789663894678
2010-05,Sri Potti Sriramulu Nellore,44.12002991357799
2010-05,Nizamabad,13.200184521324404
2010-05,Prakasam,67.26829046024169
2010-05,Rangareddy,31.347642237693265
2010-05,Srikakulam,115.86917140387934
2010-05,Visakhapatnam,133.34364866400998
2010-05,Vizianagaram,128.21706297129987
2010-05,Warangal,58.175078914799755
2010-05,West Godavari,127.57043518859038
2010-06,Adilabad,136.4778827161241
2010-06,Anantapur,54.76135214440623
2010-06,Chittoor,141.54166656003676
2010-06,Y.s.r.,115.53486829797133
2010-06,East Godavari,186.90766999384985
2010-06,Guntur,123.93859731293833
2010-06,Hyderabad,101.30257030289536
2010-06,Karimnagar,138.10859184308268
2010-06,Khammam,175.69217080328434
2010-06,Krishna,155.7224988095455
2010-06,Kurnool,136.1928657756428
2010-06,Mahbubnagar,126.22734393143989
2010-06,Medak,127.71495406659577
2010-06,Nalgonda,119.45664257192554
2010-06,Sri Potti Sriramulu Nellore,85.68516432424549
2010-06,Nizamabad,135.71420885037745
2010-06,Prakasam,120.17519911115185
2010-06,Rangareddy,118.75875194320444
2010-06,Srikakulam,197.12260690537187
2010-06,Visakhapatnam,209.91290680759965
2010-06,Vizianagaram,224.46091763092682
2010-06,Warangal,156.6403346064179
2010-06,West Godavari,182.87484250956493
2010-07,Adilabad,480.14011229922727
2010-07,Anantapur,73.1719305604208
2010-07,Chittoor,201.30378354216074
2010-07,Y.s.r.,177.0757130877956
2010-07,East Godavari,361.8592951416439
2010-07,Guntur,288.62406548892335
2010-07,Hyderabad,301.1345287488116
2010-07,Karimnagar,425.50634692171695
2010-07,Khammam,412.011011230429
2010-07,Krishna,333.86331032179976
2010-07,Kurnool,270.0434497685375
2010-07,Mahbubnagar,368.04707061719535
2010-07,Medak,391.6109458102484
2010-07,Nalgonda,338.2525586232574
2010-07,Sri Potti Sriramulu Nellore,141.74796068134268
2010-07,Nizamabad,416.3340021836818
2010-07,Prakasam,225.7366804919935
2010-07,Rangareddy,357.74573278228104
2010-07,Srikakulam,241.38041522650144
2010-07,Visakhapatnam,374.61733844716707
2010-07,Vizianagaram,340.74505230030974
2010-07,Warangal,381.9607987345997
2010-07,West Godavari,352.3829456119143
2010-08,Adilabad,536.7672389625114
2010-08,Anantapur,116.22581995995588
2010-08,Chittoor,227.20017027955575
2010-08,Y.s.r.,205.35007188600235
2010-08,East Godavari,377.2996249716153
2010-08,Guntur,276.5807659713069
2010-08,Hyderabad,331.2662132351144
2010-08,Karimnagar,455.14705958344433
2010-08,Khammam,455.44192151263184
2010-08,Krishna,307.03788740909494
2010-08,Kurnool,227.25301559774303
2010-08,Mahbubnagar,345.7558523130358
2010-08,Medak,459.22710693379986
2010-08,Nalgonda,306.21413043551854
2010-08,Sri Potti Sriramulu Nellore,187.63557626576429
2010-08,Nizamabad,521.4646648231155
2010-08,Prakasam,248.97363668750697
2010-08,Rangareddy,397.85546860480116
2010-08,Srikakulam,254.17002915771027
2010-08,Visakhapatnam,376.70298465280297
2010-08,Vizianagaram,309.10984931291324
2010-08,Warangal,407.11717689114823
2010-08,West Godavari,365.5882192108929
2010-09,Adilabad,290.8625849256138
2010-09,Anantapur,123.43231606707276
2010-09,Chittoor,139.05185749699075
2010-09,Y.s.r.,128.14964575844905
2010-09,East Godavari,239.99882041040723
2010-09,Guntur,259.39388216177684
2010-09,Hyderabad,215.08625626702903
2010-09,Karimnagar,303.74201919122686
2010-09,Khammam,283.2023451622702
2010-09,Krishna,280.72155947729595
2010-09,Kurnool,160.40564964847871
2010-09,Mahbubnagar,181.26111850445255
2010-09,Medak,248.90153070895326
2010-09,Nalgonda,230.72104167890527
2010-09,Sri Potti Sriramulu Nellore,148.42665519064508
2010-09,Nizamabad,256.33477190056004
2010-09,Prakasam,204.3486063421963
2010-09,Rangareddy,214.7549735840461
2010-09,Srikakulam,233.2599235518689
2010-09,Visakhapatnam,266.45422326307977
2010-09,Vizianagaram,275.36238497715874
2010-09,Warangal,291.3826166502578
2010-09,West Godavari,259.5416122548835
2010-10,Adilabad,69.36245195330169
2010-10,Anantapur,129.17547887388378
2010-10,Chittoor,243.7635733027602
2010-10,Y.s.r.,198.88239018755587
2010-10,East Godavari,442.4335600679913
2010-10,Guntur,233.5313559729314
2010-10,Hyderabad,95.80152125682645
2010-10,Karimnagar,89.36357226725808
2010-10,Khammam,248.03016763486124
2010-10,Krishna,303.754695557017
2010-10,Kurnool,112.27540801546675
2010-10,Mahbubnagar,92.00908668960587
2010-10,Medak,90.10153534341663
2010-10,Nalgonda,149.5623362206347
2010-10,Sri Potti Sriramulu Nellore,355.5590126802279
2010-10,Nizamabad,77.27328203079969
2010-10,Prakasam,257.6655932913895
2010-10,Rangareddy,90.34301457826301
2010-10,Srikakulam,368.80968224450004
2010-10,Visakhapatnam,378.19690900471875
2010-10,Vizianagaram,322.8798420484292
2010-10,Warangal,146.23672877916653
2010-10,West Godavari,421.8297185462354
2010-11,Adilabad,35.69408872524926
2010-11,Anantapur,103.09663641442815
2010-11,Chittoor,200.83471830243204
2010-11,Y.s.r.,161.43759528494698
2010-11,East Godavari,231.79414958593048
2010-11,Guntur,129.2106662290816
2010-11,Hyderabad,29.016508490985263
2010-11,Karimnagar,43.11633035600059
2010-11,Khammam,91.96476761289155
2010-11,Krishna,165.44169281443328
2010-11,Kurnool,55.5104026696766
2010-11,Mahbubnagar,43.32088510835095
2010-11,Medak,28.10152149653847
2010-11,Nalgonda,51.708578773113736
2010-11,Sri Potti Sriramulu Nellore,297.0337636310916
2010-11,Nizamabad,28.03499328091498
2010-11,Prakasam,181.0926601567144
2010-11,Rangareddy,28.433205808667783
2010-11,Srikakulam,200.8843690912606
2010-11,Visakhapatnam,232.11400795462703
2010-11,Vizianagaram,216.3980931113735
2010-11,Warangal,53.60997879136373
2010-11,West Godavari,149.86629482214997
2010-12,Adilabad,6.977637341538819
2010-12,Anantapur,9.914758398238028
2010-12,Chittoor,91.47146048879202
2010-12,Y.s.r.,42.09304491724065
2010-12,East Godavari,56.79012163889143
2010-12,Guntur,35.611130859681566
2010-12,Hyderabad,9.394354369879538
2010-12,Karimnagar,11.204890394851319
2010-12,Khammam,21.383614562713962
2010-12,Krishna,44.72216890529811
2010-12,Kurnool,6.6841658076456945
2010-12,Mahbubnagar,8.14144761252221
2010-12,Medak,9.173379676003476
2010-12,Nalgonda,10.712904926660151
2010-12,Sri Potti Sriramulu Nellore,114.70954313669336
2010-12,Nizamabad,7.043962589720021
2010-12,Prakasam,33.93076194916467
2010-12,Rangareddy,9.850547214040496
2010-12,Srikakulam,40.20312748079948
2010-12,Visakhapatnam,40.99912791658373
2010-12,Vizianagaram,34.63617293470248
2010-12,Warangal,13.208095061772388
2010-12,West Godavari,49.802507113376286
2011-01,Adilabad,7.7784155395924
2011-01,Anantapur,0.20249277900817314
2011-01,Chittoor,9.606875903008726
2011-01,Y.s.r.,3.0718604337762367
2011-01,East Godavari,2.164442820866393
2011-01,Guntur,0.10015966634478558
2011-01,Hyderabad,0.0
2011-01,Karimnagar,4.260567057313688
2011-01,Khammam,2.280811071488981
2011-01,Krishna,0.4515560540628402
2011-01,Kurnool,0.21189753861297989
2011-01,Mahbubnagar,0.07786455935138065
2011-01,Medak,1.6130518980363524
2011-01,Nalgonda,0.5353700128698571
2011-01,Sri Potti Sriramulu Nellore,6.057392435130458
2011-01,Nizamabad,7.405381609485509
2011-01,Prakasam,0.4747568095619356
2011-01,Rangareddy,0.0
2011-01,Srikakulam,2.1502039169957823
2011-01,Visakhapatnam,2.0311507289329644
2011-01,Vizianagaram,2.2329681098699936
2011-01,Warangal,1.8312406059998927
2011-01,West Godavari,0.5876965036048005
2011-02,Adilabad,11.072329217211838
2011-02,Anantapur,0.008580430387781212
2011-02,Chittoor,1.4090348757119053
2011-02,Y.s.r.,0.13435873355587205
2011-02,East Godavari,7.420675092264113
2011-02,Guntur,5.188834739499075
2011-02,Hyderabad,11.390532068835876
2011-02,Karimnagar,12.192844565271402
2011-02,Khammam,10.153926594479836
2011-02,Krishna,9.401639047356344
2011-02,Kurnool,0.0
2011-02,Mahbubnagar,2.6369627995899374
2011-02,Medak,10.188631002915939
2011-02,Nalgonda,9.986793928457658
2011-02,Sri Potti Sriramulu Nellore,2.3014473409711886
2011-02,Nizamabad,8.535969933283948
2011-02,Prakasam,1.8137912366675335
2011-02,Rangareddy,7.403973918354394
2011-02,Srikakulam,10.009590582092423
2011-02,Visakhapatnam,9.587037605849547
2011-02,Vizianagaram,11.122185683936381
2011-02,Warangal,11.688448752099893
2011-02,West Godavari,7.436880595977747
2011-03,Adilabad,9.048736298068148
2011-03,Anantapur,0.0
2011-03,Chittoor,1.1165464205658755
2011-03,Y.s.r.,0.16511261240013075
2011-03,East Godavari,0.012573593215849702
2011-03,Guntur,0.3146026168188594
2011-03,Hyderabad,5.818585832836559
2011-03,Karimnagar,5.235093497291035
2011-03,Khammam,0.4136149387157134
2011-03,Krishna,0.4749557204670134
2011-03,Kurnool,0.0
2011-03,Mahbubnagar,0.0
2011-03,Medak,2.808849397693989
2011-03,Nalgonda,0.44563245706945775
2011-03,Sri Potti Sriramulu Nellore,3.613580794940548E-4
2011-03,Nizamabad,5.342571825513577
2011-03,Prakasam,0.2648330275348233
2011-03,Rangareddy,1.3549188493209694
2011-03,Srikakulam,4.33120680090311
2011-03,Visakhapatnam,2.1982993764564314
2011-03,Vizianagaram,5.266759122577628
2011-03,Warangal,0.5782516152424025
2011-03,West Godavari,0.21498844131986825
2011-04,Adilabad,20.896870905659817
2011-04,Anantapur,45.12122512975304
2011-04,Chittoor,97.77209086813426
2011-04,Y.s.r.,35.052171105023305
2011-04,East Godavari,56.03783191036815
2011-04,Guntur,21.361165062167583
2011-04,Hyderabad,21.224671485123125
2011-04,Karimnagar,17.567349293244455
2011-04,Khammam,30.28045221569951
2011-04,Krishna,25.01129576328984
2011-04,Kurnool,31.468709629578022
2011-04,Mahbubnagar,25.21915695135907
2011-04,Medak,28.97530053645892
2011-04,Nalgonda,18.931329969362956
2011-04,Sri Potti Sriramulu Nellore,39.23685242161911
2011-04,Nizamabad,23.563240661354016
2011-04,Prakasam,24.42022317111131
2011-04,Rangareddy,27.04021560518462
2011-04,Srikakulam,34.52756236710638
2011-04,Visakhapatnam,82.60046014665427
2011-04,Vizianagaram,57.206888093337945
2011-04,Warangal,16.988557325034616
2011-04,West Godavari,30.072029330412718
2011-05,Adilabad,11.963144713853314
2011-05,Anantapur,75.48035820290957
2011-05,Chittoor,69.47799057216918
2011-05,Y.s.r.,69.24373677528794
2011-05,East Godavari,73.45330921565518
2011-05,Guntur,41.36939995303581
2011-05,Hyderabad,26.858961369227433
2011-05,Karimnagar,12.417916371878711
2011-05,Khammam,63.98315685308717
2011-05,Krishna,51.76201665304627
2011-05,Kurnool,53.298917450276825
2011-05,Mahbubnagar,46.49875919714354
2011-05,Medak,18.661688125594154
2011-05,Nalgonda,31.092271707547237
2011-05,Sri Potti Sriramulu Nellore,33.10457189105648
2011-05,Nizamabad,13.608180301871501
2011-05,Prakasam,54.05113592353154
2011-05,Rangareddy,33.08294232851059
2011-05,Srikakulam,74.1693808815449
2011-05,Visakhapatnam,98.47731686879325
2011-05,Vizianagaram,99.82332834267814
2011-05,Warangal,29.203551264517817
2011-05,West Godavari,61.059133099421565
2011-06,Adilabad,119.06301686631878
2011-06,Anantapur,23.099392744444494
2011-06,Chittoor,78.91101668911502
2011-06,Y.s.r.,60.930396258177225
2011-06,East Godavari,98.02734982833995
2011-06,Guntur,65.45919658176312
2011-06,Hyderabad,59.32259831953202
2011-06,Karimnagar,107.52711001577548
2011-06,Khammam,89.56297126945064
2011-06,Krishna,80.92817791339996
2011-06,Kurnool,51.691103216250625
2011-06,Mahbubnagar,51.535788557265924
2011-06,Medak,90.80820067761898
2011-06,Nalgonda,61.63418062282354
2011-06,Sri Potti Sriramulu Nellore,50.9138992695479
2011-06,Nizamabad,102.70049948383652
2011-06,Prakasam,56.7746371145529
2011-06,Rangareddy,71.23535553057205
2011-06,Srikakulam,119.27640100211232
2011-06,Visakhapatnam,119.15886243048115
2011-06,Vizianagaram,137.6560714891322
2011-06,Warangal,93.31008488108012
2011-06,West Godavari,92.37263736263434
2011-07,Adilabad,323.03169571142996
2011-07,Anantapur,35.0095429370461
2011-07,Chittoor,175.79739624088197
2011-07,Y.s.r.,128.17699574195248
2011-07,East Godavari,263.38764420583425
2011-07,Guntur,183.5444680891419
2011-07,Hyderabad,223.51016382692697
2011-07,Karimnagar,252.15953484709692
2011-07,Khammam,265.9227922003531
2011-07,Krishna,233.98962079193146
2011-07,Kurnool,119.78655954324172
2011-07,Mahbubnagar,212.80759400349302
2011-07,Medak,266.5681136555393
2011-07,Nalgonda,195.52053005109676
2011-07,Sri Potti Sriramulu Nellore,112.31889833644219
2011-07,Nizamabad,339.3804952829834
2011-07,Prakasam,141.85163674090214
2011-07,Rangareddy,261.9408034646443
2011-07,Srikakulam,229.45298365975842
2011-07,Visakhapatnam,280.68946289727563
2011-07,Vizianagaram,265.1862395812567
2011-07,Warangal,233.2609628437302
2011-07,West Godavari,266.81804245626506
2011-08,Adilabad,364.0056696172976
2011-08,Anantapur,85.41021246329262
2011-08,Chittoor,197.3808838166983
2011-08,Y.s.r.,153.1770157875569
2011-08,East Godavari,294.89693823172365
2011-08,Guntur,194.6670972908584
2011-08,Hyderabad,205.3086812963763
2011-08,Karimnagar,254.0410247999481
2011-08,Khammam,337.4494109225794
2011-08,Krishna,235.32377386139552
2011-08,Kurnool,175.072855032056
2011-08,Mahbubnagar,272.1260649849109
2011-08,Medak,255.27403018650938
2011-08,Nalgonda,213.87426715139856
2011-08,Sri Potti Sriramulu Nellore,126.39021081946184
2011-08,Nizamabad,304.9191255821014
2011-08,Prakasam,170.64147621204216
2011-08,Rangareddy,245.04302935291346
2011-08,Srikakulam,234.7790677342061
2011-08,Visakhapatnam,312.8424952358263
2011-08,Vizianagaram,284.90368396353773
2011-08,Warangal,247.23953516808024
2011-08,West Godavari,277.5335458432275
2011-09,Adilabad,185.90246936316802
2011-09,Anantapur,47.14758006217377
2011-09,Chittoor,111.77056704817812
2011-09,Y.s.r.,68.59453199878195
2011-09,East Godavari,130.47143569838204
2011-09,Guntur,71.72118751660514
2011-09,Hyderabad,52.79082384587876
2011-09,Karimnagar,141.18838468271738
2011-09,Khammam,122.22968887080638
2011-09,Krishna,83.58163512138808
2011-09,Kurnool,57.912092823254014
2011-09,Mahbubnagar,50.11384598780268
2011-09,Medak,75.57521622235474
2011-09,Nalgonda,50.48631215009749
2011-09,Sri Potti Sriramulu Nellore,66.63805325515904
2011-09,Nizamabad,107.66426713681032
2011-09,Prakasam,71.82774481512206
2011-09,Rangareddy,56.26838004499412
2011-09,Srikakulam,192.2163136254589
2011-09,Visakhapatnam,158.70009842083667
2011-09,Vizianagaram,215.85198572776915
2011-09,Warangal,115.5103269189714
2011-09,West Godavari,109.03873496761068
2011-10,Adilabad,20.39752062560613
2011-10,Anantapur,102.69662700256598
2011-10,Chittoor,182.57140001008614
2011-10,Y.s.r.,120.39810102007743
2011-10,East Godavari,91.74434405202769
2011-10,Guntur,104.3591583980175
2011-10,Hyderabad,66.22562256229732
2011-10,Karimnagar,30.944970588112877
2011-10,Khammam,48.02324207595661
2011-10,Krishna,83.63300837055256
2011-10,Kurnool,68.5402821310293
2011-10,Mahbubnagar,69.41060879966365
2011-10,Medak,57.87687285570159
2011-10,Nalgonda,63.42928016009817
2011-10,Sri Potti Sriramulu Nellore,239.01540065310832
2011-10,Nizamabad,41.096396634953905
2011-10,Prakasam,141.74931671014755
2011-10,Rangareddy,71.21975773473049
2011-10,Srikakulam,25.495775593403803
2011-10,Visakhapatnam,60.31729631719689
2011-10,Vizianagaram,46.322257267918005
2011-10,Warangal,40.413891143654894
2011-10,West Godavari,91.59845372195139
2011-11,Adilabad,2.8974915526066
2011-11,Anantapur,35.58836266695548
2011-11,Chittoor,133.60544255363087
2011-11,Y.s.r.,86.07224713639341
2011-11,East Godavari,12.132793177674017
2011-11,Guntur,14.180159328404963
2011-11,Hyderabad,7.263050725853557
2011-11,Karimnagar,2.653514289229342
2011-11,Khammam,8.767637482926318
2011-11,Krishna,13.096189375180158
2011-11,Kurnool,14.280163137590076
2011-11,Mahbubnagar,9.826324196803457
2011-11,Medak,7.1012259192270175
2011-11,Nalgonda,6.6969092031657835
2011-11,Sri Potti Sriramulu Nellore,237.6714401543594
2011-11,Nizamabad,6.514113395001163
2011-11,Prakasam,57.00128671700788
2011-11,Rangareddy,6.794461389874159
2011-11,Srikakulam,7.616921399361173
2011-11,Visakhapatnam,7.905852577521408
2011-11,Vizianagaram,7.586656849856611
2011-11,Warangal,6.554444829746193
2011-11,West Godavari,10.252692934103427
2011-12,Adilabad,0.09330195799729162
2011-12,Anantapur,3.5214523540267604
2011-12,Chittoor,49.521682473440436
2011-12,Y.s.r.,20.0394113201971
2011-12,East Godavari,0.9914612719535634
2011-12,Guntur,1.7001982951609838
2011-12,Hyderabad,0.9153199587825046
2011-12,Karimnagar,0.14157411129022032
2011-12,Khammam,0.2627056371151078
2011-12,Krishna,2.4096537742777047
2011-12,Kurnool,0.9845430199359567
2011-12,Mahbubnagar,0.8842035501270871
2011-12,Medak,0.2893537670282252
2011-12,Nalgonda,0.49738843531639787
2011-12,Sri Potti Sriramulu Nellore,38.848742617057475
2011-12,Nizamabad,0.10611956126825801
2011-12,Prakasam,4.085793456694064
2011-12,Rangareddy,0.9436114355630139
2011-12,Srikakulam,0.0
2011-12,Visakhapatnam,0.8157525597040826
2011-12,Vizianagaram,0.026692382550033568
2011-12,Warangal,0.2040232145981278
2011-12,West Godavari,1.9270073070160056
2012-01,Adilabad,9.350565529866175
2012-01,Anantapur,0.3575524885072857
2012-01,Chittoor,12.30382922609533
2012-01,Y.s.r.,4.632139291661713
2012-01,East Godavari,6.0065930232282305
2012-01,Guntur,0.003577025148247779
2012-01,Hyderabad,0.0
2012-01,Karimnagar,6.298835700698904
2012-01,Khammam,3.513805706253318
2012-01,Krishna,0.17380653186050116
2012-01,Kurnool,0.21214149070015903
2012-01,Mahbubnagar,0.07801205781871298
2012-01,Medak,1.914069823179067
2012-01,Nalgonda,0.6180696778641961
2012-01,Sri Potti Sriramulu Nellore,11.650973686940484
2012-01,Nizamabad,7.659720770615511
2012-01,Prakasam,0.6372757739196785
2012-01,Rangareddy,0.0
2012-01,Srikakulam,8.456170796418542
2012-01,Visakhapatnam,9.767333157406584
2012-01,Vizianagaram,9.89704548528188
2012-01,Warangal,3.0920246341246083
2012-01,West Godavari,1.790589884410824
2012-02,Adilabad,5.765629855985387
2012-02,Anantapur,0.3040875848976625
2012-02,Chittoor,3.4669562056680303
2012-02,Y.s.r.,0.7347714876708984
2012-02,East Godavari,3.4220748726753705
2012-02,Guntur,0.9215566335901493
2012-02,Hyderabad,0.0
2012-02,Karimnagar,6.096326035784078
2012-02,Khammam,4.7919932836166685
2012-02,Krishna,2.2178415095626614
2012-02,Kurnool,0.11203228968257924
2012-02,Mahbubnagar,0.09429419374563312
2012-02,Medak,0.9968873004268687
2012-02,Nalgonda,2.8303465035543525
2012-02,Sri Potti Sriramulu Nellore,1.100223214693657
2012-02,Nizamabad,2.3405032505480885
2012-02,Prakasam,0.29058903039538314
2012-02,Rangareddy,0.0996604052950025
2012-02,Srikakulam,7.788654380139592
2012-02,Visakhapatnam,6.72134381903481
2012-02,Vizianagaram,8.226488374037299
2012-02,Warangal,6.627835924258558
2012-02,West Godavari,2.5576279378643694
2012-03,Adilabad,8.861037869682601
2012-03,Anantapur,1.9893718048611866
2012-03,Chittoor,5.542852582791999
2012-03,Y.s.r.,1.4234403736679144
2012-03,East Godavari,2.5200057788751384
2012-03,Guntur,4.631080160656688
2012-03,Hyderabad,4.7764406010556755
2012-03,Karimnagar,4.401847126253895
2012-03,Khammam,2.003210707465365
2012-03,Krishna,2.9807957515284778
2012-03,Kurnool,0.863463234248244
2012-03,Mahbubnagar,3.361743393507457
2012-03,Medak,2.1090434997248684
2012-03,Nalgonda,5.4714612735208075
2012-03,Sri Potti Sriramulu Nellore,0.2916300703937538
2012-03,Nizamabad,5.182164797544538
2012-03,Prakasam,3.1809545786561313
2012-03,Rangareddy,2.4514957782062887
2012-03,Srikakulam,5.183741539441659
2012-03,Visakhapatnam,7.503954196574543
2012-03,Vizianagaram,9.035129348912537
2012-03,Warangal,3.5950092756747574
2012-03,West Godavari,3.8732366464333308
2012-04,Adilabad,14.283935703858857
2012-04,Anantapur,55.772886896797516
2012-04,Chittoor,38.12273823039503
2012-04,Y.s.r.,31.62056231242921
2012-04,East Godavari,25.258350685993612
2012-04,Guntur,21.11242070330733
2012-04,Hyderabad,49.22685807368517
2012-04,Karimnagar,21.1731416603776
2012-04,Khammam,28.465815147081376
2012-04,Krishna,13.335245235240675
2012-04,Kurnool,53.68884800871444
2012-04,Mahbubnagar,53.68876667942176
2012-04,Medak,35.18373419488124
2012-04,Nalgonda,34.308097344735586
2012-04,Sri Potti Sriramulu Nellore,15.616001547447604
2012-04,Nizamabad,19.635583155150563
2012-04,Prakasam,33.737214221273035
2012-04,Rangareddy,53.195427459447785
2012-04,Srikakulam,35.887464037918384
2012-04,Visakhapatnam,63.60250289659733
2012-04,Vizianagaram,54.962809030992666
2012-04,Warangal,28.384339195377166
2012-04,West Godavari,11.173133724050286
2012-05,Adilabad,7.681861471447502
2012-05,Anantapur,39.686750805808245
2012-05,Chittoor,39.74495628900465
2012-05,Y.s.r.,36.2595712834394
2012-05,East Godavari,34.368910268529206
2012-05,Guntur,36.30891055126267
2012-05,Hyderabad,13.82622018462246
2012-05,Karimnagar,9.067530823849818
2012-05,Khammam,40.670332146957136
2012-05,Krishna,47.307509207526365
2012-05,Kurnool,28.321401686972745
2012-05,Mahbubnagar,23.2606531308339
2012-05,Medak,10.667532462949936
2012-05,Nalgonda,20.971529518223317
2012-05,Sri Potti Sriramulu Nellore,16.902102604716507
2012-05,Nizamabad,8.549586983271578
2012-05,Prakasam,34.30247391250071
2012-05,Rangareddy,15.202111307921626
2012-05,Srikakulam,33.77978443159876
2012-05,Visakhapatnam,38.02208078077886
2012-05,Vizianagaram,41.640882765623076
2012-05,Warangal,20.65868782270044
2012-05,West Godavari,37.86155546878539
2012-06,Adilabad,141.7440382328569
2012-06,Anantapur,17.669225111825668
2012-06,Chittoor,52.689829608321226
2012-06,Y.s.r.,36.23911753736875
2012-06,East Godavari,136.7269992545016
2012-06,Guntur,90.24441688467624
2012-06,Hyderabad,84.28472047916893
2012-06,Karimnagar,124.50623225095343
2012-06,Khammam,158.36010515969326
2012-06,Krishna,114.57359795920303
2012-06,Kurnool,59.555481999712306
2012-06,Mahbubnagar,71.75241724700152
2012-06,Medak,114.30706171100638
2012-06,Nalgonda,99.03855529937222
2012-06,Sri Potti Sriramulu Nellore,33.97376223104903
2012-06,Nizamabad,127.57512785354132
2012-06,Prakasam,56.08868165757984
2012-06,Rangareddy,87.53204112065279
2012-06,Srikakulam,146.52896105716783
2012-06,Visakhapatnam,145.62230616712466
2012-06,Vizianagaram,155.17645057703555
2012-06,Warangal,144.32225103024092
2012-06,West Godavari,132.69526868752612
2012-07,Adilabad,471.28398478452954
2012-07,Anantapur,43.835493329071916
2012-07,Chittoor,161.52919139713813
2012-07,Y.s.r.,136.31847502423244
2012-07,East Godavari,313.3830954876168
2012-07,Guntur,270.808876562994
2012-07,Hyderabad,230.04648228957046
2012-07,Karimnagar,378.20684112120745
2012-07,Khammam,402.80084719379636
2012-07,Krishna,322.58288982939087
2012-07,Kurnool,176.57891277710152
2012-07,Mahbubnagar,266.5600489349507
2012-07,Medak,302.36351880226533
2012-07,Nalgonda,285.61767248489485
2012-07,Sri Potti Sriramulu Nellore,110.95339697208831
2012-07,Nizamabad,346.07861915521
2012-07,Prakasam,176.62864695396516
2012-07,Rangareddy,270.2987227357611
2012-07,Srikakulam,312.249178284574
2012-07,Visakhapatnam,312.1397695046592
2012-07,Vizianagaram,370.88211031356707
2012-07,Warangal,368.5360771550961
2012-07,West Godavari,343.98847892682096
2012-08,Adilabad,354.72355722841604
2012-08,Anantapur,68.35957828673587
2012-08,Chittoor,174.45315808945188
2012-08,Y.s.r.,108.41573850987538
2012-08,East Godavari,421.07588628244986
2012-08,Guntur,201.16181619094525
2012-08,Hyderabad,160.74908569916164
2012-08,Karimnagar,301.16632098498053
2012-08,Khammam,477.41199470717595
2012-08,Krishna,315.7446383021134
2012-08,Kurnool,109.27756323338383
2012-08,Mahbubnagar,166.24853967987391
2012-08,Medak,234.4115401940305
2012-08,Nalgonda,218.6739849727318
2012-08,Sri Potti Sriramulu Nellore,96.1135805237531
2012-08,Nizamabad,268.2791866883228
2012-08,Prakasam,122.3483696459808
2012-08,Rangareddy,183.740868525893
2012-08,Srikakulam,243.73330534283735
2012-08,Visakhapatnam,438.11122240164735
2012-08,Vizianagaram,337.3934525681551
2012-08,Warangal,327.526442739151
2012-08,West Godavari,418.8632123192753
2012-09,Adilabad,266.79698199289993
2012-09,Anantapur,76.23383213334219
2012-09,Chittoor,105.93023586064734
2012-09,Y.s.r.,111.89990046870922
2012-09,East Godavari,311.2249205948405
2012-09,Guntur,207.93223960720297
2012-09,Hyderabad,117.05295513069741
2012-09,Karimnagar,246.39163947425996
2012-09,Khammam,288.7734146405602
2012-09,Krishna,251.3673661176994
2012-09,Kurnool,96.77704877612312
2012-09,Mahbubnagar,115.42328484385034
2012-09,Medak,163.79352158660714
2012-09,Nalgonda,178.4900972466466
2012-09,Sri Potti Sriramulu Nellore,118.40344322869309
2012-09,Nizamabad,218.0431948524955
2012-09,Prakasam,164.54203880758783
2012-09,Rangareddy,120.38101032221017
2012-09,Srikakulam,288.7632567706044
2012-09,Visakhapatnam,323.46918651020496
2012-09,Vizianagaram,334.64622812004933
2012-09,Warangal,245.8594977696114
2012-09,West Godavari,305.4799826600695
2012-10,Adilabad,48.36288790103952
2012-10,Anantapur,97.53285453598177
2012-10,Chittoor,263.58772144914303
2012-10,Y.s.r.,149.46927922565243
2012-10,East Godavari,183.85876556103798
2012-10,Guntur,143.87394705613983
2012-10,Hyderabad,85.17124765127608
2012-10,Karimnagar,67.53575983732347
2012-10,Khammam,118.29637859260878
2012-10,Krishna,176.9570398745725
2012-10,Kurnool,86.45180097744257
2012-10,Mahbubnagar,85.33898844969411
2012-10,Medak,85.67198148928028
2012-10,Nalgonda,109.68024455758729
2012-10,Sri Potti Sriramulu Nellore,279.62258885634276
2012-10,Nizamabad,74.0640785139855
2012-10,Prakasam,166.44895430374171
2012-10,Rangareddy,84.40103629109713
2012-10,Srikakulam,125.66702807230514
2012-10,Visakhapatnam,145.62479802619407
2012-10,Vizianagaram,117.88299496101938
2012-10,Warangal,86.89203893510005
2012-10,West Godavari,215.81593464865597
2012-11,Adilabad,21.332985400933474
2012-11,Anantapur,54.20765713467275
2012-11,Chittoor,80.3025905176543
2012-11,Y.s.r.,96.39833993825609
2012-11,East Godavari,147.20286459775767
2012-11,Guntur,73.5833461392752
2012-11,Hyderabad,40.856097598214745
2012-11,Karimnagar,28.84240805702233
2012-11,Khammam,63.40938270688191
2012-11,Krishna,100.80057823550642
2012-11,Kurnool,42.651349782007046
2012-11,Mahbubnagar,38.93665552167982
2012-11,Medak,33.45570784640242
2012-11,Nalgonda,44.362706165853545
2012-11,Sri Potti Sriramulu Nellore,164.76565610192208
2012-11,Nizamabad,24.428440353032382
2012-11,Prakasam,81.75702943528061
2012-11,Rangareddy,37.0419578327854
2012-11,Srikakulam,137.59622607284487
2012-11,Visakhapatnam,126.46700022804467
2012-11,Vizianagaram,120.51663022024563
2012-11,Warangal,40.55531474798863
2012-11,West Godavari,106.00580519587015
2012-12,Adilabad,0.02377448015476613
2012-12,Anantapur,4.344254126530647
2012-12,Chittoor,84.62566848785433
2012-12,Y.s.r.,41.14519336665683
2012-12,East Godavari,0.9515696835147543
2012-12,Guntur,5.557548432066014
2012-12,Hyderabad,0.0
2012-12,Karimnagar,0.012578344670284174
2012-12,Khammam,0.19799601661581162
2012-12,Krishna,1.0896118583820942
2012-12,Kurnool,1.8825720185859451
2012-12,Mahbubnagar,0.8066808687422565
2012-12,Medak,0.0
2012-12,Nalgonda,0.25465355436080817
2012-12,Sri Potti Sriramulu Nellore,99.63732788564887
2012-12,Nizamabad,0.0
2012-12,Prakasam,18.158277653880663
2012-12,Rangareddy,0.0
2012-12,Srikakulam,0.007421508133946399
2012-12,Visakhapatnam,0.7607271126573507
2012-12,Vizianagaram,0.026384361999616624
2012-12,Warangal,0.04683160690358942
2012-12,West Godavari,0.8061165682309518
2013-01,Adilabad,7.879897437929866
2013-01,Anantapur,0.31003162334538953
2013-01,Chittoor,5.358492288286018
2013-01,Y.s.r.,2.8673228809956726
2013-01,East Godavari,1.4121250474995042
2013-01,Guntur,0.08196684044118985
2013-01,Hyderabad,3.8721485182691153
2013-01,Karimnagar,4.376649247334146
2013-01,Khammam,2.5144994663517024
2013-01,Krishna,0.0
2013-01,Kurnool,0.2852964196069476
2013-01,Mahbubnagar,0.16829712922167928
2013-01,Medak,2.99893823299991
2013-01,Nalgonda,1.990008523043542
2013-01,Sri Potti Sriramulu Nellore,2.6901267818459575
2013-01,Nizamabad,7.639347096089641
2013-01,Prakasam,0.6257641391136959
2013-01,Rangareddy,0.9921543538194961
2013-01,Srikakulam,2.716242765012674
2013-01,Visakhapatnam,2.585457896219756
2013-01,Vizianagaram,2.643170595809098
2013-01,Warangal,2.3130729376245265
2013-01,West Godavari,0.2630035427773114
2013-02,Adilabad,8.255387961272481
2013-02,Anantapur,0.6216459441528331
2013-02,Chittoor,4.112857404670122
2013-02,Y.s.r.,2.323561040372526
2013-02,East Godavari,10.325675364273092
2013-02,Guntur,13.424068543597416
2013-02,Hyderabad,13.628899667486788
2013-02,Karimnagar,8.042582620724998
2013-02,Khammam,10.125229276726733
2013-02,Krishna,24.35877963625785
2013-02,Kurnool,1.1501761089846556
2013-02,Mahbubnagar,2.1784020816700624
2013-02,Medak,7.709423107864151
2013-02,Nalgonda,10.095741875842707
2013-02,Sri Potti Sriramulu Nellore,3.897885596911151
2013-02,Nizamabad,5.402056008564394
2013-02,Prakasam,5.002768488199514
2013-02,Rangareddy,7.215779959944075
2013-02,Srikakulam,9.925984563497913
2013-02,Visakhapatnam,9.969438605464653
2013-02,Vizianagaram,10.66642829532684
2013-02,Warangal,8.689097135439606
2013-02,West Godavari,16.11999771933307
2013-03,Adilabad,8.300868421799137
2013-03,Anantapur,2.962140935321419
2013-03,Chittoor,7.233429306051703
2013-03,Y.s.r.,3.0922120352318108
2013-03,East Godavari,1.2387986127086477
2013-03,Guntur,2.2847573430724353
2013-03,Hyderabad,4.124041177385447
2013-03,Karimnagar,3.1404880374265827
2013-03,Khammam,0.2403077639124931
2013-03,Krishna,1.514768415877883
2013-03,Kurnool,4.468329971821116
2013-03,Mahbubnagar,0.9735260307140841
2013-03,Medak,2.6628438811867103
2013-03,Nalgonda,0.17937552192602568
2013-03,Sri Potti Sriramulu Nellore,2.9921782207149468
2013-03,Nizamabad,6.53126996125201
2013-03,Prakasam,5.4465294458915885
2013-03,Rangareddy,1.6820148577651193
2013-03,Srikakulam,4.54348621038507
2013-03,Visakhapatnam,2.651208863024851
2013-03,Vizianagaram,4.957165764541875
2013-03,Warangal,0.4534617399267581
2013-03,West Godavari,1.2732694095501529
2013-04,Adilabad,31.293463085674883
2013-04,Anantapur,19.02697493666951
2013-04,Chittoor,22.74331851089183
2013-04,Y.s.r.,11.762004913368683
2013-04,East Godavari,30.9474841006376
2013-04,Guntur,17.64075271222584
2013-04,Hyderabad,43.912682880012724
2013-04,Karimnagar,40.32137425431367
2013-04,Khammam,24.93506292604702
2013-04,Krishna,17.817042611966244
2013-04,Kurnool,24.52464131017835
2013-04,Mahbubnagar,31.72832158606878
2013-04,Medak,52.032689589924324
2013-04,Nalgonda,28.60369131117523
2013-04,Sri Potti Sriramulu Nellore,10.058068685015526
2013-04,Nizamabad,40.53089325620273
2013-04,Prakasam,16.47820092983868
2013-04,Rangareddy,48.13745229480762
2013-04,Srikakulam,27.646750245101394
2013-04,Visakhapatnam,52.27865604953638
2013-04,Vizianagaram,41.57905928099819
2013-04,Warangal,32.32184525867113
2013-04,West Godavari,12.961446240847966
2013-05,Adilabad,10.228743604572973
2013-05,Anantapur,77.64100726080902
2013-05,Chittoor,59.5557285734416
2013-05,Y.s.r.,67.78402564933171
2013-05,East Godavari,35.48272208579959
2013-05,Guntur,39.69963264677485
2013-05,Hyderabad,26.98626843085181
2013-05,Karimnagar,11.079235654617676
2013-05,Khammam,40.5827675812684
2013-05,Krishna,44.789599908024506
2013-05,Kurnool,61.334544460199815
2013-05,Mahbubnagar,42.55180071232211
2013-05,Medak,16.462326140364667
2013-05,Nalgonda,27.335510138856055
2013-05,Sri Potti Sriramulu Nellore,43.471334104186774
2013-05,Nizamabad,12.123539732942332
2013-05,Prakasam,49.16685375965027
2013-05,Rangareddy,29.729018307261814
2013-05,Srikakulam,43.574657214727196
2013-05,Visakhapatnam,36.77191377143089
2013-05,Vizianagaram,42.63196371801325
2013-05,Warangal,21.23097802758641
2013-05,West Godavari,36.31954585307817
2013-06,Adilabad,339.0760715021575
2013-06,Anantapur,49.19843001124393
2013-06,Chittoor,135.9245953361191
2013-06,Y.s.r.,103.17688096002577
2013-06,East Godavari,178.96006203859253
2013-06,Guntur,138.94873019987048
2013-06,Hyderabad,171.01557888583451
2013-06,Karimnagar,296.51257556533557
2013-06,Khammam,235.7866041133783
2013-06,Krishna,160.375586074713
2013-06,Kurnool,141.0396945534708
2013-06,Mahbubnagar,172.9956824422967
2013-06,Medak,197.98252619663867
2013-06,Nalgonda,183.56123580304737
2013-06,Sri Potti Sriramulu Nellore,86.38816254176524
2013-06,Nizamabad,245.40620009521635
2013-06,Prakasam,126.5209369597505
2013-06,Rangareddy,182.0699437470367
2013-06,Srikakulam,212.37140571974456
2013-06,Visakhapatnam,223.3404655702061
2013-06,Vizianagaram,237.66647823409863
2013-06,Warangal,247.2117359570002
2013-06,West Godavari,187.11032144684754
2013-07,Adilabad,469.8954273338376
2013-07,Anantapur,35.75691093106261
2013-07,Chittoor,157.52362093620826
2013-07,Y.s.r.,127.38148944737975
2013-07,East Godavari,259.8950339764589
2013-07,Guntur,198.96393678270044
2013-07,Hyderabad,225.67832423822776
2013-07,Karimnagar,387.91729333675704
2013-07,Khammam,364.7643003671728
2013-07,Krishna,252.6554041953135
2013-07,Kurnool,125.70706914169892
2013-07,Mahbubnagar,185.0212230421554
2013-07,Medak,323.1861425660367
2013-07,Nalgonda,247.8352740471346
2013-07,Sri Potti Sriramulu Nellore,124.18516803562203
2013-07,Nizamabad,424.5657920883828
2013-07,Prakasam,143.0437450874444
2013-07,Rangareddy,243.63230061805186
2013-07,Srikakulam,214.36127895020934
2013-07,Visakhapatnam,244.32673470120014
2013-07,Vizianagaram,258.6507915792198
2013-07,Warangal,352.6007921488309
2013-07,West Godavari,280.55820005314746
2013-08,Adilabad,267.82344167550104
2013-08,Anantapur,53.67524937029361
2013-08,Chittoor,118.20378507228692
2013-08,Y.s.r.,114.3394278549302
2013-08,East Godavari,202.616305631213
2013-08,Guntur,142.7388264612756
2013-08,Hyderabad,157.36518999257132
2013-08,Karimnagar,196.22953402488753
2013-08,Khammam,269.40784376582343
2013-08,Krishna,147.90397624993514
2013-08,Kurnool,121.41988985519852
2013-08,Mahbubnagar,186.40459192202326
2013-08,Medak,166.62426247808355
2013-08,Nalgonda,158.23452615890892
2013-08,Sri Potti Sriramulu Nellore,122.25745666047914
2013-08,Nizamabad,192.1671115381751
2013-08,Prakasam,147.32770748173292
2013-08,Rangareddy,175.39296918764708
2013-08,Srikakulam,170.72186122185474
2013-08,Visakhapatnam,263.6308591909996
2013-08,Vizianagaram,224.90286179639932
2013-08,Warangal,200.43457568416352
2013-08,West Godavari,178.40716938712134
2013-09,Adilabad,161.0771342220897
2013-09,Anantapur,201.4487350822993
2013-09,Chittoor,156.16735295471346
2013-09,Y.s.r.,148.22850723584628
2013-09,East Godavari,185.61767772779953
2013-09,Guntur,171.00820921966664
2013-09,Hyderabad,133.30316030662803
2013-09,Karimnagar,145.79385002561688
2013-09,Khammam,179.5762796995546
2013-09,Krishna,168.06392341516815
2013-09,Kurnool,210.33100985746492
2013-09,Mahbubnagar,186.5229827831605
2013-09,Medak,142.24398828031556
2013-09,Nalgonda,143.13331729001337
2013-09,Sri Potti Sriramulu Nellore,132.27163954360688
2013-09,Nizamabad,130.84888447586988
2013-09,Prakasam,188.3019902506075
2013-09,Rangareddy,162.87487846655404
2013-09,Srikakulam,225.07803345749636
2013-09,Visakhapatnam,189.1432081750646
2013-09,Vizianagaram,211.58124625402147
2013-09,Warangal,157.7570703887931
2013-09,West Godavari,179.44661015044395
2013-10,Adilabad,167.19454354986914
2013-10,Anantapur,102.4927256657769
2013-10,Chittoor,188.87026283931263
2013-10,Y.s.r.,168.52384517635653
2013-10,East Godavari,544.9952093102905
2013-10,Guntur,259.0611075979728
2013-10,Hyderabad,197.74022385927466
2013-10,Karimnagar,204.92883494721173
2013-10,Khammam,268.15619346048237
2013-10,Krishna,379.2824574033269
2013-10,Kurnool,125.00476759988467
2013-10,Mahbubnagar,148.67199497587046
2013-10,Medak,171.16479893518792
2013-10,Nalgonda,212.2925127393277
2013-10,Sri Potti Sriramulu Nellore,261.0797332481965
2013-10,Nizamabad,155.18957943602817
2013-10,Prakasam,237.28038222546243
2013-10,Rangareddy,173.10526840721758
2013-10,Srikakulam,618.4114958818539
2013-10,Visakhapatnam,471.4613917204383
2013-10,Vizianagaram,500.88092829608564
2013-10,Warangal,207.45718217389984
2013-10,West Godavari,509.8987343977293
2013-11,Adilabad,5.863696398205304
2013-11,Anantapur,19.40270576631587
2013-11,Chittoor,70.27074450896828
2013-11,Y.s.r.,45.079935397225384
2013-11,East Godavari,86.04690552606671
2013-11,Guntur,33.004198511260924
2013-11,Hyderabad,10.630744275460351
2013-11,Karimnagar,5.687893357528937
2013-11,Khammam,28.95170657175222
2013-11,Krishna,46.98085612141409
2013-11,Kurnool,7.414882490262246
2013-11,Mahbubnagar,8.973321077710462
2013-11,Medak,9.1788834736085
2013-11,Nalgonda,11.677155624591691
2013-11,Sri Potti Sriramulu Nellore,144.94454005746985
2013-11,Nizamabad,9.73821969878715
2013-11,Prakasam,63.70125445996965
2013-11,Rangareddy,8.177395664917308
2013-11,Srikakulam,43.98253091742147
2013-11,Visakhapatnam,64.0150041486978
2013-11,Vizianagaram,51.32747620333656
2013-11,Warangal,10.629789796322205
2013-11,West Godavari,51.34271235221792
2013-12,Adilabad,0.059369229848863815
2013-12,Anantapur,0.7680690725436762
2013-12,Chittoor,16.2753387182311
2013-12,Y.s.r.,7.7873178222527315
2013-12,East Godavari,8.445102132625559
2013-12,Guntur,3.844321098469441
2013-12,Hyderabad,0.0
2013-12,Karimnagar,0.09096832160379426
2013-12,Khammam,3.1977418958937887
2013-12,Krishna,5.679865533187115
2013-12,Kurnool,0.4774663954872781
2013-12,Mahbubnagar,0.39143149359200324
2013-12,Medak,0.0
2013-12,Nalgonda,0.060726696963828604
2013-12,Sri Potti Sriramulu Nellore,19.28315555407024
2013-12,Nizamabad,0.0
2013-12,Prakasam,3.25211748153324
2013-12,Rangareddy,0.0
2013-12,Srikakulam,5.797034312021173
2013-12,Visakhapatnam,6.619534263190647
2013-12,Vizianagaram,4.622219734372823
2013-12,Warangal,0.003130077929282579
2013-12,West Godavari,8.304126988990104
2014-01,Adilabad,7.507398427577227
2014-01,Anantapur,0.3658577675913913
2014-01,Chittoor,5.746900728951539
2014-01,Y.s.r.,3.138369743402729
2014-01,East Godavari,1.585086572751956
2014-01,Guntur,0.2904086143407959
2014-01,Hyderabad,3.860572885000975
2014-01,Karimnagar,4.241531154955672
2014-01,Khammam,2.6094040499736963
2014-01,Krishna,0.019468286563452564
2014-01,Kurnool,0.3316340258723452
2014-01,Mahbubnagar,0.16812091698794884
2014-01,Medak,1.8524517847034383
2014-01,Nalgonda,1.489843053729895
2014-01,Sri Potti Sriramulu Nellore,2.7886211215298418
2014-01,Nizamabad,7.5286156409587
2014-01,Prakasam,1.0795222093910963
2014-01,Rangareddy,0.24001985428938663
2014-01,Srikakulam,2.319145010654404
2014-01,Visakhapatnam,1.8759725752583647
2014-01,Vizianagaram,2.197611941873823
2014-01,Warangal,2.0672513564615387
2014-01,West Godavari,0.3818301837048224
2014-02,Adilabad,7.3860557816842904
2014-02,Anantapur,0.0
2014-02,Chittoor,0.9879688240882906
2014-02,Y.s.r.,0.0
2014-02,East Godavari,4.601548094282926
2014-02,Guntur,0.16727138382290405
2014-02,Hyderabad,4.309424514369286
2014-02,Karimnagar,5.833623567044188
2014-02,Khammam,4.722684874024879
2014-02,Krishna,1.3224694490565303
2014-02,Kurnool,0.0
2014-02,Mahbubnagar,0.1574706035655438
2014-02,Medak,2.0974323632941716
2014-02,Nalgonda,3.4752961434568728
2014-02,Sri Potti Sriramulu Nellore,0.006438364881313124
2014-02,Nizamabad,2.405962414566525
2014-02,Prakasam,0.0
2014-02,Rangareddy,1.601840210943656
2014-02,Srikakulam,9.297591291621048
2014-02,Visakhapatnam,7.108606349859837
2014-02,Vizianagaram,9.913801806513266
2014-02,Warangal,5.983210579762206
2014-02,West Godavari,2.516054719670095
2014-03,Adilabad,35.22482158464565
2014-03,Anantapur,0.5036388403937686
2014-03,Chittoor,1.12653748620601
2014-03,Y.s.r.,0.11844604124835831
2014-03,East Godavari,0.6490490470307415
2014-03,Guntur,0.003121704472144482
2014-03,Hyderabad,8.04781376505361
2014-03,Karimnagar,19.419076899334534
2014-03,Khammam,4.73535162292126
2014-03,Krishna,0.8323011702978816
2014-03,Kurnool,0.41416451831678125
2014-03,Mahbubnagar,1.1648803139869197
2014-03,Medak,13.430159747307647
2014-03,Nalgonda,2.9704752463096766
2014-03,Sri Potti Sriramulu Nellore,0.06846494174453081
2014-03,Nizamabad,24.626443609583646
2014-03,Prakasam,0.39909346869090556
2014-03,Rangareddy,6.730856654629725
2014-03,Srikakulam,9.770143501782222
2014-03,Visakhapatnam,6.41225000775314
2014-03,Vizianagaram,10.700719686973219
2014-03,Warangal,8.232992139572614
2014-03,West Godavari,0.12952141553607568
2014-04,Adilabad,11.962767184512185
2014-04,Anantapur,19.162331987523086
2014-04,Chittoor,7.851656115991395
2014-04,Y.s.r.,3.35369015517434
2014-04,East Godavari,8.437629131007942
2014-04,Guntur,3.5941426402386147
2014-04,Hyderabad,21.542687118709278
2014-04,Karimnagar,11.755256260252974
2014-04,Khammam,6.484463578001064
2014-04,Krishna,1.5711425028483617
2014-04,Kurnool,20.482899273915272
2014-04,Mahbubnagar,22.28175866697727
2014-04,Medak,16.79466323010936
2014-04,Nalgonda,10.735902892643294
2014-04,Sri Potti Sriramulu Nellore,4.576501185168302
2014-04,Nizamabad,10.529098712399016
2014-04,Prakasam,6.279562239922422
2014-04,Rangareddy,25.010507626856324
2014-04,Srikakulam,13.732331995112467
2014-04,Visakhapatnam,24.13922729677151
2014-04,Vizianagaram,24.067767747520474
2014-04,Warangal,10.165939511131823
2014-04,West Godavari,1.9171134741595384
2014-05,Adilabad,21.362712721051828
2014-05,Anantapur,54.677941285066716
2014-05,Chittoor,63.993894021846046
2014-05,Y.s.r.,40.32161305323998
2014-05,East Godavari,96.13207018324583
2014-05,Guntur,47.76572152682296
2014-05,Hyderabad,30.226998681543712
2014-05,Karimnagar,23.513929608319664
2014-05,Khammam,90.86483326863855
2014-05,Krishna,70.7416878075268
2014-05,Kurnool,42.155831593619816
2014-05,Mahbubnagar,36.16580602961787
2014-05,Medak,22.772604522238876
2014-05,Nalgonda,37.58950535090897
2014-05,Sri Potti Sriramulu Nellore,24.849238495152676
2014-05,Nizamabad,19.135122184100776
2014-05,Prakasam,43.916334877486456
2014-05,Rangareddy,34.14728224257449
2014-05,Srikakulam,108.62040302672816
2014-05,Visakhapatnam,110.10123530587222
2014-05,Vizianagaram,122.59625101794974
2014-05,Warangal,47.8968941898942
2014-05,West Godavari,79.35772818612357
2014-06,Adilabad,85.92640891342637
2014-06,Anantapur,38.3832386783431
2014-06,Chittoor,116.61154492032736
2014-06,Y.s.r.,84.68113923216923
2014-06,East Godavari,82.22795014340619
2014-06,Guntur,51.35843445837853
2014-06,Hyderabad,56.25778264875937
2014-06,Karimnagar,86.07874039103024
2014-06,Khammam,65.8646319994278
2014-06,Krishna,56.43064322485007
2014-06,Kurnool,68.95684683389511
2014-06,Mahbubnagar,55.06865977825001
2014-06,Medak,82.71033221258391
2014-06,Nalgonda,52.71618546988223
2014-06,Sri Potti Sriramulu Nellore,44.19714189796367
2014-06,Nizamabad,86.54740568217841
2014-06,Prakasam,51.77488790435369
2014-06,Rangareddy,65.25877169612613
2014-06,Srikakulam,143.45905802791125
2014-06,Visakhapatnam,117.79939424904651
2014-06,Vizianagaram,147.13918687745723
2014-06,Warangal,74.4466797128791
2014-06,West Godavari,72.21008569257575
2014-07,Adilabad,374.6522979229335
2014-07,Anantapur,23.591884723379394
2014-07,Chittoor,54.705222797540735
2014-07,Y.s.r.,71.91428632859281
2014-07,East Godavari,243.82193653668176
2014-07,Guntur,176.94261203745302
2014-07,Hyderabad,169.17479043114915
2014-07,Karimnagar,302.038146412089
2014-07,Khammam,323.27054337773814
2014-07,Krishna,218.33376032876976
2014-07,Kurnool,104.32583774152519
2014-07,Mahbubnagar,176.9431271953947
2014-07,Medak,247.42478459418055
2014-07,Nalgonda,206.69819478236374
2014-07,Sri Potti Sriramulu Nellore,71.98792158700385
2014-07,Nizamabad,298.387611696705
2014-07,Prakasam,115.68723068704553
2014-07,Rangareddy,193.6449467961762
2014-07,Srikakulam,332.1631196659061
2014-07,Visakhapatnam,303.00105325442655
2014-07,Vizianagaram,380.3003865723023
2014-07,Warangal,275.05248315609776
2014-07,West Godavari,250.05743182290487
2014-08,Adilabad,284.939636575595
2014-08,Anantapur,82.32727036566432
2014-08,Chittoor,132.19668510281136
2014-08,Y.s.r.,111.86382934489548
2014-08,East Godavari,336.3556116990438
2014-08,Guntur,152.32567798070156
2014-08,Hyderabad,193.33459434756182
2014-08,Karimnagar,237.85582557811477
2014-08,Khammam,343.36965670215926
2014-08,Krishna,205.4207726459578
2014-08,Kurnool,173.16486886970586
2014-08,Mahbubnagar,243.86855008501462
2014-08,Medak,239.91244512373476
2014-08,Nalgonda,185.39212868058158
2014-08,Sri Potti Sriramulu Nellore,98.51737650745892
2014-08,Nizamabad,244.0132447171069
2014-08,Prakasam,145.3034165430782
2014-08,Rangareddy,252.17004846590044
2014-08,Srikakulam,245.07180119146147
2014-08,Visakhapatnam,408.0100793098063
2014-08,Vizianagaram,333.2139434091318
2014-08,Warangal,259.66381638725977
2014-08,West Godavari,287.25433538893657
2014-09,Adilabad,179.86841618014793
2014-09,Anantapur,84.71800564327475
2014-09,Chittoor,99.12418810988288
2014-09,Y.s.r.,106.51249717799597
2014-09,East Godavari,210.94944487765147
2014-09,Guntur,143.17683505350348
2014-09,Hyderabad,129.75887332332942
2014-09,Karimnagar,175.12374939705256
2014-09,Khammam,196.20435360478277
2014-09,Krishna,166.5433833536974
2014-09,Kurnool,114.20614755638015
2014-09,Mahbubnagar,147.91108017887436
2014-09,Medak,132.67788392311547
2014-09,Nalgonda,152.59180893193007
2014-09,Sri Potti Sriramulu Nellore,77.84346351667902
2014-09,Nizamabad,144.09816815695885
2014-09,Prakasam,122.41247619664385
2014-09,Rangareddy,133.87561477789268
2014-09,Srikakulam,288.009982364579
2014-09,Visakhapatnam,256.2268056008116
2014-09,Vizianagaram,300.5934675376155
2014-09,Warangal,184.73456365455058
2014-09,West Godavari,205.61100841506487
2014-10,Adilabad,17.50131276846909
2014-10,Anantapur,163.33816480334016
2014-10,Chittoor,203.78863378193628
2014-10,Y.s.r.,184.4824628162045
2014-10,East Godavari,184.55395560278617
2014-10,Guntur,111.40858297449597
2014-10,Hyderabad,33.15336244669547
2014-10,Karimnagar,21.286639616797046
2014-10,Khammam,79.83517694736518
2014-10,Krishna,127.82818836489677
2014-10,Kurnool,105.88415004061311
2014-10,Mahbubnagar,67.13201866684354
2014-10,Medak,31.024153224359054
2014-10,Nalgonda,61.06414119698479
2014-10,Sri Potti Sriramulu Nellore,216.2328528443264
2014-10,Nizamabad,19.70088634691037
2014-10,Prakasam,138.1407767182896
2014-10,Rangareddy,40.574104527503636
2014-10,Srikakulam,209.50261406580614
2014-10,Visakhapatnam,170.68353840804858
2014-10,Vizianagaram,159.55859473477682
2014-10,Warangal,33.103485298616214
2014-10,West Godavari,181.10183575390303
2014-11,Adilabad,16.89278586440117
2014-11,Anantapur,35.242635027541525
2014-11,Chittoor,71.455009903934
2014-11,Y.s.r.,62.22719668916534
2014-11,East Godavari,29.922717152036025
2014-11,Guntur,55.70850917236424
2014-11,Hyderabad,18.811023650123076
2014-11,Karimnagar,23.266431857736105
2014-11,Khammam,31.116430520232733
2014-11,Krishna,49.976654695097885
2014-11,Kurnool,28.174214379512108
2014-11,Mahbubnagar,24.726610810160942
2014-11,Medak,20.0817061122968
2014-11,Nalgonda,28.84776148962504
2014-11,Sri Potti Sriramulu Nellore,125.61752004012413
2014-11,Nizamabad,17.995866447261417
2014-11,Prakasam,72.03923432186076
2014-11,Rangareddy,18.828839500613313
2014-11,Srikakulam,27.44647148685742
2014-11,Visakhapatnam,31.17401595533602
2014-11,Vizianagaram,29.00443228109369
2014-11,Warangal,22.504039807086933
2014-11,West Godavari,25.52455367606183
2014-12,Adilabad,1.8102971307546103
2014-12,Anantapur,2.992771191864492
2014-12,Chittoor,60.32746251606452
2014-12,Y.s.r.,26.114291154747516
2014-12,East Godavari,3.7373164139737183
2014-12,Guntur,6.190201892279513
2014-12,Hyderabad,0.9143223609739135
2014-12,Karimnagar,0.38660665811453954
2014-12,Khammam,0.5072906648829272
2014-12,Krishna,4.265068199574908
2014-12,Kurnool,2.82352687233498
2014-12,Mahbubnagar,2.5808580094493117
2014-12,Medak,0.32428166638776934
2014-12,Nalgonda,0.38200330221671946
2014-12,Sri Potti Sriramulu Nellore,65.0618503645063
2014-12,Nizamabad,1.6673256639684906
2014-12,Prakasam,12.828406509262042
2014-12,Rangareddy,1.3681894108314077
2014-12,Srikakulam,0.4982801884207355
2014-12,Visakhapatnam,2.004069717961304
2014-12,Vizianagaram,0.9193854860940212
2014-12,Warangal,0.8746516497363094
2014-12,West Godavari,2.6303561209475412
2015-01,Adilabad,10.69102805937661
2015-01,Anantapur,0.3095943271148848
2015-01,Chittoor,7.090609709808157
2015-01,Y.s.r.,2.9772747966773787
2015-01,East Godavari,1.3665507562510684
2015-01,Guntur,0.07900587282179043
2015-01,Hyderabad,3.9152870366488455
2015-01,Karimnagar,7.240648463183541
2015-01,Khammam,2.766334350066595
2015-01,Krishna,0.0
2015-01,Kurnool,0.29533191150416416
2015-01,Mahbubnagar,0.1768137185313383
2015-01,Medak,1.981102171156848
2015-01,Nalgonda,1.4847378898565025
2015-01,Sri Potti Sriramulu Nellore,3.106672327142594
2015-01,Nizamabad,7.951671469907955
2015-01,Prakasam,0.6523460743485239
2015-01,Rangareddy,0.21219151422250188
2015-01,Srikakulam,2.127962470002748
2015-01,Visakhapatnam,1.767729122234773
2015-01,Vizianagaram,2.2299735139741736
2015-01,Warangal,3.9440026728840443
2015-01,West Godavari,0.2627836238907984
2015-02,Adilabad,6.669590189185454
2015-02,Anantapur,0.0
2015-02,Chittoor,0.034002207486413825
2015-02,Y.s.r.,0.0
2015-02,East Godavari,7.04342539343942
2015-02,Guntur,0.15655708452084735
2015-02,Hyderabad,3.089796221526309
2015-02,Karimnagar,5.216968902704148
2015-02,Khammam,4.686662087031768
2015-02,Krishna,1.6183973261571607
2015-02,Kurnool,0.0
2015-02,Mahbubnagar,0.13310042177752993
2015-02,Medak,1.3750347998659866
2015-02,Nalgonda,3.0635647571720863
2015-02,Sri Potti Sriramulu Nellore,0.0
2015-02,Nizamabad,1.7547556208599098
2015-02,Prakasam,3.595153386270171E-4
2015-02,Rangareddy,1.2195378732657944
2015-02,Srikakulam,16.437309238281177
2015-02,Visakhapatnam,13.872406084859255
2015-02,Vizianagaram,18.873446635553666
2015-02,Warangal,5.344340070612964
2015-02,West Godavari,3.602973103597779
2015-03,Adilabad,24.797645505657552
2015-03,Anantapur,5.669491848518364
2015-03,Chittoor,8.474076212307033
2015-03,Y.s.r.,1.8217694982586092
2015-03,East Godavari,3.8265255232990185
2015-03,Guntur,3.3811473477261473
2015-03,Hyderabad,15.9107995326465
2015-03,Karimnagar,12.526572095968413
2015-03,Khammam,4.921065334479123
2015-03,Krishna,3.387383520241064
2015-03,Kurnool,6.07512068612823
2015-03,Mahbubnagar,8.932491490832684
2015-03,Medak,13.345827610698064
2015-03,Nalgonda,9.623438425146214
2015-03,Sri Potti Sriramulu Nellore,2.849065118016768
2015-03,Nizamabad,15.455104169150315
2015-03,Prakasam,4.505918357377768
2015-03,Rangareddy,11.753127985601107
2015-03,Srikakulam,14.551221803688575
2015-03,Visakhapatnam,13.122935447831306
2015-03,Vizianagaram,17.592879200727253
2015-03,Warangal,12.667313360875019
2015-03,West Godavari,1.9638498081729834
2015-04,Adilabad,33.35222308977085
2015-04,Anantapur,32.31495432319213
2015-04,Chittoor,62.19649401981189
2015-04,Y.s.r.,34.72673528003599
2015-04,East Godavari,24.164777150569034
2015-04,Guntur,18.74686073463382
2015-04,Hyderabad,31.899894789044517
2015-04,Karimnagar,39.8105337631402
2015-04,Khammam,26.632194673263935
2015-04,Krishna,14.111056768008782
2015-04,Kurnool,33.426041398812785
2015-04,Mahbubnagar,30.49756693374213
2015-04,Medak,43.30235853816349
2015-04,Nalgonda,28.260737516880948
2015-04,Sri Potti Sriramulu Nellore,21.568310367817247
2015-04,Nizamabad,33.992554380763075
2015-04,Prakasam,27.525828424083382
2015-04,Rangareddy,40.43381321983897
2015-04,Srikakulam,24.1650308471212
2015-04,Visakhapatnam,34.85866832206651
2015-04,Vizianagaram,37.77900407011825
2015-04,Warangal,35.881539386537305
2015-04,West Godavari,11.829877319759738
2015-05,Adilabad,13.770702347387015
2015-05,Anantapur,86.74539923013147
2015-05,Chittoor,80.2969149269801
2015-05,Y.s.r.,67.03902961665787
2015-05,East Godavari,25.11243691674485
2015-05,Guntur,20.467737839046528
2015-05,Hyderabad,15.923252925903665
2015-05,Karimnagar,10.354515558806694
2015-05,Khammam,31.74658241989143
2015-05,Krishna,24.55074971091042
2015-05,Kurnool,55.56573237528988
2015-05,Mahbubnagar,33.43607802604516
2015-05,Medak,14.16744572907377
2015-05,Nalgonda,16.0493508192002
2015-05,Sri Potti Sriramulu Nellore,34.98671824246625
2015-05,Nizamabad,13.940918981873521
2015-05,Prakasam,30.3067168321215
2015-05,Rangareddy,20.870557445547966
2015-05,Srikakulam,23.770403818448493
2015-05,Visakhapatnam,30.628199477561257
2015-05,Vizianagaram,30.603606589784803
2015-05,Warangal,15.52857364743183
2015-05,West Godavari,22.616357085732577
2015-06,Adilabad,305.292659149563
2015-06,Anantapur,35.04420992810289
2015-06,Chittoor,79.59935888006994
2015-06,Y.s.r.,81.9910781144097
2015-06,East Godavari,366.75066049644545
2015-06,Guntur,166.27356985259144
2015-06,Hyderabad,146.70681504285065
2015-06,Karimnagar,281.22256564189604
2015-06,Khammam,334.39440862602294
2015-06,Krishna,253.81190914986868
2015-06,Kurnool,122.10078124196862
2015-06,Mahbubnagar,150.79766946413514
2015-06,Medak,164.3379298260443
2015-06,Nalgonda,189.44130187609724
2015-06,Sri Potti Sriramulu Nellore,69.73111709606478
2015-06,Nizamabad,182.7739324666473
2015-06,Prakasam,138.59673859659074
2015-06,Rangareddy,150.1767278121048
2015-06,Srikakulam,271.77008058482295
2015-06,Visakhapatnam,436.59679164585975
2015-06,Vizianagaram,381.3112337924694
2015-06,Warangal,268.5985352360032
2015-06,West Godavari,365.0446049126436
2015-07,Adilabad,140.6238940639186
2015-07,Anantapur,15.92433114333493
2015-07,Chittoor,87.25602774206797
2015-07,Y.s.r.,52.032637192068925
2015-07,East Godavari,154.09772693853378
2015-07,Guntur,99.86861934331829
2015-07,Hyderabad,66.31709222284336
2015-07,Karimnagar,134.07051744192967
2015-07,Khammam,174.39318268848987
2015-07,Krishna,117.59016257864374
2015-07,Kurnool,52.48341224762692
2015-07,Mahbubnagar,73.88586775959287
2015-07,Medak,92.34440528499215
2015-07,Nalgonda,94.79168430496179
2015-07,Sri Potti Sriramulu Nellore,47.44200009727906
2015-07,Nizamabad,114.17217139289843
2015-07,Prakasam,59.95943200330167
2015-07,Rangareddy,81.97330931569365
2015-07,Srikakulam,211.85197284522147
2015-07,Visakhapatnam,199.788595140108
2015-07,Vizianagaram,236.32422661659407
2015-07,Warangal,152.73480207711242
2015-07,West Godavari,160.32428020337264
2015-08,Adilabad,285.28192298099566
2015-08,Anantapur,57.19228879800163
2015-08,Chittoor,112.55606584147644
2015-08,Y.s.r.,90.56541436674644
2015-08,East Godavari,178.48428182540368
2015-08,Guntur,135.02681862289037
2015-08,Hyderabad,126.5752530979107
2015-08,Karimnagar,187.42616424248575
2015-08,Khammam,258.42058587237216
2015-08,Krishna,155.75173869588028
2015-08,Kurnool,104.69783800235017
2015-08,Mahbubnagar,148.75984500006754
2015-08,Medak,166.28257878908664
2015-08,Nalgonda,138.1336592772357
2015-08,Sri Potti Sriramulu Nellore,87.21469730242114
2015-08,Nizamabad,192.736125238088
2015-08,Prakasam,109.95121557254923
2015-08,Rangareddy,143.2989413608594
2015-08,Srikakulam,157.67481776305723
2015-08,Visakhapatnam,227.01276824062094
2015-08,Vizianagaram,210.70545541920004
2015-08,Warangal,207.930448006197
2015-08,West Godavari,172.39799024092486
2015-09,Adilabad,212.32305827353449
2015-09,Anantapur,135.76320938923718
2015-09,Chittoor,95.38834994461051
2015-09,Y.s.r.,118.74784055338932
2015-09,East Godavari,230.34997184449688
2015-09,Guntur,158.91505575690965
2015-09,Hyderabad,164.0622161035013
2015-09,Karimnagar,209.72677350700593
2015-09,Khammam,216.03245972490143
2015-09,Krishna,159.2949474452803
2015-09,Kurnool,142.31138269204178
2015-09,Mahbubnagar,152.15716102895715
2015-09,Medak,180.5942223277775
2015-09,Nalgonda,159.76770108787198
2015-09,Sri Potti Sriramulu Nellore,93.22832725009881
2015-09,Nizamabad,199.07690312851278
2015-09,Prakasam,140.48356060370364
2015-09,Rangareddy,163.19988403716104
2015-09,Srikakulam,302.9330958289684
2015-09,Visakhapatnam,279.35035126537616
2015-09,Vizianagaram,300.48894840733084
2015-09,Warangal,202.1842141014649
2015-09,West Godavari,188.81178994384823
2015-10,Adilabad,21.3594440389403
2015-10,Anantapur,85.51308026008388
2015-10,Chittoor,148.84814371116843
2015-10,Y.s.r.,103.02360112076585
2015-10,East Godavari,107.21129280924994
2015-10,Guntur,74.49489184328662
2015-10,Hyderabad,48.460555008699984
2015-10,Karimnagar,22.303619994141243
2015-10,Khammam,49.154856439910134
2015-10,Krishna,93.08649620785155
2015-10,Kurnool,63.419619321038276
2015-10,Mahbubnagar,52.399407719792386
2015-10,Medak,32.96271163998041
2015-10,Nalgonda,57.47871687863887
2015-10,Sri Potti Sriramulu Nellore,111.03405422741646
2015-10,Nizamabad,29.067097043546188
2015-10,Prakasam,76.92669388618094
2015-10,Rangareddy,45.68382812320547
2015-10,Srikakulam,96.86340366452774
2015-10,Visakhapatnam,88.63988068108208
2015-10,Vizianagaram,80.68836201086658
2015-10,Warangal,30.230454009605094
2015-10,West Godavari,108.72989837600988
2015-11,Adilabad,5.571855337519873
2015-11,Anantapur,91.57542804777988
2015-11,Chittoor,328.0471048900449
2015-11,Y.s.r.,238.66143794402896
2015-11,East Godavari,100.38638337934506
2015-11,Guntur,82.53192753655335
2015-11,Hyderabad,9.976313602654292
2015-11,Karimnagar,7.166926903397114
2015-11,Khammam,42.53319157083885
2015-11,Krishna,108.58697278868011
2015-11,Kurnool,42.16570662444138
2015-11,Mahbubnagar,20.269860434521867
2015-11,Medak,7.53183346112969
2015-11,Nalgonda,22.876623831674586
2015-11,Sri Potti Sriramulu Nellore,595.391159651914
2015-11,Nizamabad,6.280444988586514
2015-11,Prakasam,165.4553575444417
2015-11,Rangareddy,8.900710568141825
2015-11,Srikakulam,73.4270881771875
2015-11,Visakhapatnam,79.34067402427324
2015-11,Vizianagaram,76.09786458805121
2015-11,Warangal,17.49156393743662
2015-11,West Godavari,80.14864203188753
2015-12,Adilabad,0.05936877184618814
2015-12,Anantapur,2.29156406951231
2015-12,Chittoor,73.99291271612765
2015-12,Y.s.r.,27.448959369419512
2015-12,East Godavari,3.595329218252925
2015-12,Guntur,7.4552819442285365
2015-12,Hyderabad,0.11229100674873031
2015-12,Karimnagar,0.0
2015-12,Khammam,0.20543391275783082
2015-12,Krishna,6.131389240624364
2015-12,Kurnool,1.2358119966824832
2015-12,Mahbubnagar,2.8656651544621483
2015-12,Medak,0.05099819467000764
2015-12,Nalgonda,1.3725779854434057
2015-12,Sri Potti Sriramulu Nellore,66.24484590456844
2015-12,Nizamabad,0.0
2015-12,Prakasam,10.611245234542674
2015-12,Rangareddy,2.074612601842447
2015-12,Srikakulam,0.13709756158140035
2015-12,Visakhapatnam,1.202653716603799
2015-12,Vizianagaram,0.0667456939436915
2015-12,Warangal,0.08900996126892491
2015-12,West Godavari,3.242105689798876
2016-01,Adilabad,7.5284853296674115
2016-01,Anantapur,0.7103921553843688
2016-01,Chittoor,6.888288508972001
2016-01,Y.s.r.,3.867597088997272
2016-01,East Godavari,1.359535861281334
2016-01,Guntur,0.14562944292782665
2016-01,Hyderabad,5.237307557627607
2016-01,Karimnagar,4.912095385674582
2016-01,Khammam,2.537518709434159
2016-01,Krishna,0.0
2016-01,Kurnool,0.3190406559169342
2016-01,Mahbubnagar,0.21282729416109689
2016-01,Medak,2.7930622283316926
2016-01,Nalgonda,2.7666554961761447
2016-01,Sri Potti Sriramulu Nellore,3.9506100374034343
2016-01,Nizamabad,8.059715603615265
2016-01,Prakasam,1.1773757947055181
2016-01,Rangareddy,0.6323556162256551
2016-01,Srikakulam,2.018037299755017
2016-01,Visakhapatnam,1.386790325411192
2016-01,Vizianagaram,2.159088471763513
2016-01,Warangal,2.7822623702084637
2016-01,West Godavari,0.26270428094295656
2016-02,Adilabad,10.191268415536461
2016-02,Anantapur,0.23801726247299593
2016-02,Chittoor,0.639595239780423
2016-02,Y.s.r.,0.8048618647342405
2016-02,East Godavari,6.061952316810183
2016-02,Guntur,0.28628446962005155
2016-02,Hyderabad,7.428885586284896
2016-02,Karimnagar,6.422138939664792
2016-02,Khammam,8.346070278391412
2016-02,Krishna,2.5924764932664153
2016-02,Kurnool,0.03982518056681197
2016-02,Mahbubnagar,0.4179030494515996
2016-02,Medak,3.9018962472940273
2016-02,Nalgonda,3.590141644014176
2016-02,Sri Potti Sriramulu Nellore,0.9530587421046229
2016-02,Nizamabad,6.9284899104512325
2016-02,Prakasam,0.2413749304464707
2016-02,Rangareddy,3.25457348693217
2016-02,Srikakulam,11.087408685325812
2016-02,Visakhapatnam,9.474303919375709
2016-02,Vizianagaram,11.314669689865086
2016-02,Warangal,7.919603878298093
2016-02,West Godavari,3.63356250730617
2016-03,Adilabad,12.982577547488987
2016-03,Anantapur,0.9179803984633222
2016-03,Chittoor,4.6655174670400825
2016-03,Y.s.r.,0.7519469198429155
2016-03,East Godavari,5.041901245762305
2016-03,Guntur,5.166786177595746
2016-03,Hyderabad,12.542223401748634
2016-03,Karimnagar,10.637572147385049
2016-03,Khammam,9.11417405452037
2016-03,Krishna,5.373505152676153
2016-03,Kurnool,2.711053913747797
2016-03,Mahbubnagar,6.087616511286363
2016-03,Medak,7.553855606328423
2016-03,Nalgonda,8.2796547341404
2016-03,Sri Potti Sriramulu Nellore,1.493501028542446
2016-03,Nizamabad,7.158565893366413
2016-03,Prakasam,3.858762600024806
2016-03,Rangareddy,9.531169137796718
2016-03,Srikakulam,17.878304148667542
2016-03,Visakhapatnam,13.755356679881642
2016-03,Vizianagaram,22.23614337644669
2016-03,Warangal,10.486576866531061
2016-03,West Godavari,5.817692818534025
2016-04,Adilabad,13.470954629476827
2016-04,Anantapur,4.317729933087926
2016-04,Chittoor,3.0426411609519075
2016-04,Y.s.r.,0.7190174753918337
2016-04,East Godavari,5.762889313413762
2016-04,Guntur,4.8191537864228176
2016-04,Hyderabad,11.353656709541392
2016-04,Karimnagar,13.016920769805761
2016-04,Khammam,6.858277901231476
2016-04,Krishna,4.370361414463271
2016-04,Kurnool,3.7124311261442138
2016-04,Mahbubnagar,7.892012739991734
2016-04,Medak,16.269562615129104
2016-04,Nalgonda,6.34464040937619
2016-04,Sri Potti Sriramulu Nellore,0.9085811846247797
2016-04,Nizamabad,13.445617137247906
2016-04,Prakasam,0.934207395364515
2016-04,Rangareddy,13.25316046252701
2016-04,Srikakulam,15.573311684576865
2016-04,Visakhapatnam,17.856346808294912
2016-04,Vizianagaram,20.417824422657965
2016-04,Warangal,10.391682706830423
2016-04,West Godavari,2.0322715959876434
2016-05,Adilabad,25.782607340753245
2016-05,Anantapur,87.7463690200746
2016-05,Chittoor,100.59799616576194
2016-05,Y.s.r.,95.06051580668867
2016-05,East Godavari,112.4292274259147
2016-05,Guntur,113.9830250061345
2016-05,Hyderabad,70.99800500252485
2016-05,Karimnagar,30.60409063237286
2016-05,Khammam,131.55140472712228
2016-05,Krishna,145.16305354813832
2016-05,Kurnool,86.18432734464932
2016-05,Mahbubnagar,84.196116169744
2016-05,Medak,45.972255891871505
2016-05,Nalgonda,80.42440110926522
2016-05,Sri Potti Sriramulu Nellore,76.08339809801313
2016-05,Nizamabad,30.721107881522595
2016-05,Prakasam,117.92725837001285
2016-05,Rangareddy,70.94771277081449
2016-05,Srikakulam,73.5878115859836
2016-05,Visakhapatnam,101.21918287519728
2016-05,Vizianagaram,91.00327041058713
2016-05,Warangal,67.92964507109316
2016-05,West Godavari,122.95477711149549
2016-06,Adilabad,270.06029219195676
2016-06,Anantapur,58.88663232931147
2016-06,Chittoor,144.05395897291203
2016-06,Y.s.r.,122.85453197450327
2016-06,East Godavari,269.46954736929484
2016-06,Guntur,178.7141778630606
2016-06,Hyderabad,168.97101488468329
2016-06,Karimnagar,242.86816524564776
2016-06,Khammam,254.1189070896554
2016-06,Krishna,225.2800001019977
2016-06,Kurnool,142.7876576491907
2016-06,Mahbubnagar,167.1721769258577
2016-06,Medak,189.43173395472363
2016-06,Nalgonda,186.66317680552424
2016-06,Sri Potti Sriramulu Nellore,92.1241648160221
2016-06,Nizamabad,201.98618469038004
2016-06,Prakasam,141.26944597143458
2016-06,Rangareddy,175.06751524867337
2016-06,Srikakulam,176.97348024536925
2016-06,Visakhapatnam,257.23355655102296
2016-06,Vizianagaram,218.46259436588502
2016-06,Warangal,227.6543131016755
2016-06,West Godavari,296.31399691519033
2016-07,Adilabad,492.4230369330072
2016-07,Anantapur,37.13608602351177
2016-07,Chittoor,114.17538754196319
2016-07,Y.s.r.,91.6018570148663
2016-07,East Godavari,264.7885306098985
2016-07,Guntur,137.3032339267156
2016-07,Hyderabad,216.06159402205327
2016-07,Karimnagar,384.5923953621148
2016-07,Khammam,307.44038564134644
2016-07,Krishna,171.97583306402663
2016-07,Kurnool,115.00101512307606
2016-07,Mahbubnagar,177.31577640490121
2016-07,Medak,323.78019941061484
2016-07,Nalgonda,193.6351324201097
2016-07,Sri Potti Sriramulu Nellore,62.4219455118382
2016-07,Nizamabad,430.33502011662733
2016-07,Prakasam,93.91739510056263
2016-07,Rangareddy,256.55303302687213
2016-07,Srikakulam,309.35201949440676
2016-07,Visakhapatnam,334.07099545427786
2016-07,Vizianagaram,370.64264500897195
2016-07,Warangal,308.4105927740488
2016-07,West Godavari,237.84604581571736
2016-08,Adilabad,208.5276117375777
2016-08,Anantapur,40.334483669338994
2016-08,Chittoor,63.400837728640674
2016-08,Y.s.r.,77.84499528935008
2016-08,East Godavari,197.1260999317376
2016-08,Guntur,106.28537738381941
2016-08,Hyderabad,125.58814525465361
2016-08,Karimnagar,158.34554256284596
2016-08,Khammam,250.18694674913075
2016-08,Krishna,119.27341630423331
2016-08,Kurnool,85.19772010029307
2016-08,Mahbubnagar,146.20361022369644
2016-08,Medak,133.19392759910355
2016-08,Nalgonda,139.13731791544447
2016-08,Sri Potti Sriramulu Nellore,77.36645535351279
2016-08,Nizamabad,135.72561676687255
2016-08,Prakasam,106.69972186584164
2016-08,Rangareddy,134.6430050791542
2016-08,Srikakulam,262.2748935522934
2016-08,Visakhapatnam,276.9007460702428
2016-08,Vizianagaram,291.77042755847526
2016-08,Warangal,183.64171563417293
2016-08,West Godavari,178.14972095406603
2016-09,Adilabad,299.4383830225687
2016-09,Anantapur,71.05459145824848
2016-09,Chittoor,82.12287365493755
2016-09,Y.s.r.,72.2766553810219
2016-09,East Godavari,245.78595416939356
2016-09,Guntur,198.33741536895968
2016-09,Hyderabad,268.33398088945927
2016-09,Karimnagar,314.91043246851325
2016-09,Khammam,302.9499415544072
2016-09,Krishna,223.15194289377243
2016-09,Kurnool,137.66626377375897
2016-09,Mahbubnagar,236.38115585630916
2016-09,Medak,285.56924778319905
2016-09,Nalgonda,263.74291825268983
2016-09,Sri Potti Sriramulu Nellore,72.7384579119576
2016-09,Nizamabad,288.9515674538892
2016-09,Prakasam,158.7249682588349
2016-09,Rangareddy,279.5756644653539
2016-09,Srikakulam,228.32067067964798
2016-09,Visakhapatnam,259.34281334016424
2016-09,Vizianagaram,263.1673264965913
2016-09,Warangal,348.9383057004628
2016-09,West Godavari,236.82820262203148
2016-10,Adilabad,61.329867751726184
2016-10,Anantapur,36.104746056947334
2016-10,Chittoor,35.92125433678091
2016-10,Y.s.r.,30.42998776073196
2016-10,East Godavari,77.82907704810096
2016-10,Guntur,47.9637799011006
2016-10,Hyderabad,33.58312999175976
2016-10,Karimnagar,53.461567311366345
2016-10,Khammam,48.97408475905217
2016-10,Krishna,59.70412769485558
2016-10,Kurnool,16.26719644736414
2016-10,Mahbubnagar,19.91044626021281
2016-10,Medak,41.14057517294029
2016-10,Nalgonda,27.83097831107157
2016-10,Sri Potti Sriramulu Nellore,52.07648659277345
2016-10,Nizamabad,43.815465178496886
2016-10,Prakasam,38.09072229138112
2016-10,Rangareddy,30.745732298849887
2016-10,Srikakulam,128.20406892313093
2016-10,Visakhapatnam,90.54111784801175
2016-10,Vizianagaram,109.27124032367628
2016-10,Warangal,38.61845257866688
2016-10,West Godavari,70.08874331317263
2016-11,Adilabad,1.213162106852077
2016-11,Anantapur,8.892460319283808
2016-11,Chittoor,11.929094921314935
2016-11,Y.s.r.,10.643635461595345
2016-11,East Godavari,8.742318980254712
2016-11,Guntur,5.273346505716115
2016-11,Hyderabad,5.772467860203344
2016-11,Karimnagar,1.1554058868381452
2016-11,Khammam,8.153308887601307
2016-11,Krishna,6.21413449830248
2016-11,Kurnool,3.743894272323567
2016-11,Mahbubnagar,4.982184736717156
2016-11,Medak,4.9174984173727685
2016-11,Nalgonda,5.320553796219878
2016-11,Sri Potti Sriramulu Nellore,26.194344073279396
2016-11,Nizamabad,4.552984815485868
2016-11,Prakasam,11.1789149900985
2016-11,Rangareddy,5.074879794086309
2016-11,Srikakulam,35.30736332373398
2016-11,Visakhapatnam,13.78306960298275
2016-11,Vizianagaram,27.507581124894653
2016-11,Warangal,5.158667494603733
2016-11,West Godavari,6.6637723981192325
2016-12,Adilabad,3.6249082708323996
2016-12,Anantapur,8.19685227607944
2016-12,Chittoor,99.47237985136422
2016-12,Y.s.r.,45.48745096563174
2016-12,East Godavari,11.689520738577947
2016-12,Guntur,12.667814170869544
2016-12,Hyderabad,0.5792898992890292
2016-12,Karimnagar,2.249081329639991
2016-12,Khammam,4.514691008159263
2016-12,Krishna,13.07738369275179
2016-12,Kurnool,3.103192822221119
2016-12,Mahbubnagar,2.127026378233995
2016-12,Medak,1.5291979150709611
2016-12,Nalgonda,1.6934456120941344
2016-12,Sri Potti Sriramulu Nellore,100.59394610879394
2016-12,Nizamabad,2.740227335936876
2016-12,Prakasam,17.753881630958226
2016-12,Rangareddy,1.5251628782366884
2016-12,Srikakulam,0.48816395319987316
2016-12,Visakhapatnam,6.5375641850099715
2016-12,Vizianagaram,2.1262392644271584
2016-12,Warangal,3.3162007142412913
2016-12,West Godavari,10.365744806860826
2017-01,Adilabad,7.389355378604526
2017-01,Anantapur,0.3150244425032811
2017-01,Chittoor,8.055834042064204
2017-01,Y.s.r.,3.4166866334996837
2017-01,East Godavari,1.3580656891711953
2017-01,Guntur,0.0788351578184042
2017-01,Hyderabad,3.865077941703178
2017-01,Karimnagar,4.305588611243656
2017-01,Khammam,2.535723205893385
2017-01,Krishna,2.4769899020369153E-4
2017-01,Kurnool,0.284885468684503
2017-01,Mahbubnagar,0.1599615823098
2017-01,Medak,1.9228295313050032
2017-01,Nalgonda,1.4835354258192708
2017-01,Sri Potti Sriramulu Nellore,4.606595423301874
2017-01,Nizamabad,7.543865666100417
2017-01,Prakasam,0.7885267572451518
2017-01,Rangareddy,0.2419203080696195
2017-01,Srikakulam,2.0137060170904344
2017-01,Visakhapatnam,1.4225645442728936
2017-01,Vizianagaram,2.1436455034228112
2017-01,Warangal,2.0692594026653826
2017-01,West Godavari,0.26646385012698853
2017-02,Adilabad,5.724239417201431
2017-02,Anantapur,0.05817101213916211
2017-02,Chittoor,1.091654760781651
2017-02,Y.s.r.,0.23104369444022407
2017-02,East Godavari,4.547459135788387
2017-02,Guntur,0.1528738213668224
2017-02,Hyderabad,3.0897993126347614
2017-02,Karimnagar,5.212545612493225
2017-02,Khammam,4.593084825219102
2017-02,Krishna,1.3304783960139548
2017-02,Kurnool,0.05423235895273859
2017-02,Mahbubnagar,0.13309958084971094
2017-02,Medak,1.3750351722908836
2017-02,Nalgonda,3.063563534993894
2017-02,Sri Potti Sriramulu Nellore,0.31777408265466023
2017-02,Nizamabad,1.5758448729757295
2017-02,Prakasam,0.12672011318994736
2017-02,Rangareddy,1.2195386191257758
2017-02,Srikakulam,9.310937840317461
2017-02,Visakhapatnam,6.875173197563039
2017-02,Vizianagaram,9.362672413095847
2017-02,Warangal,5.341516079085687
2017-02,West Godavari,2.5147120205283566
2017-03,Adilabad,9.1025228491639
2017-03,Anantapur,2.2489393503413035
2017-03,Chittoor,11.43452922605327
2017-03,Y.s.r.,4.240046699342108
2017-03,East Godavari,8.081251543408223
2017-03,Guntur,5.410730296845569
2017-03,Hyderabad,5.662475686088735
2017-03,Karimnagar,6.550879565538594
2017-03,Khammam,6.07579716661222
2017-03,Krishna,5.531611793748425
2017-03,Kurnool,2.4136140799385823
2017-03,Mahbubnagar,4.494860473173981
2017-03,Medak,7.096824771210311
2017-03,Nalgonda,2.6343626121662687
2017-03,Sri Potti Sriramulu Nellore,5.446911198584182
2017-03,Nizamabad,8.078740669122897
2017-03,Prakasam,5.283288566978275
2017-03,Rangareddy,3.328664639239325
2017-03,Srikakulam,18.839154379173586
2017-03,Visakhapatnam,12.992715022469797
2017-03,Vizianagaram,16.725653912723597
2017-03,Warangal,5.286479433226468
2017-03,West Godavari,6.543611566723703
2017-04,Adilabad,7.227424306288708
2017-04,Anantapur,6.5598926126842025
2017-04,Chittoor,16.934479381183447
2017-04,Y.s.r.,5.568494745753676
2017-04,East Godavari,9.192639824142997
2017-04,Guntur,5.928098523133462
2017-04,Hyderabad,10.997144427191477
2017-04,Karimnagar,8.295028636435692
2017-04,Khammam,6.563684472151495
2017-04,Krishna,4.576956545164812
2017-04,Kurnool,5.508510009360215
2017-04,Mahbubnagar,5.69914457347412
2017-04,Medak,9.42067776629116
2017-04,Nalgonda,9.09680827601621
2017-04,Sri Potti Sriramulu Nellore,8.031986024663334
2017-04,Nizamabad,6.967625364014845
2017-04,Prakasam,8.872114972658801
2017-04,Rangareddy,10.655610256844774
2017-04,Srikakulam,7.221387485912217
2017-04,Visakhapatnam,17.72993319549066
2017-04,Vizianagaram,14.848999431876925
2017-04,Warangal,9.0272367838357
2017-04,West Godavari,5.530255587702362
2017-05,Adilabad,23.293190281792832
2017-05,Anantapur,64.63543611992381
2017-05,Chittoor,49.92548636626364
2017-05,Y.s.r.,42.45389247392529
2017-05,East Godavari,47.479184260172865
2017-05,Guntur,50.25312267158317
2017-05,Hyderabad,29.21053551547349
2017-05,Karimnagar,25.355918288995635
2017-05,Khammam,61.987324731978724
2017-05,Krishna,57.941360058796946
2017-05,Kurnool,39.917483347605895
2017-05,Mahbubnagar,32.82273997577285
2017-05,Medak,22.953645269677764
2017-05,Nalgonda,36.08406011032392
2017-05,Sri Potti Sriramulu Nellore,25.6893715434119
2017-05,Nizamabad,17.31249052066286
2017-05,Prakasam,39.285825571852534
2017-05,Rangareddy,31.29549937498066
2017-05,Srikakulam,58.2256863168888
2017-05,Visakhapatnam,74.45797652962594
2017-05,Vizianagaram,82.69253056699367
2017-05,Warangal,42.14645477517221
2017-05,West Godavari,47.04502637195431
2017-06,Adilabad,251.44992166107784
2017-06,Anantapur,47.466486418191074
2017-06,Chittoor,102.11537999808623
2017-06,Y.s.r.,109.50511496076297
2017-06,East Godavari,245.8280371039949
2017-06,Guntur,170.08786221766505
2017-06,Hyderabad,176.03918657163968
2017-06,Karimnagar,249.3460215231348
2017-06,Khammam,215.6592658655879
2017-06,Krishna,211.91750357371254
2017-06,Kurnool,158.51401707882476
2017-06,Mahbubnagar,176.65346911517398
2017-06,Medak,210.3074654600088
2017-06,Nalgonda,176.37923324151126
2017-06,Sri Potti Sriramulu Nellore,95.43062518361022
2017-06,Nizamabad,225.66884246886255
2017-06,Prakasam,150.0749293452373
2017-06,Rangareddy,190.4646665473977
2017-06,Srikakulam,219.43869995954785
2017-06,Visakhapatnam,246.67220752909904
2017-06,Vizianagaram,230.9918676460739
2017-06,Warangal,214.77825644553383
2017-06,West Godavari,253.81846291840944
2017-07,Adilabad,245.03632361569234
2017-07,Anantapur,25.068521321635732
2017-07,Chittoor,119.05565863012346
2017-07,Y.s.r.,84.44011455676953
2017-07,East Godavari,259.0578586650051
2017-07,Guntur,176.14676478969957
2017-07,Hyderabad,106.88279073292384
2017-07,Karimnagar,207.54654098179546
2017-07,Khammam,296.47251807806595
2017-07,Krishna,225.09043668289098
2017-07,Kurnool,82.55151940026873
2017-07,Mahbubnagar,118.30943388777858
2017-07,Medak,138.26672738441908
2017-07,Nalgonda,164.03333675050374
2017-07,Sri Potti Sriramulu Nellore,85.12836806250503
2017-07,Nizamabad,162.98522487905123
2017-07,Prakasam,99.34850217896465
2017-07,Rangareddy,115.24579510189885
2017-07,Srikakulam,346.2897635318895
2017-07,Visakhapatnam,303.8979809874222
2017-07,Vizianagaram,383.86261834071826
2017-07,Warangal,237.92433354755312
2017-07,West Godavari,265.357867429517
2017-08,Adilabad,282.87890367893164
2017-08,Anantapur,95.60878987589618
2017-08,Chittoor,238.7409443570623
2017-08,Y.s.r.,180.62543212362453
2017-08,East Godavari,274.10944686369027
2017-08,Guntur,191.52516283855942
2017-08,Hyderabad,186.60761152594603
2017-08,Karimnagar,227.9498781797627
2017-08,Khammam,332.53312743734085
2017-08,Krishna,205.75557324350447
2017-08,Kurnool,165.12008492950739
2017-08,Mahbubnagar,213.24143661930256
2017-08,Medak,210.7062649811017
2017-08,Nalgonda,201.7616550683913
2017-08,Sri Potti Sriramulu Nellore,158.78688741457665
2017-08,Nizamabad,212.02499801028608
2017-08,Prakasam,195.07062055794086
2017-08,Rangareddy,214.63982876889602
2017-08,Srikakulam,254.572780284919
2017-08,Visakhapatnam,368.5694130774599
2017-08,Vizianagaram,341.8843475834053
2017-08,Warangal,263.4316562209693
2017-08,West Godavari,244.1922389662845
2017-09,Adilabad,204.0655786783904
2017-09,Anantapur,208.73659525846415
2017-09,Chittoor,138.72385241083677
2017-09,Y.s.r.,147.4185695004458
2017-09,East Godavari,126.09103724156287
2017-09,Guntur,127.35612418031262
2017-09,Hyderabad,165.7419389304991
2017-09,Karimnagar,188.83597478358828
2017-09,Khammam,149.73060564448423
2017-09,Krishna,112.03794308877761
2017-09,Kurnool,193.52857493019724
2017-09,Mahbubnagar,177.05451210721031
2017-09,Medak,161.94239769826297
2017-09,Nalgonda,138.44935788151577
2017-09,Sri Potti Sriramulu Nellore,88.56443077257792
2017-09,Nizamabad,178.32321547719255
2017-09,Prakasam,138.54364847318894
2017-09,Rangareddy,170.84330804092698
2017-09,Srikakulam,185.3767135236509
2017-09,Visakhapatnam,155.18471701881134
2017-09,Vizianagaram,185.23055913755692
2017-09,Warangal,173.6233238560704
2017-09,West Godavari,117.32510860599594
2017-10,Adilabad,118.70713933988847
2017-10,Anantapur,212.29111694807096
2017-10,Chittoor,281.3811116607149
2017-10,Y.s.r.,189.14282373146264
2017-10,East Godavari,198.92082604787842
2017-10,Guntur,122.77293067841613
2017-10,Hyderabad,192.36459559437523
2017-10,Karimnagar,146.49536596837095
2017-10,Khammam,139.79632449121837
2017-10,Krishna,147.85815789297968
2017-10,Kurnool,159.89521861629072
2017-10,Mahbubnagar,158.17211405617132
2017-10,Medak,162.23940474388687
2017-10,Nalgonda,117.7768585876098
2017-10,Sri Potti Sriramulu Nellore,188.4731228320316
2017-10,Nizamabad,139.66200206758063
2017-10,Prakasam,122.83703559751854
2017-10,Rangareddy,186.98242694063853
2017-10,Srikakulam,227.74141536777682
2017-10,Visakhapatnam,206.86496648587936
2017-10,Vizianagaram,215.11594912341806
2017-10,Warangal,124.22973049611791
2017-10,West Godavari,184.0049527503463
2017-11,Adilabad,9.383892819641929
2017-11,Anantapur,19.06898756839259
2017-11,Chittoor,92.44393526979465
2017-11,Y.s.r.,44.081249267467236
2017-11,East Godavari,17.46703993243624
2017-11,Guntur,14.606434119529307
2017-11,Hyderabad,5.355000656708157
2017-11,Karimnagar,8.241379526277491
2017-11,Khammam,10.179308702442137
2017-11,Krishna,18.194214720982146
2017-11,Kurnool,9.352931691884747
2017-11,Mahbubnagar,6.411497585630776
2017-11,Medak,5.999906735235522
2017-11,Nalgonda,6.575271258841805
2017-11,Sri Potti Sriramulu Nellore,155.03623744856603
2017-11,Nizamabad,6.149829917584992
2017-11,Prakasam,32.81073021787227
2017-11,Rangareddy,4.9991946783474495
2017-11,Srikakulam,57.48443613483778
2017-11,Visakhapatnam,23.925102646900147
2017-11,Vizianagaram,39.30798440276092
2017-11,Warangal,7.410737420130838
2017-11,West Godavari,12.85041749521924
2017-12,Adilabad,0.19668645199850374
2017-12,Anantapur,1.8008740377050172
2017-12,Chittoor,27.11174338433938
2017-12,Y.s.r.,13.890537030358505
2017-12,East Godavari,0.8113881999400256
2017-12,Guntur,0.5136965725248651
2017-12,Hyderabad,0.0
2017-12,Karimnagar,0.01186748131922473
2017-12,Khammam,0.5604647657180628
2017-12,Krishna,0.28018835869767383
2017-12,Kurnool,1.1331934153828886
2017-12,Mahbubnagar,0.5835705110641011
2017-12,Medak,0.049552188593708225
2017-12,Nalgonda,0.11057408464648143
2017-12,Sri Potti Sriramulu Nellore,25.482523596611873
2017-12,Nizamabad,0.06377238441420695
2017-12,Prakasam,3.03477383083959
2017-12,Rangareddy,0.0
2017-12,Srikakulam,6.129915982606989
2017-12,Visakhapatnam,1.612465761112742
2017-12,Vizianagaram,1.8709622401377348
2017-12,Warangal,0.460276301332468
2017-12,West Godavari,0.2882381137223976
2018-01,Adilabad,7.3664848798537
2018-01,Anantapur,0.313499104524168
2018-01,Chittoor,6.716478025480065
2018-01,Y.s.r.,2.9757213622555905
2018-01,East Godavari,1.3580659614791617
2018-01,Guntur,0.1061643910895704
2018-01,Hyderabad,3.860575019657419
2018-01,Karimnagar,4.2388065417843395
2018-01,Khammam,2.502869467805298
2018-01,Krishna,0.0
2018-01,Kurnool,0.34785713086878284
2018-01,Mahbubnagar,0.1828082013091721
2018-01,Medak,1.8524509290297588
2018-01,Nalgonda,1.4711899774138952
2018-01,Sri Potti Sriramulu Nellore,4.34069455606647
2018-01,Nizamabad,7.528510266577152
2018-01,Prakasam,1.4870456422636298
2018-01,Rangareddy,0.2400200053495437
2018-01,Srikakulam,2.0137063376319775
2018-01,Visakhapatnam,1.3717114509688515
2018-01,Vizianagaram,2.1436803116999013
2018-01,Warangal,2.066654657626662
2018-01,West Godavari,0.26267365691522826
2018-02,Adilabad,12.803880349322055
2018-02,Anantapur,2.0553489580184032
2018-02,Chittoor,2.415310936262466
2018-02,Y.s.r.,1.9066984238539775
2018-02,East Godavari,8.418198211194309
2018-02,Guntur,5.497680527773976
2018-02,Hyderabad,6.945869848874778
2018-02,Karimnagar,7.998075400690633
2018-02,Khammam,11.419052175127884
2018-02,Krishna,7.192461844438151
2018-02,Kurnool,2.0913595344565272
2018-02,Mahbubnagar,2.549996947821119
2018-02,Medak,4.565310266229988
2018-02,Nalgonda,7.334170566857862
2018-02,Sri Potti Sriramulu Nellore,1.8880304957096823
2018-02,Nizamabad,8.26283382632052
2018-02,Prakasam,3.9094294953270756
2018-02,Rangareddy,5.3423795181822324
2018-02,Srikakulam,15.186179324094248
2018-02,Visakhapatnam,11.583683764907196
2018-02,Vizianagaram,14.240555021759867
2018-02,Warangal,9.355529423289179
2018-02,West Godavari,7.381820033818898
2018-03,Adilabad,10.773294803766388
2018-03,Anantapur,7.208035444938302
2018-03,Chittoor,22.099036812870903
2018-03,Y.s.r.,9.342444722818353
2018-03,East Godavari,3.042575110308238
2018-03,Guntur,9.748843246240753
2018-03,Hyderabad,1.029619368148853
2018-03,Karimnagar,7.275298459570916
2018-03,Khammam,4.511619407311495
2018-03,Krishna,7.035161951173645
2018-03,Kurnool,3.5835909037481053
2018-03,Mahbubnagar,1.2796789870602607
2018-03,Medak,2.7060225733607117
2018-03,Nalgonda,6.767097222093236
2018-03,Sri Potti Sriramulu Nellore,12.721257815706569
2018-03,Nizamabad,6.792330150369568
2018-03,Prakasam,11.514881816837303
2018-03,Rangareddy,0.9780733379792361
2018-03,Srikakulam,8.255585957242278
2018-03,Visakhapatnam,4.627123658203149
2018-03,Vizianagaram,9.718200014320031
2018-03,Warangal,5.7280666104065965
2018-03,West Godavari,4.169644288425813
2018-04,Adilabad,18.023125090076956
2018-04,Anantapur,12.774147204308882
2018-04,Chittoor,15.530055710320486
2018-04,Y.s.r.,9.273988436255701
2018-04,East Godavari,29.470375642235556
2018-04,Guntur,9.41211288624353
2018-04,Hyderabad,27.08677145670919
2018-04,Karimnagar,22.304547706718083
2018-04,Khammam,24.2047340148827
2018-04,Krishna,5.445642701390428
2018-04,Kurnool,13.66014449847175
2018-04,Mahbubnagar,18.868599426488075
2018-04,Medak,29.01687670801186
2018-04,Nalgonda,16.848189109403915
2018-04,Sri Potti Sriramulu Nellore,8.271225426203412
2018-04,Nizamabad,17.93052786861727
2018-04,Prakasam,12.954243394290149
2018-04,Rangareddy,27.70580514908791
2018-04,Srikakulam,33.489447174344576
2018-04,Visakhapatnam,52.47516729483112
2018-04,Vizianagaram,53.43538473103094
2018-04,Warangal,21.648985992194525
2018-04,West Godavari,10.054582903375152
2018-05,Adilabad,26.49887512244055
2018-05,Anantapur,70.0687491618817
2018-05,Chittoor,59.13834746248528
2018-05,Y.s.r.,45.75953229940995
2018-05,East Godavari,67.18333815696238
2018-05,Guntur,45.199243636901066
2018-05,Hyderabad,29.050224338766046
2018-05,Karimnagar,21.92182327776836
2018-05,Khammam,62.621367309986304
2018-05,Krishna,57.32671799063337
2018-05,Kurnool,50.50770395580983
2018-05,Mahbubnagar,42.15497400690508
2018-05,Medak,21.779985740881106
2018-05,Nalgonda,28.937658207234602
2018-05,Sri Potti Sriramulu Nellore,24.18373996224915
2018-05,Nizamabad,20.066222338608615
2018-05,Prakasam,36.716984493369445
2018-05,Rangareddy,33.94578862860035
2018-05,Srikakulam,89.6888757220998
2018-05,Visakhapatnam,82.26542613492072
2018-05,Vizianagaram,98.09535160746668
2018-05,Warangal,30.894580433013125
2018-05,West Godavari,63.477727515533545
2018-06,Adilabad,238.63825649837807
2018-06,Anantapur,46.35757489759203
2018-06,Chittoor,116.0060499256652
2018-06,Y.s.r.,93.5129029746623
2018-06,East Godavari,210.98020509246078
2018-06,Guntur,140.50941928771624
2018-06,Hyderabad,142.11759424441067
2018-06,Karimnagar,212.3032216481106
2018-06,Khammam,199.17486561425343
2018-06,Krishna,180.474587694107
2018-06,Kurnool,155.1982291055978
2018-06,Mahbubnagar,164.5444391913064
2018-06,Medak,197.2581471826436
2018-06,Nalgonda,146.86958127941753
2018-06,Sri Potti Sriramulu Nellore,65.26632755270937
2018-06,Nizamabad,226.72755728819493
2018-06,Prakasam,105.60985490575963
2018-06,Rangareddy,165.68402004387028
2018-06,Srikakulam,165.29748191779282
2018-06,Visakhapatnam,224.68246741800658
2018-06,Vizianagaram,197.60664979025063
2018-06,Warangal,182.56845344806698
2018-06,West Godavari,215.99090317615483
2018-07,Adilabad,390.7661648810786
2018-07,Anantapur,19.523278086552686
2018-07,Chittoor,97.29373916784874
2018-07,Y.s.r.,76.35680680048313
2018-07,East Godavari,289.4036946422777
2018-07,Guntur,195.54784220633354
2018-07,Hyderabad,104.56106480811404
2018-07,Karimnagar,287.6004393550506
2018-07,Khammam,375.5797327438705
2018-07,Krishna,272.63251215788154
2018-07,Kurnool,94.51212174996125
2018-07,Mahbubnagar,114.75364810921884
2018-07,Medak,150.37932425738578
2018-07,Nalgonda,172.03420411624631
2018-07,Sri Potti Sriramulu Nellore,76.70344234397513
2018-07,Nizamabad,241.410364298915
2018-07,Prakasam,108.73034320327523
2018-07,Rangareddy,116.09050865342694
2018-07,Srikakulam,287.6232946062005
2018-07,Visakhapatnam,307.97799359440387
2018-07,Vizianagaram,347.7068575516951
2018-07,Warangal,296.2475155232639
2018-07,West Godavari,313.80072730300475
2018-08,Adilabad,417.41586502712744
2018-08,Anantapur,50.37809793825308
2018-08,Chittoor,142.30244404375767
2018-08,Y.s.r.,121.01894461905675
2018-08,East Godavari,383.54743703503686
2018-08,Guntur,199.60107418971688
2018-08,Hyderabad,189.01699471809331
2018-08,Karimnagar,329.0005215385633
2018-08,Khammam,440.07264026683043
2018-08,Krishna,273.8316212914792
2018-08,Kurnool,100.79170206566761
2018-08,Mahbubnagar,181.31415825621824
2018-08,Medak,256.5129950456217
2018-08,Nalgonda,219.27907288103236
2018-08,Sri Potti Sriramulu Nellore,126.60635139579094
2018-08,Nizamabad,324.1957962342453
2018-08,Prakasam,142.67263131998942
2018-08,Rangareddy,214.3827195659899
2018-08,Srikakulam,383.8713907005521
2018-08,Visakhapatnam,508.4473084041693
2018-08,Vizianagaram,454.4008036472591
2018-08,Warangal,331.00822057871136
2018-08,West Godavari,351.18738808910183
2018-09,Adilabad,101.11184935504969
2018-09,Anantapur,72.74215825542484
2018-09,Chittoor,79.11204306761847
2018-09,Y.s.r.,78.81798968641249
2018-09,East Godavari,167.64844865250618
2018-09,Guntur,111.3034652475854
2018-09,Hyderabad,103.39007092664156
2018-09,Karimnagar,111.64611790016656
2018-09,Khammam,157.15568391478024
2018-09,Krishna,139.03333944085094
2018-09,Kurnool,90.40771767281736
2018-09,Mahbubnagar,86.28421520632851
2018-09,Medak,95.2811219310097
2018-09,Nalgonda,105.427433661982
2018-09,Sri Potti Sriramulu Nellore,71.54058729740098
2018-09,Nizamabad,80.37168449371988
2018-09,Prakasam,104.33953809637671
2018-09,Rangareddy,96.72045950323927
2018-09,Srikakulam,218.5371088933879
2018-09,Visakhapatnam,196.73829703091056
2018-09,Vizianagaram,241.45844314579554
2018-09,Warangal,129.06181178511264
2018-09,West Godavari,167.35014171677028
2018-10,Adilabad,27.519152601346804
2018-10,Anantapur,46.71005931541421
2018-10,Chittoor,102.43615531112945
2018-10,Y.s.r.,64.31058100452984
2018-10,East Godavari,85.2516937680344
2018-10,Guntur,67.09115677869137
2018-10,Hyderabad,64.68631999330611
2018-10,Karimnagar,39.8323188159674
2018-10,Khammam,49.65544191467612
2018-10,Krishna,70.30586567246559
2018-10,Kurnool,40.03850057793935
2018-10,Mahbubnagar,49.248686577809856
2018-10,Medak,66.98015241514784
2018-10,Nalgonda,62.64652671948306
2018-10,Sri Potti Sriramulu Nellore,87.91747626612455
2018-10,Nizamabad,35.79397510156503
2018-10,Prakasam,59.68068211895372
2018-10,Rangareddy,60.80289709545425
2018-10,Srikakulam,144.1741347363552
2018-10,Visakhapatnam,105.64381407356407
2018-10,Vizianagaram,105.31068063342556
2018-10,Warangal,46.26557385998663
2018-10,West Godavari,80.01438888050703
2018-11,Adilabad,2.313445051549861
2018-11,Anantapur,11.886475110013542
2018-11,Chittoor,43.28863605694111
2018-11,Y.s.r.,25.48968245847024
2018-11,East Godavari,14.745177108665713
2018-11,Guntur,14.271865551769471
2018-11,Hyderabad,5.850715022719793
2018-11,Karimnagar,2.020507139619045
2018-11,Khammam,8.969327104417857
2018-11,Krishna,19.773456709344128
2018-11,Kurnool,5.833675265075498
2018-11,Mahbubnagar,6.137050951318999
2018-11,Medak,4.5733071224044695
2018-11,Nalgonda,5.267244521105546
2018-11,Sri Potti Sriramulu Nellore,100.30404860491734
2018-11,Nizamabad,4.254856160983696
2018-11,Prakasam,25.632757299074836
2018-11,Rangareddy,5.332764205680031
2018-11,Srikakulam,11.62679065398075
2018-11,Visakhapatnam,12.108088967065736
2018-11,Vizianagaram,11.500012425128622
2018-11,Warangal,6.07458436392707
2018-11,West Godavari,11.718499915642195
2018-12,Adilabad,8.158092353802632
2018-12,Anantapur,4.687628484795891
2018-12,Chittoor,50.710193037897675
2018-12,Y.s.r.,25.08819350169999
2018-12,East Godavari,21.85643540994922
2018-12,Guntur,19.446762474397143
2018-12,Hyderabad,11.94223276330429
2018-12,Karimnagar,12.97964018223973
2018-12,Khammam,13.242381042370887
2018-12,Krishna,18.05604330386378
2018-12,Kurnool,4.364270376274002
2018-12,Mahbubnagar,6.933676956619545
2018-12,Medak,10.967995350215052
2018-12,Nalgonda,10.481866520857931
2018-12,Sri Potti Sriramulu Nellore,64.34588814273188
2018-12,Nizamabad,7.80246597304795
2018-12,Prakasam,20.533189152782455
2018-12,Rangareddy,11.245622532442773
2018-12,Srikakulam,10.05034748700941
2018-12,Visakhapatnam,14.241618631120325
2018-12,Vizianagaram,7.856137105444232
2018-12,Warangal,14.367940657661466
2018-12,West Godavari,23.112069288762058
2019-01,Adilabad,16.582739650670952
2019-01,Anantapur,2.917603572229198
2019-01,Chittoor,9.569356107306124
2019-01,Y.s.r.,10.449524953397624
2019-01,East Godavari,4.922071275914673
2019-01,Guntur,0.6137449977319492
2019-01,Hyderabad,12.52465933302845
2019-01,Karimnagar,14.097752673479235
2019-01,Khammam,4.758357347436571
2019-01,Krishna,0.07363904142455419
2019-01,Kurnool,3.8740310027857072
2019-01,Mahbubnagar,4.594075161885661
2019-01,Medak,5.690315257910544
2019-01,Nalgonda,6.10436405280319
2019-01,Sri Potti Sriramulu Nellore,8.252050660823679
2019-01,Nizamabad,11.136534778579096
2019-01,Prakasam,6.90700650153978
2019-01,Rangareddy,5.594573897898284
2019-01,Srikakulam,2.1075156519628244
2019-01,Visakhapatnam,3.9124943026511714
2019-01,Vizianagaram,3.1034560531164654
2019-01,Warangal,9.442027120673794
2019-01,West Godavari,0.6604013288514191
2019-02,Adilabad,6.001240940826101
2019-02,Anantapur,0.2279634060724869
2019-02,Chittoor,1.3706916033784236
2019-02,Y.s.r.,0.2540040535976326
2019-02,East Godavari,4.699821610035032
2019-02,Guntur,1.543689987200509
2019-02,Hyderabad,5.4617322492753795
2019-02,Karimnagar,5.404338273659335
2019-02,Khammam,4.911807681898887
2019-02,Krishna,2.853064129351309
2019-02,Kurnool,0.0
2019-02,Mahbubnagar,0.17636269960728732
2019-02,Medak,2.430742643759946
2019-02,Nalgonda,3.7336333755858093
2019-02,Sri Potti Sriramulu Nellore,0.2027264293099508
2019-02,Nizamabad,2.3332521606212198
2019-02,Prakasam,0.1380771275246504
2019-02,Rangareddy,1.896578403014814
2019-02,Srikakulam,9.58117711225203
2019-02,Visakhapatnam,7.003409954105289
2019-02,Vizianagaram,9.656782810647808
2019-02,Warangal,5.674338456325637
2019-02,West Godavari,3.3790003605324563
2019-03,Adilabad,9.058335289938691
2019-03,Anantapur,1.7148763480035691
2019-03,Chittoor,0.5411301850608148
2019-03,Y.s.r.,0.021474998501745956
2019-03,East Godavari,8.408071166472634
2019-03,Guntur,2.3477801047446194
2019-03,Hyderabad,0.7589122108656997
2019-03,Karimnagar,3.7149349001251384
2019-03,Khammam,4.516859673091956
2019-03,Krishna,4.238287625913081
2019-03,Kurnool,1.0592994883659999
2019-03,Mahbubnagar,0.9690755646674228
2019-03,Medak,2.0562734649749386
2019-03,Nalgonda,0.047741037119146304
2019-03,Sri Potti Sriramulu Nellore,0.720964446783721
2019-03,Nizamabad,4.3275601699232
2019-03,Prakasam,1.9898572240066923
2019-03,Rangareddy,0.6325310688910536
2019-03,Srikakulam,16.265842386713427
2019-03,Visakhapatnam,17.498193469925646
2019-03,Vizianagaram,20.583279707394706
2019-03,Warangal,0.6059678519471594
2019-03,West Godavari,4.867384857330302
2019-04,Adilabad,13.6133045934126
2019-04,Anantapur,30.594136843873432
2019-04,Chittoor,31.021870485614112
2019-04,Y.s.r.,24.439109823866087
2019-04,East Godavari,25.66396516460911
2019-04,Guntur,13.717758327157593
2019-04,Hyderabad,26.55042919271399
2019-04,Karimnagar,14.499145496469145
2019-04,Khammam,16.089099632547182
2019-04,Krishna,12.743221691271508
2019-04,Kurnool,29.321259764133227
2019-04,Mahbubnagar,26.015157030498738
2019-04,Medak,22.634590666569654
2019-04,Nalgonda,18.289138690486695
2019-04,Sri Potti Sriramulu Nellore,15.112470460636759
2019-04,Nizamabad,16.64611592022466
2019-04,Prakasam,17.48644851667646
2019-04,Rangareddy,25.744630440024654
2019-04,Srikakulam,16.97863380858053
2019-04,Visakhapatnam,37.10200714516603
2019-04,Vizianagaram,29.41643511056759
2019-04,Warangal,17.391888673534257
2019-04,West Godavari,10.521116905753134
2019-05,Adilabad,12.000325297690322
2019-05,Anantapur,56.016756746074265
2019-05,Chittoor,54.203779016538356
2019-05,Y.s.r.,51.4435563806147
2019-05,East Godavari,39.10083821056421
2019-05,Guntur,41.089992214863685
2019-05,Hyderabad,19.524290883811158
2019-05,Karimnagar,13.59421731607693
2019-05,Khammam,53.0546015393324
2019-05,Krishna,38.56709071820086
2019-05,Kurnool,45.30148311418086
2019-05,Mahbubnagar,35.857484039053226
2019-05,Medak,15.860569562317687
2019-05,Nalgonda,27.03386104228646
2019-05,Sri Potti Sriramulu Nellore,28.25079393154051
2019-05,Nizamabad,10.64628085783766
2019-05,Prakasam,50.536452273406915
2019-05,Rangareddy,24.259748796885017
2019-05,Srikakulam,72.91151746870568
2019-05,Visakhapatnam,60.61815106579763
2019-05,Vizianagaram,78.04573962174574
2019-05,Warangal,31.067592421372247
2019-05,West Godavari,34.50402230657886
2019-06,Adilabad,166.34729893312087
2019-06,Anantapur,28.158520049880746
2019-06,Chittoor,64.72037862577577
2019-06,Y.s.r.,50.84074847010151
2019-06,East Godavari,113.0087433179871
2019-06,Guntur,68.15116601686114
2019-06,Hyderabad,79.14804731775597
2019-06,Karimnagar,130.78983983222088
2019-06,Khammam,127.26936410347328
2019-06,Krishna,78.05677964513359
2019-06,Kurnool,77.84924345092927
2019-06,Mahbubnagar,86.51728520554138
2019-06,Medak,107.88687630987745
2019-06,Nalgonda,80.90751784105345
2019-06,Sri Potti Sriramulu Nellore,28.57535130025867
2019-06,Nizamabad,135.99880458202708
2019-06,Prakasam,52.930716849679285
2019-06,Rangareddy,90.10518850398886
2019-06,Srikakulam,149.77285600813036
2019-06,Visakhapatnam,140.20410924694332
2019-06,Vizianagaram,152.20375411381033
2019-06,Warangal,119.9151962756694
2019-06,West Godavari,101.20242697590601
2019-07,Adilabad,305.86513400824555
2019-07,Anantapur,27.060348256395418
2019-07,Chittoor,130.7726598684842
2019-07,Y.s.r.,98.82632976545361
2019-07,East Godavari,215.40489790929183
2019-07,Guntur,201.83578906097077
2019-07,Hyderabad,113.26074022382593
2019-07,Karimnagar,232.0679103926304
2019-07,Khammam,290.47081833190305
2019-07,Krishna,241.94216733759586
2019-07,Kurnool,108.62158960854728
2019-07,Mahbubnagar,151.56421319012756
2019-07,Medak,147.04398183326614
2019-07,Nalgonda,177.81109669538506
2019-07,Sri Potti Sriramulu Nellore,98.14575243243814
2019-07,Nizamabad,222.72760734813963
2019-07,Prakasam,144.2926122233805
2019-07,Rangareddy,127.57536840541457
2019-07,Srikakulam,163.58862370505844
2019-07,Visakhapatnam,191.40247855127828
2019-07,Vizianagaram,186.1337611119413
2019-07,Warangal,229.0741536523097
2019-07,West Godavari,257.990129282922
2019-08,Adilabad,434.05976999176556
2019-08,Anantapur,73.3586462143898
2019-08,Chittoor,138.01648720994064
2019-08,Y.s.r.,126.02881365455218
2019-08,East Godavari,291.9898713900268
2019-08,Guntur,164.78058746961537
2019-08,Hyderabad,183.44516068415345
2019-08,Karimnagar,349.8094806421116
2019-08,Khammam,446.1983580743525
2019-08,Krishna,211.72416158376924
2019-08,Kurnool,181.56666053239795
2019-08,Mahbubnagar,274.693260120434
2019-08,Medak,259.08342648305336
2019-08,Nalgonda,237.0729086104667
2019-08,Sri Potti Sriramulu Nellore,117.7459597139554
2019-08,Nizamabad,302.54604346385804
2019-08,Prakasam,152.99965869192474
2019-08,Rangareddy,230.73901764931324
2019-08,Srikakulam,303.52481951077874
2019-08,Visakhapatnam,401.8649392092943
2019-08,Vizianagaram,362.6810078688505
2019-08,Warangal,371.1062171653901
2019-08,West Godavari,268.71834546265217
2019-09,Adilabad,340.4568307442038
2019-09,Anantapur,168.94029428907848
2019-09,Chittoor,170.00542203834362
2019-09,Y.s.r.,140.0313937108682
2019-09,East Godavari,215.35737981439192
2019-09,Guntur,168.61538958838815
2019-09,Hyderabad,240.0204987391685
2019-09,Karimnagar,306.1238582209022
2019-09,Khammam,217.74914852757635
2019-09,Krishna,174.8353216245328
2019-09,Kurnool,194.9785436026092
2019-09,Mahbubnagar,204.61576322895908
2019-09,Medak,266.8420070681902
2019-09,Nalgonda,173.73648627370213
2019-09,Sri Potti Sriramulu Nellore,125.19477711560091
2019-09,Nizamabad,296.4177150947148
2019-09,Prakasam,170.4417383191487
2019-09,Rangareddy,236.3450823117289
2019-09,Srikakulam,352.0259028622482
2019-09,Visakhapatnam,281.183868765193
2019-09,Vizianagaram,320.22657594968763
2019-09,Warangal,230.1409354081438
2019-09,West Godavari,194.13344333380618
2019-10,Adilabad,147.06961205720202
2019-10,Anantapur,162.9733674592923
2019-10,Chittoor,220.46174924399284
2019-10,Y.s.r.,236.07274821003446
2019-10,East Godavari,371.9295352388869
2019-10,Guntur,237.82636608083257
2019-10,Hyderabad,194.1201126922681
2019-10,Karimnagar,197.17053068747472
2019-10,Khammam,227.1003419088148
2019-10,Krishna,278.0761020023618
2019-10,Kurnool,140.23443489936517
2019-10,Mahbubnagar,139.4028277813541
2019-10,Medak,185.99809513195495
2019-10,Nalgonda,181.67214125551408
2019-10,Sri Potti Sriramulu Nellore,300.5708731664837
2019-10,Nizamabad,181.9865462760241
2019-10,Prakasam,249.1309988108901
2019-10,Rangareddy,171.5075902210042
2019-10,Srikakulam,360.87222369501546
2019-10,Visakhapatnam,377.45562817847065
2019-10,Vizianagaram,383.00749694735526
2019-10,Warangal,202.88203007882137
2019-10,West Godavari,365.8273402348543
2019-11,Adilabad,8.906695578389456
2019-11,Anantapur,14.770436204098255
2019-11,Chittoor,57.608963240727014
2019-11,Y.s.r.,34.76413391899336
2019-11,East Godavari,14.325651689693833
2019-11,Guntur,5.100441483869737
2019-11,Hyderabad,5.7664778574867155
2019-11,Karimnagar,7.057853758407317
2019-11,Khammam,8.66924779406412
2019-11,Krishna,7.199686238909871
2019-11,Kurnool,7.960094595106106
2019-11,Mahbubnagar,6.444838344110602
2019-11,Medak,6.501026036602829
2019-11,Nalgonda,4.30143019524037
2019-11,Sri Potti Sriramulu Nellore,107.83506828200791
2019-11,Nizamabad,8.764463812964925
2019-11,Prakasam,16.277979590880882
2019-11,Rangareddy,5.629351278353349
2019-11,Srikakulam,17.08555956252798
2019-11,Visakhapatnam,24.803389016362672
2019-11,Vizianagaram,22.454655522051926
2019-11,Warangal,8.420826120014553
2019-11,West Godavari,7.647363656624839
2019-12,Adilabad,0.8016149838088373
2019-12,Anantapur,7.736320208949241
2019-12,Chittoor,67.53481022654267
2019-12,Y.s.r.,33.98552140425614
2019-12,East Godavari,1.3513775262358585
2019-12,Guntur,7.191366770997592
2019-12,Hyderabad,3.201165114945964
2019-12,Karimnagar,1.7742346372112883
2019-12,Khammam,1.0776666183247101
2019-12,Krishna,2.020985531942286
2019-12,Kurnool,3.45270752294628
2019-12,Mahbubnagar,2.752260738320247
2019-12,Medak,4.1605424907722295
2019-12,Nalgonda,1.2720767547299008
2019-12,Sri Potti Sriramulu Nellore,67.69072015566745
2019-12,Nizamabad,1.68459893750846
2019-12,Prakasam,12.737964234694386
2019-12,Rangareddy,4.285327345278632
2019-12,Srikakulam,1.5315707640159035
2019-12,Visakhapatnam,1.4725575514658367
2019-12,Vizianagaram,0.6071095651200962
2019-12,Warangal,3.387662447915723
2019-12,West Godavari,0.6033415824359687
2020-01,Adilabad,10.310412220976781
2020-01,Anantapur,0.7232149784419731
2020-01,Chittoor,21.18234771081746
2020-01,Y.s.r.,10.924640155439464
2020-01,East Godavari,2.715021740725959
2020-01,Guntur,1.3552685961707556
2020-01,Hyderabad,18.70046136170915
2020-01,Karimnagar,10.005831432651876
2020-01,Khammam,3.277679387154458
2020-01,Krishna,1.397669062753339
2020-01,Kurnool,0.9832640897409536
2020-01,Mahbubnagar,2.011576752753477
2020-01,Medak,11.5958894711374
2020-01,Nalgonda,10.716664466772635
2020-01,Sri Potti Sriramulu Nellore,17.357652590816013
2020-01,Nizamabad,13.365067763504857
2020-01,Prakasam,6.889320491564887
2020-01,Rangareddy,9.169554331549492
2020-01,Srikakulam,7.120029848156565
2020-01,Visakhapatnam,8.615988532696532
2020-01,Vizianagaram,9.126942607908893
2020-01,Warangal,8.069406359735328
2020-01,West Godavari,1.3347290766419617
2020-02,Adilabad,9.2503792355746
2020-02,Anantapur,4.0009273763071915E-4
2020-02,Chittoor,1.241105588800457
2020-02,Y.s.r.,0.0
2020-02,East Godavari,14.918238657812214
2020-02,Guntur,2.455351431512168
2020-02,Hyderabad,7.670179233736204
2020-02,Karimnagar,8.759551363774179
2020-02,Khammam,8.107183322801179
2020-02,Krishna,7.867286515716684
2020-02,Kurnool,0.0
2020-02,Mahbubnagar,0.3759876967308895
2020-02,Medak,3.8833337075154795
2020-02,Nalgonda,4.929109439143109
2020-02,Sri Potti Sriramulu Nellore,0.132910258346834
2020-02,Nizamabad,4.54228364592623
2020-02,Prakasam,0.06572553038910407
2020-02,Rangareddy,2.747760089540786
2020-02,Srikakulam,29.78729807900597
2020-02,Visakhapatnam,25.762893869596994
2020-02,Vizianagaram,35.03781729410529
2020-02,Warangal,8.2538637880874
2020-02,West Godavari,10.123439228829426
2020-03,Adilabad,35.09377144911786
2020-03,Anantapur,0.10345051591456336
2020-03,Chittoor,0.9318752870560955
2020-03,Y.s.r.,0.36915952508095917
2020-03,East Godavari,3.693861347445609
2020-03,Guntur,0.47043417405500587
2020-03,Hyderabad,17.714119545927325
2020-03,Karimnagar,21.409239732248615
2020-03,Khammam,10.784912732133243
2020-03,Krishna,2.3827397271315243
2020-03,Kurnool,0.40562490121409533
2020-03,Mahbubnagar,2.3709682052034253
2020-03,Medak,12.76172819773762
2020-03,Nalgonda,11.522662102878972
2020-03,Sri Potti Sriramulu Nellore,1.8971220546832415
2020-03,Nizamabad,21.339966382790646
2020-03,Prakasam,2.8152436636114166
2020-03,Rangareddy,9.8334876051621
2020-03,Srikakulam,26.215084842201215
2020-03,Visakhapatnam,14.580459694022458
2020-03,Vizianagaram,25.807768233435723
2020-03,Warangal,13.921154360889243
2020-03,West Godavari,2.016961200635839
2020-04,Adilabad,16.591631478997165
2020-04,Anantapur,30.201313023435006
2020-04,Chittoor,54.9847563015104
2020-04,Y.s.r.,34.46585911770539
2020-04,East Godavari,48.50337643770737
2020-04,Guntur,26.04279633213248
2020-04,Hyderabad,18.40990591010615
2020-04,Karimnagar,16.510445877341258
2020-04,Khammam,30.896208096557686
2020-04,Krishna,32.28217608039295
2020-04,Kurnool,23.82362709751993
2020-04,Mahbubnagar,24.66194174231221
2020-04,Medak,17.316532350250135
2020-04,Nalgonda,20.021102406502038
2020-04,Sri Potti Sriramulu Nellore,36.05389488887696
2020-04,Nizamabad,11.291173861319756
2020-04,Prakasam,28.23989279453293
2020-04,Rangareddy,22.936708493679475
2020-04,Srikakulam,49.151884618893874
2020-04,Visakhapatnam,65.92599680907692
2020-04,Vizianagaram,71.0083003588154
2020-04,Warangal,19.703783497016016
2020-04,West Godavari,33.21111101558894
2020-05,Adilabad,27.07828939116677
2020-05,Anantapur,63.45359575505216
2020-05,Chittoor,32.325426162751114
2020-05,Y.s.r.,39.71968810508058
2020-05,East Godavari,38.48421064702672
2020-05,Guntur,44.42653831164424
2020-05,Hyderabad,37.786444658214606
2020-05,Karimnagar,29.130327078780976
2020-05,Khammam,58.07475959493241
2020-05,Krishna,51.462899761836134
2020-05,Kurnool,58.9618344950696
2020-05,Mahbubnagar,50.16715589137247
2020-05,Medak,28.319414823737457
2020-05,Nalgonda,42.443140521993286
2020-05,Sri Potti Sriramulu Nellore,23.01556115165772
2020-05,Nizamabad,18.605302260414405
2020-05,Prakasam,49.326412200994326
2020-05,Rangareddy,38.7477583715178
2020-05,Srikakulam,63.936618631453726
2020-05,Visakhapatnam,46.468410877143015
2020-05,Vizianagaram,59.07073800711438
2020-05,Warangal,44.72100437272209
2020-05,West Godavari,39.87511840582093
2020-06,Adilabad,264.0169912312166
2020-06,Anantapur,54.173030255688
2020-06,Chittoor,95.36688574965883
2020-06,Y.s.r.,97.05784725899416
2020-06,East Godavari,180.83003409305127
2020-06,Guntur,158.7587436400602
2020-06,Hyderabad,181.256535992441
2020-06,Karimnagar,248.21261214369892
2020-06,Khammam,204.86340530506766
2020-06,Krishna,177.39897202752846
2020-06,Kurnool,139.81201331787733
2020-06,Mahbubnagar,179.0976282879596
2020-06,Medak,218.15565041949753
2020-06,Nalgonda,163.8466448513913
2020-06,Sri Potti Sriramulu Nellore,65.50064297028968
2020-06,Nizamabad,235.06419192283664
2020-06,Prakasam,124.28186717402282
2020-06,Rangareddy,198.1851041130862
2020-06,Srikakulam,175.5240076876405
2020-06,Visakhapatnam,208.58057903664871
2020-06,Vizianagaram,214.28742213658987
2020-06,Warangal,216.1930400246916
2020-06,West Godavari,200.74069580136012
2020-07,Adilabad,289.95335695870506
2020-07,Anantapur,55.13143461447145
2020-07,Chittoor,198.7920706850538
2020-07,Y.s.r.,139.97934784365376
2020-07,East Godavari,301.7122544982122
2020-07,Guntur,260.03556249585176
2020-07,Hyderabad,235.76492613731457
2020-07,Karimnagar,274.63630486871205
2020-07,Khammam,377.45487022365506
2020-07,Krishna,305.978788149473
2020-07,Kurnool,197.76696792706187
2020-07,Mahbubnagar,256.0859432501776
2020-07,Medak,269.01944401232856
2020-07,Nalgonda,254.6624786126781
2020-07,Sri Potti Sriramulu Nellore,112.20828861274403
2020-07,Nizamabad,292.0523131181394
2020-07,Prakasam,171.32293429104286
2020-07,Rangareddy,260.89137052296763
2020-07,Srikakulam,175.5895041792131
2020-07,Visakhapatnam,300.5377327515458
2020-07,Vizianagaram,267.88913563395846
2020-07,Warangal,317.41731673191424
2020-07,West Godavari,349.99290929451746
2020-08,Adilabad,401.2690447783346
2020-08,Anantapur,83.01808048804247
2020-08,Chittoor,144.9860929018235
2020-08,Y.s.r.,138.03426007711883
2020-08,East Godavari,268.57110757398704
2020-08,Guntur,212.71428169587472
2020-08,Hyderabad,270.45072484649114
2020-08,Karimnagar,320.66716611437926
2020-08,Khammam,430.6021707222288
2020-08,Krishna,230.93747389145514
2020-08,Kurnool,166.1650528454017
2020-08,Mahbubnagar,296.56976196496447
2020-08,Medak,258.8294494435578
2020-08,Nalgonda,290.72815870166824
2020-08,Sri Potti Sriramulu Nellore,124.9709591569956
2020-08,Nizamabad,278.70737776526653
2020-08,Prakasam,182.24361243814835
2020-08,Rangareddy,295.82159407180956
2020-08,Srikakulam,262.1431142197345
2020-08,Visakhapatnam,307.7713189664374
2020-08,Vizianagaram,291.05961350443016
2020-08,Warangal,395.24909153022446
2020-08,West Godavari,247.77472730972593
2020-09,Adilabad,258.71658826657
2020-09,Anantapur,218.0169976568076
2020-09,Chittoor,147.7360722424381
2020-09,Y.s.r.,166.4651781362047
2020-09,East Godavari,215.01033128832714
2020-09,Guntur,294.2455048829751
2020-09,Hyderabad,283.7146462409627
2020-09,Karimnagar,304.26435559353246
2020-09,Khammam,290.1447725901605
2020-09,Krishna,275.4245956267527
2020-09,Kurnool,263.52816187350794
2020-09,Mahbubnagar,288.7201835945862
2020-09,Medak,255.18413664463216
2020-09,Nalgonda,277.2129949504089
2020-09,Sri Potti Sriramulu Nellore,156.41644471240605
2020-09,Nizamabad,256.8149864399486
2020-09,Prakasam,292.1836605389695
2020-09,Rangareddy,282.24948276006376
2020-09,Srikakulam,143.66174131813642
2020-09,Visakhapatnam,193.6227622425372
2020-09,Vizianagaram,173.75643912549828
2020-09,Warangal,323.3359755696952
2020-09,West Godavari,248.18610804987375
2020-10,Adilabad,147.16965572860943
2020-10,Anantapur,120.55661872420275
2020-10,Chittoor,208.9088618642118
2020-10,Y.s.r.,190.5446639191878
2020-10,East Godavari,409.3502663367747
2020-10,Guntur,323.54119213791313
2020-10,Hyderabad,289.1263559815326
2020-10,Karimnagar,215.59634339279154
2020-10,Khammam,276.71425805948246
2020-10,Krishna,380.76675798362004
2020-10,Kurnool,150.0593144710251
2020-10,Mahbubnagar,194.5022672884732
2020-10,Medak,235.02810758329713
2020-10,Nalgonda,245.2922181320194
2020-10,Sri Potti Sriramulu Nellore,306.52542859063544
2020-10,Nizamabad,162.70286213103742
2020-10,Prakasam,271.95934357528176
2020-10,Rangareddy,239.66508437146183
2020-10,Srikakulam,360.60256078559377
2020-10,Visakhapatnam,304.3876751742229
2020-10,Vizianagaram,310.7572570111579
2020-10,Warangal,261.2471033880249
2020-10,West Godavari,440.1918085399357
2020-11,Adilabad,4.070411316205454
2020-11,Anantapur,49.57579846086933
2020-11,Chittoor,168.7973767725408
2020-11,Y.s.r.,132.02047881375918
2020-11,East Godavari,109.15596907074728
2020-11,Guntur,95.54459389988696
2020-11,Hyderabad,10.806225091508292
2020-11,Karimnagar,6.139393733775745
2020-11,Khammam,45.80590643083792
2020-11,Krishna,122.54324969034566
2020-11,Kurnool,27.914716081377787
2020-11,Mahbubnagar,18.779097087143544
2020-11,Medak,9.178982772992585
2020-11,Nalgonda,22.622559323904703
2020-11,Sri Potti Sriramulu Nellore,396.5870271700992
2020-11,Nizamabad,5.815467996725237
2020-11,Prakasam,166.70604788987458
2020-11,Rangareddy,9.752893953720825
2020-11,Srikakulam,48.60173182288709
2020-11,Visakhapatnam,79.80198900284435
2020-11,Vizianagaram,62.35235478865856
2020-11,Warangal,15.131272957654119
2020-11,West Godavari,80.18070566961524
2020-12,Adilabad,0.10628522419716627
2020-12,Anantapur,7.461285772950493
2020-12,Chittoor,131.03519996662442
2020-12,Y.s.r.,44.23725535833571
2020-12,East Godavari,7.220655074319804
2020-12,Guntur,10.326900694669947
2020-12,Hyderabad,0.0
2020-12,Karimnagar,0.006828952448351719
2020-12,Khammam,0.7379913155117923
2020-12,Krishna,9.900875897961356
2020-12,Kurnool,3.900083447715659
2020-12,Mahbubnagar,1.5687359493342918
2020-12,Medak,2.9382560485698145E-4
2020-12,Nalgonda,0.6868431838365077
2020-12,Sri Potti Sriramulu Nellore,109.48942766050504
2020-12,Nizamabad,0.1311366143013428
2020-12,Prakasam,17.823144423161956
2020-12,Rangareddy,0.10923100912436814
2020-12,Srikakulam,0.11627386552442023
2020-12,Visakhapatnam,0.743025526465853
2020-12,Vizianagaram,0.0
2020-12,Warangal,0.0
2020-12,West Godavari,7.477292925069273
2021-01,Adilabad,8.72510406662003
2021-01,Anantapur,6.106865339807709
2021-01,Chittoor,27.014247956926962
2021-01,Y.s.r.,18.884025321519
2021-01,East Godavari,1.8008044198515714
2021-01,Guntur,2.8382766008408518
2021-01,Hyderabad,6.7623146158206024
2021-01,Karimnagar,7.079968877608072
2021-01,Khammam,3.3810120828934687
2021-01,Krishna,3.074820476278715
2021-01,Kurnool,5.0402940075094245
2021-01,Mahbubnagar,2.3851912643509783
2021-01,Medak,4.5328805956379785
2021-01,Nalgonda,3.1035657633306686
2021-01,Sri Potti Sriramulu Nellore,29.196752529997358
2021-01,Nizamabad,8.802556139346967
2021-01,Prakasam,8.323280560837159
2021-01,Rangareddy,3.725242919437115
2021-01,Srikakulam,2.013407745573855
2021-01,Visakhapatnam,1.5233089643329507
2021-01,Vizianagaram,2.1466711335901474
2021-01,Warangal,4.206047417713769
2021-01,West Godavari,1.5691551246910007
2021-02,Adilabad,6.165921608121279
2021-02,Anantapur,0.839304923596385
2021-02,Chittoor,5.542479137919818
2021-02,Y.s.r.,0.8183254834856472
2021-02,East Godavari,5.49252898324757
2021-02,Guntur,1.41062140059105
2021-02,Hyderabad,9.756654814686204
2021-02,Karimnagar,5.500096598722043
2021-02,Khammam,5.230234188854839
2021-02,Krishna,4.706945844356231
2021-02,Kurnool,0.0
2021-02,Mahbubnagar,2.2162560711060664
2021-02,Medak,5.192881827744577
2021-02,Nalgonda,6.255056305141912
2021-02,Sri Potti Sriramulu Nellore,1.6930263449180134
2021-02,Nizamabad,3.6484588339723167
2021-02,Prakasam,0.7964500356973707
2021-02,Rangareddy,4.519731606365912
2021-02,Srikakulam,9.679630216029302
2021-02,Visakhapatnam,7.464599264850008
2021-02,Vizianagaram,10.464362637596384
2021-02,Warangal,5.903697207066139
2021-02,West Godavari,4.639625780243483
2021-03,Adilabad,10.325009396003184
2021-03,Anantapur,0.0
2021-03,Chittoor,2.015007961348025
2021-03,Y.s.r.,0.47529187100677794
2021-03,East Godavari,0.17151017531972207
2021-03,Guntur,0.008389938386627096
2021-03,Hyderabad,0.0
2021-03,Karimnagar,2.5459718011033137
2021-03,Khammam,0.07418969185840445
2021-03,Krishna,0.0
2021-03,Kurnool,0.0
2021-03,Mahbubnagar,0.008448868239383032
2021-03,Medak,1.8966828871283552
2021-03,Nalgonda,0.0
2021-03,Sri Potti Sriramulu Nellore,0.14181544077088737
2021-03,Nizamabad,4.508372340882542
2021-03,Prakasam,0.0
2021-03,Rangareddy,0.0
2021-03,Srikakulam,5.825669945283919
2021-03,Visakhapatnam,4.788700175885548
2021-03,Vizianagaram,6.779263543697645
2021-03,Warangal,0.02670398892833746
2021-03,West Godavari,0.010599426333310163
2021-04,Adilabad,11.307692508352154
2021-04,Anantapur,32.50996878535441
2021-04,Chittoor,44.194519436703274
2021-04,Y.s.r.,25.702264112607033
2021-04,East Godavari,32.99865385506311
2021-04,Guntur,23.22882284669836
2021-04,Hyderabad,22.236474344876974
2021-04,Karimnagar,14.771017621776904
2021-04,Khammam,27.00709034412855
2021-04,Krishna,22.037291556524014
2021-04,Kurnool,25.705947686449438
2021-04,Mahbubnagar,22.242829007078754
2021-04,Medak,22.728849243926398
2021-04,Nalgonda,19.583834485286694
2021-04,Sri Potti Sriramulu Nellore,16.077880832179666
2021-04,Nizamabad,16.232676052003313
2021-04,Prakasam,25.361026619049717
2021-04,Rangareddy,25.35661136666624
2021-04,Srikakulam,40.73383896207851
2021-04,Visakhapatnam,65.49090187937392
2021-04,Vizianagaram,58.91499953339923
2021-04,Warangal,19.340118826984664
2021-04,West Godavari,19.70540347901823
2021-05,Adilabad,31.793076086055933
2021-05,Anantapur,87.26253487124043
2021-05,Chittoor,50.14523398127803
2021-05,Y.s.r.,50.6059247971713
2021-05,East Godavari,70.7503839230771
2021-05,Guntur,70.14527994705335
2021-05,Hyderabad,44.928335729000246
2021-05,Karimnagar,28.700044287191375
2021-05,Khammam,67.56290173555341
2021-05,Krishna,80.40693295431032
2021-05,Kurnool,60.51742018117102
2021-05,Mahbubnagar,53.8398174535921
2021-05,Medak,36.423747086111376
2021-05,Nalgonda,43.12404935069628
2021-05,Sri Potti Sriramulu Nellore,30.067388892364608
2021-05,Nizamabad,30.482745982208495
2021-05,Prakasam,53.17279969016099
2021-05,Rangareddy,50.49214997514173
2021-05,Srikakulam,83.24085139567121
2021-05,Visakhapatnam,74.8619296808394
2021-05,Vizianagaram,86.83569635677938
2021-05,Warangal,40.378199254968784
2021-05,West Godavari,73.66760091650808
2021-06,Adilabad,238.0853408974963
2021-06,Anantapur,30.080271577989368
2021-06,Chittoor,76.37658586284151
2021-06,Y.s.r.,45.58706776898859
2021-06,East Godavari,120.29119704401795
2021-06,Guntur,93.65649003604592
2021-06,Hyderabad,142.86085441382568
2021-06,Karimnagar,198.85583174696012
2021-06,Khammam,151.1239665071764
2021-06,Krishna,115.59609936842328
2021-06,Kurnool,64.74153459466896
2021-06,Mahbubnagar,105.42577569474514
2021-06,Medak,173.81498514728898
2021-06,Nalgonda,124.47786178342486
2021-06,Sri Potti Sriramulu Nellore,33.626084052500296
2021-06,Nizamabad,197.7077855864015
2021-06,Prakasam,53.242416596286986
2021-06,Rangareddy,151.2102687757557
2021-06,Srikakulam,156.09291326502066
2021-06,Visakhapatnam,151.16454725364764
2021-06,Vizianagaram,167.1294737991885
2021-06,Warangal,164.72893029342708
2021-06,West Godavari,130.05494210422245
2021-07,Adilabad,424.52503324611274
2021-07,Anantapur,51.55494862835183
2021-07,Chittoor,191.45102145858291
2021-07,Y.s.r.,135.24670659092428
2021-07,East Godavari,286.57383424854476
2021-07,Guntur,236.08012730398747
2021-07,Hyderabad,241.70041393045466
2021-07,Karimnagar,372.05069270903175
2021-07,Khammam,386.71761038946437
2021-07,Krishna,277.7367084290572
2021-07,Kurnool,191.1692202397601
2021-07,Mahbubnagar,277.6972126939462
2021-07,Medak,285.66072034030714
2021-07,Nalgonda,260.8119577855392
2021-07,Sri Potti Sriramulu Nellore,110.74205853373141
2021-07,Nizamabad,358.2917384346015
2021-07,Prakasam,168.46967065026078
2021-07,Rangareddy,283.45794616704137
2021-07,Srikakulam,193.56357280992182
2021-07,Visakhapatnam,265.68188668873216
2021-07,Vizianagaram,257.9783650913473
2021-07,Warangal,344.12680357868584
2021-07,West Godavari,312.01678794925755
2021-08,Adilabad,274.35300863852297
2021-08,Anantapur,63.85844599389078
2021-08,Chittoor,142.19117568322858
2021-08,Y.s.r.,121.32462213636566
2021-08,East Godavari,265.9221446133868
2021-08,Guntur,206.99716023893313
2021-08,Hyderabad,182.92159132633395
2021-08,Karimnagar,207.61844265740334
2021-08,Khammam,330.9929551398426
2021-08,Krishna,242.91927997068942
2021-08,Kurnool,132.31834024989502
2021-08,Mahbubnagar,205.50280261031014
2021-08,Medak,187.74390171397755
2021-08,Nalgonda,213.4639859746288
2021-08,Sri Potti Sriramulu Nellore,129.81350152310992
2021-08,Nizamabad,217.28049619969667
2021-08,Prakasam,190.45668791160654
2021-08,Rangareddy,199.47127006795998
2021-08,Srikakulam,158.55511548901563
2021-08,Visakhapatnam,288.5044538684253
2021-08,Vizianagaram,220.59611300491486
2021-08,Warangal,258.4746679116213
2021-08,West Godavari,259.1846128224815
2021-09,Adilabad,271.0261558749702
2021-09,Anantapur,67.03840471892396
2021-09,Chittoor,100.67107489499807
2021-09,Y.s.r.,78.55025752218044
2021-09,East Godavari,336.27542005044353
2021-09,Guntur,195.9491169512672
2021-09,Hyderabad,198.34985329773048
2021-09,Karimnagar,254.81171384802036
2021-09,Khammam,283.5591413513055
2021-09,Krishna,256.84901487744855
2021-09,Kurnool,100.82500706197641
2021-09,Mahbubnagar,150.01979834081476
2021-09,Medak,200.28084294875111
2021-09,Nalgonda,190.983084466563
2021-09,Sri Potti Sriramulu Nellore,81.15035096810418
2021-09,Nizamabad,268.81841880100365
2021-09,Prakasam,136.3507837583691
2021-09,Rangareddy,198.24108637081835
2021-09,Srikakulam,463.0272878846521
2021-09,Visakhapatnam,403.39748462472164
2021-09,Vizianagaram,474.4227321055238
2021-09,Warangal,261.587789020496
2021-09,West Godavari,303.42127639383784
2021-10,Adilabad,75.11364834954482
2021-10,Anantapur,153.22717819911833
2021-10,Chittoor,228.02677625011307
2021-10,Y.s.r.,159.27244536950576
2021-10,East Godavari,193.8847895869197
2021-10,Guntur,112.09429218041943
2021-10,Hyderabad,83.71753922712455
2021-10,Karimnagar,62.52478271283576
2021-10,Khammam,108.84195795952928
2021-10,Krishna,130.80290846360927
2021-10,Kurnool,117.46025097281772
2021-10,Mahbubnagar,93.80485724021885
2021-10,Medak,80.59115935825383
2021-10,Nalgonda,99.4544861423195
2021-10,Sri Potti Sriramulu Nellore,137.48374791127105
2021-10,Nizamabad,63.361074243911126
2021-10,Prakasam,127.61884812814968
2021-10,Rangareddy,77.220965063923
2021-10,Srikakulam,213.19512980180642
2021-10,Visakhapatnam,182.15286169110678
2021-10,Vizianagaram,199.42871967255888
2021-10,Warangal,83.39767558208912
2021-10,West Godavari,165.84565198190984
2021-11,Adilabad,12.053336609986985
2021-11,Anantapur,192.52517450127337
2021-11,Chittoor,378.255611209485
2021-11,Y.s.r.,341.60333296091557
2021-11,East Godavari,202.16293056581284
2021-11,Guntur,172.7931598446647
2021-11,Hyderabad,24.425575663742507
2021-11,Karimnagar,19.65080334537188
2021-11,Khammam,79.81363886734941
2021-11,Krishna,198.64856079243697
2021-11,Kurnool,95.00903299770799
2021-11,Mahbubnagar,54.730911567497095
2021-11,Medak,17.745621032410114
2021-11,Nalgonda,52.53284244522059
2021-11,Sri Potti Sriramulu Nellore,697.3098078248169
2021-11,Nizamabad,13.190891902629858
2021-11,Prakasam,298.49188805682667
2021-11,Rangareddy,26.21922462906984
2021-11,Srikakulam,187.41292420221748
2021-11,Visakhapatnam,184.9139467819081
2021-11,Vizianagaram,182.30799151250102
2021-11,Warangal,32.19772234467263
2021-11,West Godavari,149.6297788330697
2021-12,Adilabad,0.43590465110740345
2021-12,Anantapur,3.5408351805167904
2021-12,Chittoor,28.660937140370716
2021-12,Y.s.r.,19.108325786984256
2021-12,East Godavari,7.080341783391707
2021-12,Guntur,0.8036739375965314
2021-12,Hyderabad,0.0
2021-12,Karimnagar,0.03810823287241004
2021-12,Khammam,0.028651800381303227
2021-12,Krishna,0.06912065637526967
2021-12,Kurnool,1.4105753637635186
2021-12,Mahbubnagar,0.723427232113614
2021-12,Medak,0.0
2021-12,Nalgonda,0.02153351266096477
2021-12,Sri Potti Sriramulu Nellore,42.95086200994373
2021-12,Nizamabad,0.03275488542704218
2021-12,Prakasam,4.767136079621224
2021-12,Rangareddy,0.018210150580306464
2021-12,Srikakulam,18.393244306017312
2021-12,Visakhapatnam,8.75249830744157
2021-12,Vizianagaram,10.748935517558733
2021-12,Warangal,0.03913571082737882
2021-12,West Godavari,0.7484127951848663
2022-01,Adilabad,23.866907246260155
2022-01,Anantapur,2.460384164309557
2022-01,Chittoor,22.194881044880187
2022-01,Y.s.r.,12.255489422536153
2022-01,East Godavari,10.120977962129746
2022-01,Guntur,6.463124581789407
2022-01,Hyderabad,10.211331788930305
2022-01,Karimnagar,20.910018015506775
2022-01,Khammam,9.257893687178447
2022-01,Krishna,8.55506999196711
2022-01,Kurnool,3.0645712105278027
2022-01,Mahbubnagar,2.049935851951318
2022-01,Medak,4.831108290454286
2022-01,Nalgonda,5.9433694405783575
2022-01,Sri Potti Sriramulu Nellore,17.52389696421524
2022-01,Nizamabad,11.655357087937587
2022-01,Prakasam,7.255729283908198
2022-01,Rangareddy,3.672627148327807
2022-01,Srikakulam,9.30770428018273
2022-01,Visakhapatnam,11.468010990881565
2022-01,Vizianagaram,11.566899171058571
2022-01,Warangal,13.110057449954859
2022-01,West Godavari,9.253652708295105
2022-02,Adilabad,6.882189442142771
2022-02,Anantapur,0.041081113295416465
2022-02,Chittoor,0.3471684462109912
2022-02,Y.s.r.,0.0
2022-02,East Godavari,7.190109386213294
2022-02,Guntur,0.16269945717566212
2022-02,Hyderabad,9.357337161098096
2022-02,Karimnagar,5.499711891430278
2022-02,Khammam,4.71126082012087
2022-02,Krishna,1.3984281750775878
2022-02,Kurnool,0.0
2022-02,Mahbubnagar,0.377368733478818
2022-02,Medak,4.91247435788388
2022-02,Nalgonda,5.165535889739813
2022-02,Sri Potti Sriramulu Nellore,0.0553812633816545
2022-02,Nizamabad,3.6472535009751836
2022-02,Prakasam,3.5988905426707137E-4
2022-02,Rangareddy,3.4958150120681704
2022-02,Srikakulam,22.536184787836696
2022-02,Visakhapatnam,17.968277754237008
2022-02,Vizianagaram,24.1138087144853
2022-02,Warangal,5.883558908512379
2022-02,West Godavari,2.6147511567388513
2022-03,Adilabad,7.429328776175991
2022-03,Anantapur,0.1083559479665805
2022-03,Chittoor,2.7848371624739903
2022-03,Y.s.r.,0.20831971159983065
2022-03,East Godavari,4.042911014178929
2022-03,Guntur,0.02899371208353363
2022-03,Hyderabad,1.323108005909472
2022-03,Karimnagar,2.2292491199515156
2022-03,Khammam,5.976243414069976
2022-03,Krishna,0.37531555965869146
2022-03,Kurnool,0.7655614720737803
2022-03,Mahbubnagar,0.1663396516055298
2022-03,Medak,1.8682939831973444
2022-03,Nalgonda,0.08275773291859252
2022-03,Sri Potti Sriramulu Nellore,0.32164899189016727
2022-03,Nizamabad,4.045028547055029
2022-03,Prakasam,0.5698929971378208
2022-03,Rangareddy,0.032750776874123845
2022-03,Srikakulam,5.602916655117832
2022-03,Visakhapatnam,5.691734875351763
2022-03,Vizianagaram,7.0208410462599495
2022-03,Warangal,1.7331421113268577
2022-03,West Godavari,3.494137425134718
2022-04,Adilabad,10.131275983516764
2022-04,Anantapur,22.05551821933787
2022-04,Chittoor,24.218791338673164
2022-04,Y.s.r.,7.789875859126354
2022-04,East Godavari,10.685615735931568
2022-04,Guntur,1.6455508438518907
2022-04,Hyderabad,17.01484566074359
2022-04,Karimnagar,12.250011491690078
2022-04,Khammam,10.926103034541875
2022-04,Krishna,0.6626322051053959
2022-04,Kurnool,10.29362411837864
2022-04,Mahbubnagar,9.823744045644355
2022-04,Medak,16.41216425839947
2022-04,Nalgonda,9.489115263679459
2022-04,Sri Potti Sriramulu Nellore,3.094676079899767
2022-04,Nizamabad,10.076154824755525
2022-04,Prakasam,4.289789685640441
2022-04,Rangareddy,18.511280725438546
2022-04,Srikakulam,18.593068704742098
2022-04,Visakhapatnam,45.25444063467388
2022-04,Vizianagaram,40.97020156023704
2022-04,Warangal,13.078443962232074
2022-04,West Godavari,2.8039328954991785
2022-05,Adilabad,24.382953442559433
2022-05,Anantapur,122.57378878300455
2022-05,Chittoor,147.83357448316713
2022-05,Y.s.r.,124.58392696426536
2022-05,East Godavari,75.35512473496736
2022-05,Guntur,87.51288096430106
2022-05,Hyderabad,58.69011601360098
2022-05,Karimnagar,21.60473333251276
2022-05,Khammam,83.93745398856008
2022-05,Krishna,98.54361535635832
2022-05,Kurnool,94.79190426627632
2022-05,Mahbubnagar,79.70967955664963
2022-05,Medak,34.14293446294089
2022-05,Nalgonda,54.29713760312732
2022-05,Sri Potti Sriramulu Nellore,73.79217669344615
2022-05,Nizamabad,25.371327633152863
2022-05,Prakasam,88.53689635242965
2022-05,Rangareddy,61.27211139782892
2022-05,Srikakulam,83.93993396343325
2022-05,Visakhapatnam,89.7384670615308
2022-05,Vizianagaram,103.93189235131914
2022-05,Warangal,40.668688446761344
2022-05,West Godavari,73.3472214957793
2022-06,Adilabad,194.88612739397055
2022-06,Anantapur,65.38774514396664
2022-06,Chittoor,162.6139459011564
2022-06,Y.s.r.,118.4561066171325
2022-06,East Godavari,138.35968638302376
2022-06,Guntur,196.0217713073115
2022-06,Hyderabad,180.74197711906004
2022-06,Karimnagar,194.88500458482306
2022-06,Khammam,181.03518577924544
2022-06,Krishna,178.61732492921718
2022-06,Kurnool,168.92610746758723
2022-06,Mahbubnagar,163.77461691754056
2022-06,Medak,194.5656274572407
2022-06,Nalgonda,198.26083930236814
2022-06,Sri Potti Sriramulu Nellore,78.46078966714536
2022-06,Nizamabad,196.66243622113166
2022-06,Prakasam,163.4711244534265
2022-06,Rangareddy,181.2786233155864
2022-06,Srikakulam,107.02188113094509
2022-06,Visakhapatnam,140.48536709769868
2022-06,Vizianagaram,136.1940889104023
2022-06,Warangal,201.38586099099973
2022-06,West Godavari,165.55578285364678
2022-07,Adilabad,734.898911228033
2022-07,Anantapur,48.27199443973084
2022-07,Chittoor,144.4755659561949
2022-07,Y.s.r.,136.16640441534517
2022-07,East Godavari,282.2349863110346
2022-07,Guntur,288.5493664884943
2022-07,Hyderabad,297.7479256037369
2022-07,Karimnagar,586.682208896441
2022-07,Khammam,504.6919939834162
2022-07,Krishna,333.06673212192084
2022-07,Kurnool,171.22209481233892
2022-07,Mahbubnagar,290.90252864650523
2022-07,Medak,427.57867904563955
2022-07,Nalgonda,419.55522032739754
2022-07,Sri Potti Sriramulu Nellore,102.7545449270426
2022-07,Nizamabad,579.9064287884594
2022-07,Prakasam,166.77947801795816
2022-07,Rangareddy,350.8622990080508
2022-07,Srikakulam,280.05202985899314
2022-07,Visakhapatnam,295.0628115751355
2022-07,Vizianagaram,350.78952792399787
2022-07,Warangal,550.9602957127518
2022-07,West Godavari,353.6678108067602
2022-08,Adilabad,367.1103077868041
2022-08,Anantapur,105.74084965589692
2022-08,Chittoor,163.2896276016729
2022-08,Y.s.r.,135.77853271408807
2022-08,East Godavari,261.76518290434336
2022-08,Guntur,156.2713597364347
2022-08,Hyderabad,205.99888367143646
2022-08,Karimnagar,296.74361320803126
2022-08,Khammam,332.91312868097117
2022-08,Krishna,163.76360884320565
2022-08,Kurnool,177.07521720632045
2022-08,Mahbubnagar,302.40631940797607
2022-08,Medak,257.9310783144285
2022-08,Nalgonda,194.59431427145398
2022-08,Sri Potti Sriramulu Nellore,104.98890840562537
2022-08,Nizamabad,276.060613538252
2022-08,Prakasam,142.86319736593776
2022-08,Rangareddy,273.55432164349014
2022-08,Srikakulam,266.2035708766042
2022-08,Visakhapatnam,352.33783717866646
2022-08,Vizianagaram,341.59471756230727
2022-08,Warangal,288.16609254836584
2022-08,West Godavari,218.3828471401901
2022-09,Adilabad,264.1822466545953
2022-09,Anantapur,127.56591885376804
2022-09,Chittoor,99.64779070437636
2022-09,Y.s.r.,117.48646289721754
2022-09,East Godavari,183.48125675098797
2022-09,Guntur,177.67097393833788
2022-09,Hyderabad,190.50877438579175
2022-09,Karimnagar,247.83967911945032
2022-09,Khammam,190.74462172126
2022-09,Krishna,188.35091607693366
2022-09,Kurnool,157.17193119725908
2022-09,Mahbubnagar,193.109450983371
2022-09,Medak,202.86214678703078
2022-09,Nalgonda,197.66602838832816
2022-09,Sri Potti Sriramulu Nellore,97.34443033360536
2022-09,Nizamabad,214.63391887455492
2022-09,Prakasam,159.17582775173156
2022-09,Rangareddy,197.01943027456127
2022-09,Srikakulam,240.4719873551313
2022-09,Visakhapatnam,198.41170144065816
2022-09,Vizianagaram,229.23509329599554
2022-09,Warangal,232.12974376794014
2022-09,West Godavari,188.27388663403931
2022-10,Adilabad,99.54962347651458
2022-10,Anantapur,108.02039567730256
2022-10,Chittoor,120.64801032406626
2022-10,Y.s.r.,121.19880066295252
2022-10,East Godavari,293.34816151122436
2022-10,Guntur,192.76358093220244
2022-10,Hyderabad,116.2302468198017
2022-10,Karimnagar,112.69578217912121
2022-10,Khammam,152.76210682548813
2022-10,Krishna,276.0964921814867
2022-10,Kurnool,123.15200028674212
2022-10,Mahbubnagar,122.50023362508888
2022-10,Medak,121.50925427743451
2022-10,Nalgonda,128.31385506375904
2022-10,Sri Potti Sriramulu Nellore,186.74183593272053
2022-10,Nizamabad,116.41965875737253
2022-10,Prakasam,187.34143864473282
2022-10,Rangareddy,120.40265509154133
2022-10,Srikakulam,312.05381322181347
2022-10,Visakhapatnam,267.67630852066895
2022-10,Vizianagaram,277.7777742336963
2022-10,Warangal,123.8485412548381
2022-10,West Godavari,330.1384425341667
2022-11,Adilabad,1.1301121437945247
2022-11,Anantapur,30.432280114306636
2022-11,Chittoor,149.9856363380539
2022-11,Y.s.r.,103.78984489372546
2022-11,East Godavari,39.59059854904877
2022-11,Guntur,27.58615210418004
2022-11,Hyderabad,5.792502625783285
2022-11,Karimnagar,2.1257502020020835
2022-11,Khammam,13.765658018467816
2022-11,Krishna,36.75602514846848
2022-11,Kurnool,12.094038680567188
2022-11,Mahbubnagar,7.57471565035181
2022-11,Medak,4.594375612961728
2022-11,Nalgonda,6.339406310499831
2022-11,Sri Potti Sriramulu Nellore,293.19053280174114
2022-11,Nizamabad,4.150503878819906
2022-11,Prakasam,78.80886248504093
2022-11,Rangareddy,4.523915635848349
2022-11,Srikakulam,17.40878657445693
2022-11,Visakhapatnam,21.883785595129094
2022-11,Vizianagaram,14.865814364108642
2022-11,Warangal,5.254325575239262
2022-11,West Godavari,29.265947856420343
2022-12,Adilabad,2.806533109551402
2022-12,Anantapur,22.239607117665827
2022-12,Chittoor,197.6817763483172
2022-12,Y.s.r.,89.50465216434806
2022-12,East Godavari,19.03159934596114
2022-12,Guntur,24.054713861042547
2022-12,Hyderabad,6.839937159312966
2022-12,Karimnagar,5.550585192445269
2022-12,Khammam,8.344145684346287
2022-12,Krishna,20.20856113350891
2022-12,Kurnool,10.9544101427592
2022-12,Mahbubnagar,8.568443624881484
2022-12,Medak,5.3878332256451795
2022-12,Nalgonda,7.882195031524742
2022-12,Sri Potti Sriramulu Nellore,165.3041380029652
2022-12,Nizamabad,2.595204409522648
2022-12,Prakasam,36.48755345124763
2022-12,Rangareddy,7.699119729972256
2022-12,Srikakulam,15.437728557190892
2022-12,Visakhapatnam,14.099465750703352
2022-12,Vizianagaram,12.561618796903046
2022-12,Warangal,6.508375137078759
2022-12,West Godavari,18.743547935529246
2023-01,Adilabad,7.778688403971567
2023-01,Anantapur,0.3604391902607744
2023-01,Chittoor,6.691537250792115
2023-01,Y.s.r.,3.3133497159324317
2023-01,East Godavari,10.790669010820183
2023-01,Guntur,0.3605344605771468
2023-01,Hyderabad,3.884192619200278
2023-01,Karimnagar,4.894770343943773
2023-01,Khammam,4.566702859460777
2023-01,Krishna,1.0539516301069154
2023-01,Kurnool,0.3042988419193306
2023-01,Mahbubnagar,0.16982992186401952
2023-01,Medak,1.9415549554217608
2023-01,Nalgonda,1.5261976104929493
2023-01,Sri Potti Sriramulu Nellore,3.5034219036133445
2023-01,Nizamabad,7.625936180982702
2023-01,Prakasam,0.7895848110322103
2023-01,Rangareddy,0.24114366558812378
2023-01,Srikakulam,2.492773683389452
2023-01,Visakhapatnam,7.3155030630259175
2023-01,Vizianagaram,3.3221183367988547
2023-01,Warangal,2.599935531399968
2023-01,West Godavari,5.39247649588408
2023-02,Adilabad,5.728272985686896
2023-02,Anantapur,0.06975783400671307
2023-02,Chittoor,0.675370569131922
2023-02,Y.s.r.,0.11265489498952118
2023-02,East Godavari,4.547621718320812
2023-02,Guntur,0.15288211264275778
2023-02,Hyderabad,3.0898024663956023
2023-02,Karimnagar,5.2125455605429805
2023-02,Khammam,4.583755705674629
2023-02,Krishna,1.3233418568041864
2023-02,Kurnool,0.004245436700838536
2023-02,Mahbubnagar,0.13310034641785706
2023-02,Medak,1.3750348522603635
2023-02,Nalgonda,3.0635652315382207
2023-02,Sri Potti Sriramulu Nellore,0.09585613894498095
2023-02,Nizamabad,1.5758446491133187
2023-02,Prakasam,3.5856780492053253E-4
2023-02,Rangareddy,1.2195380611924744
2023-02,Srikakulam,9.309963945547091
2023-02,Visakhapatnam,6.8751718865871085
2023-02,Vizianagaram,9.362674814000595
2023-02,Warangal,5.341515770402373
2023-02,West Godavari,2.51471138037928
2023-03,Adilabad,33.4710552403268
2023-03,Anantapur,2.484854146675793
2023-03,Chittoor,36.26318237447056
2023-03,Y.s.r.,17.771189748336784
2023-03,East Godavari,31.77235200053066
2023-03,Guntur,34.3797709812341
2023-03,Hyderabad,31.575095626065643
2023-03,Karimnagar,31.25278522557415
2023-03,Khammam,29.418978858246977
2023-03,Krishna,31.214126559423892
2023-03,Kurnool,9.478920682800293
2023-03,Mahbubnagar,17.05372758134086
2023-03,Medak,24.195349260447678
2023-03,Nalgonda,34.211470545820056
2023-03,Sri Potti Sriramulu Nellore,30.81954174883339
2023-03,Nizamabad,24.383905001292312
2023-03,Prakasam,39.75702377587517
2023-03,Rangareddy,21.36069050509349
2023-03,Srikakulam,45.95753802998799
2023-03,Visakhapatnam,49.32235619852238
2023-03,Vizianagaram,53.200279155029925
2023-03,Warangal,29.75945834606246
2023-03,West Godavari,33.576752418541204
2023-04,Adilabad,36.85446937437194
2023-04,Anantapur,14.402203176056876
2023-04,Chittoor,10.459935675387417
2023-04,Y.s.r.,13.964054950080317
2023-04,East Godavari,13.031170295290545
2023-04,Guntur,24.103831977724997
2023-04,Hyderabad,70.34540105004912
2023-04,Karimnagar,45.051819927209024
2023-04,Khammam,25.33365191723329
2023-04,Krishna,15.88643098221393
2023-04,Kurnool,25.027193793176682
2023-04,Mahbubnagar,43.09889336526478
2023-04,Medak,59.929351273880165
2023-04,Nalgonda,39.448635060877834
2023-04,Sri Potti Sriramulu Nellore,13.668498844117751
2023-04,Nizamabad,44.89129049042026
2023-04,Prakasam,26.360273682840674
2023-04,Rangareddy,63.50449886960718
2023-04,Srikakulam,11.379963835186382
2023-04,Visakhapatnam,19.872013133228
2023-04,Vizianagaram,20.72375574253429
2023-04,Warangal,40.34124282846809
2023-04,West Godavari,10.8401723749796
2023-05,Adilabad,34.31344978698336
2023-05,Anantapur,76.84723564667524
2023-05,Chittoor,111.6753242544902
2023-05,Y.s.r.,89.17993433049895
2023-05,East Godavari,101.45466319717326
2023-05,Guntur,108.60052016572125
2023-05,Hyderabad,49.408760265547855
2023-05,Karimnagar,33.30593358507654
2023-05,Khammam,123.74536348597384
2023-05,Krishna,112.68989923435811
2023-05,Kurnool,62.35562939744545
2023-05,Mahbubnagar,62.835940496502644
2023-05,Medak,39.27423171932336
2023-05,Nalgonda,76.61298160054548
2023-05,Sri Potti Sriramulu Nellore,59.443630285876964
2023-05,Nizamabad,30.168980712747068
2023-05,Prakasam,88.30882154453838
2023-05,Rangareddy,58.519246482131756
2023-05,Srikakulam,65.60255141575126
2023-05,Visakhapatnam,106.32336452736773
2023-05,Vizianagaram,79.54925640986977
2023-05,Warangal,67.5376017344949
2023-05,West Godavari,90.12126224016102
2023-06,Adilabad,95.76427904073535
2023-06,Anantapur,36.03892613602941
2023-06,Chittoor,207.69887777958894
2023-06,Y.s.r.,95.688167191534
2023-06,East Godavari,97.07142176102083
2023-06,Guntur,97.46063053632611
2023-06,Hyderabad,81.27517356317018
2023-06,Karimnagar,99.55481679688076
2023-06,Khammam,115.50911899049753
2023-06,Krishna,102.41548469911909
2023-06,Kurnool,69.29324458494283
2023-06,Mahbubnagar,81.26310787670732
2023-06,Medak,92.85663395683098
2023-06,Nalgonda,96.40304070410808
2023-06,Sri Potti Sriramulu Nellore,92.4343666958916
2023-06,Nizamabad,84.07523516276552
2023-06,Prakasam,101.04936454095836
2023-06,Rangareddy,91.53358209064807
2023-06,Srikakulam,101.25718763775161
2023-06,Visakhapatnam,103.43685089930904
2023-06,Vizianagaram,115.60392698619879
2023-06,Warangal,112.6326508618829
2023-06,West Godavari,109.14709190074004
2023-07,Adilabad,609.1023813900576
2023-07,Anantapur,43.94574653668701
2023-07,Chittoor,110.34520942937192
2023-07,Y.s.r.,101.44060997639814
2023-07,East Godavari,320.72967883940674
2023-07,Guntur,213.96074502698366
2023-07,Hyderabad,283.46030306214266
2023-07,Karimnagar,536.2247470698615
2023-07,Khammam,444.0951303940937
2023-07,Krishna,266.2803842788716
2023-07,Kurnool,164.80111041034797
2023-07,Mahbubnagar,264.8315962715226
2023-07,Medak,452.35732430143025
2023-07,Nalgonda,284.958678258265
2023-07,Sri Potti Sriramulu Nellore,85.01407855179878
2023-07,Nizamabad,616.7061585401143
2023-07,Prakasam,135.00936531475674
2023-07,Rangareddy,333.75231511019706
2023-07,Srikakulam,220.09078681339915
2023-07,Visakhapatnam,346.7306177049447
2023-07,Vizianagaram,309.3491487086543
2023-07,Warangal,444.2470647536484
2023-07,West Godavari,320.97550836049567
2023-08,Adilabad,130.69798511427635
2023-08,Anantapur,22.825795094321432
2023-08,Chittoor,110.68021695727818
2023-08,Y.s.r.,54.362619324311865
2023-08,East Godavari,142.3083057102801
2023-08,Guntur,105.00806448773328
2023-08,Hyderabad,53.5588278059049
2023-08,Karimnagar,114.26016336699696
2023-08,Khammam,216.52458855592764
2023-08,Krishna,114.73246689126233
2023-08,Kurnool,46.52802034603769
2023-08,Mahbubnagar,62.12108843793945
2023-08,Medak,72.01795633994084
2023-08,Nalgonda,81.20621614538067
2023-08,Sri Potti Sriramulu Nellore,72.95617426709967
2023-08,Nizamabad,77.6851933475254
2023-08,Prakasam,89.55764407485148
2023-08,Rangareddy,53.566620336579454
2023-08,Srikakulam,169.5497995442057
2023-08,Visakhapatnam,204.87117073113495
2023-08,Vizianagaram,205.54471980847526
2023-08,Warangal,145.4682638219293
2023-08,West Godavari,141.1706893331582
2023-09,Adilabad,218.0253568199156
2023-09,Anantapur,124.63847475201817
2023-09,Chittoor,156.35786463864423
2023-09,Y.s.r.,107.95453485170557
2023-09,East Godavari,194.4103517908476
2023-09,Guntur,146.40569159226771
2023-09,Hyderabad,125.7055144638691
2023-09,Karimnagar,198.5896885282852
2023-09,Khammam,189.8193915358562
2023-09,Krishna,155.89296059646065
2023-09,Kurnool,130.31325534865977
2023-09,Mahbubnagar,130.4222615363411
2023-09,Medak,158.4563039906598
2023-09,Nalgonda,124.9130968740389
2023-09,Sri Potti Sriramulu Nellore,85.84151466180641
2023-09,Nizamabad,192.36822320801411
2023-09,Prakasam,145.93766511207738
2023-09,Rangareddy,129.21461174161303
2023-09,Srikakulam,256.7122024419887
2023-09,Visakhapatnam,231.77138028854202
2023-09,Vizianagaram,274.48739574074693
2023-09,Warangal,187.72112508705783
2023-09,West Godavari,179.15910402486017
2023-10,Adilabad,12.461763962891576
2023-10,Anantapur,26.46311544671704
2023-10,Chittoor,63.46321675804903
2023-10,Y.s.r.,34.65257327562958
2023-10,East Godavari,36.71056663969951
2023-10,Guntur,33.14652275114556
2023-10,Hyderabad,12.37181467577863
2023-10,Karimnagar,10.114353876610584
2023-10,Khammam,12.775623067217012
2023-10,Krishna,35.54792635227049
2023-10,Kurnool,10.533243901251147
2023-10,Mahbubnagar,12.265611727762955
2023-10,Medak,15.063953649739648
2023-10,Nalgonda,20.19053431048446
2023-10,Sri Potti Sriramulu Nellore,24.831113935350384
2023-10,Nizamabad,11.51224674227852
2023-10,Prakasam,23.796369359982002
2023-10,Rangareddy,14.681577540861186
2023-10,Srikakulam,20.772283299005704
2023-10,Visakhapatnam,27.48063788573554
2023-10,Vizianagaram,19.634474707182566
2023-10,Warangal,12.814203495081498
2023-10,West Godavari,35.80875063918069
2023-11,Adilabad,16.333824375838464
2023-11,Anantapur,49.18571954622942
2023-11,Chittoor,88.21498495389817
2023-11,Y.s.r.,55.03399937415397
2023-11,East Godavari,34.49401548695162
2023-11,Guntur,43.82063518154469
2023-11,Hyderabad,31.694425652328043
2023-11,Karimnagar,13.349030595572762
2023-11,Khammam,25.589448345137455
2023-11,Krishna,42.594658148624006
2023-11,Kurnool,37.73630065811704
2023-11,Mahbubnagar,40.06447494768688
2023-11,Medak,25.077079796899383
2023-11,Nalgonda,23.13394816847069
2023-11,Sri Potti Sriramulu Nellore,231.32608936098416
2023-11,Nizamabad,20.88770282957818
2023-11,Prakasam,65.34545368256931
2023-11,Rangareddy,32.35138468176251
2023-11,Srikakulam,20.924969162356742
2023-11,Visakhapatnam,31.658485360260535
2023-11,Vizianagaram,27.234786157981887
2023-11,Warangal,14.606760969389624
2023-11,West Godavari,29.253478365115463
2023-12,Adilabad,4.860338919040792
2023-12,Anantapur,11.193063268800755
2023-12,Chittoor,103.84266729377303
2023-12,Y.s.r.,58.995548389740975
2023-12,East Godavari,45.9376373108662
2023-12,Guntur,27.649629496232546
2023-12,Hyderabad,5.5284068156986175
2023-12,Karimnagar,6.853480560120735
2023-12,Khammam,18.48017085494739
2023-12,Krishna,34.012679278074316
2023-12,Kurnool,7.851590632737725
2023-12,Mahbubnagar,7.2726323832148845
2023-12,Medak,5.025782920749162
2023-12,Nalgonda,8.881974597179292
2023-12,Sri Potti Sriramulu Nellore,146.00300545635204
2023-12,Nizamabad,2.9893960846713616
2023-12,Prakasam,39.777052195338875
2023-12,Rangareddy,6.06331257869849
2023-12,Srikakulam,42.83117940768096
2023-12,Visakhapatnam,48.37595388569711
2023-12,Vizianagaram,44.510314924738594
2023-12,Warangal,10.454825383924367
2023-12,West Godavari,32.21038339461432
2024-01,Adilabad,7.4492802996505025
2024-01,Anantapur,0.4489314517703757
2024-01,Chittoor,18.641097203551134
2024-01,Y.s.r.,4.153916993249391
2024-01,East Godavari,1.365575704386674
2024-01,Guntur,0.0788344976763105
2024-01,Hyderabad,3.8678635364211487
2024-01,Karimnagar,4.295400341725397
2024-01,Khammam,2.5578919979350823
2024-01,Krishna,0.0
2024-01,Kurnool,0.31373743816844624
2024-01,Mahbubnagar,0.16414787075510368
2024-01,Medak,1.8537498656754061
2024-01,Nalgonda,1.5685611443985719
2024-01,Sri Potti Sriramulu Nellore,6.728757490972196
2024-01,Nizamabad,7.636045513905134
2024-01,Prakasam,0.5805472358438568
2024-01,Rangareddy,0.24055775957010736
2024-01,Srikakulam,2.0949811474812505
2024-01,Visakhapatnam,1.5954553936572435
2024-01,Vizianagaram,2.176377878831267
2024-01,Warangal,2.0666554256101204
2024-01,West Godavari,0.26272837120575004
2024-02,Adilabad,7.518802608352463
2024-02,Anantapur,0.041073535215331795
2024-02,Chittoor,0.034028044933928685
2024-02,Y.s.r.,0.06835934883344821
2024-02,East Godavari,5.31442088636007
2024-02,Guntur,0.9303567314675789
2024-02,Hyderabad,4.719930500660127
2024-02,Karimnagar,5.440336982662544
2024-02,Khammam,4.761788133500521
2024-02,Krishna,2.4423109727443766
2024-02,Kurnool,0.0
2024-02,Mahbubnagar,0.21794958301039738
2024-02,Medak,1.3163551264983528
2024-02,Nalgonda,3.2357747272361
2024-02,Sri Potti Sriramulu Nellore,0.006896956938896287
2024-02,Nizamabad,3.411330490158454
2024-02,Prakasam,0.4223686504031138
2024-02,Rangareddy,1.2234675947707987
2024-02,Srikakulam,9.578042979512691
2024-02,Visakhapatnam,7.122571179463918
2024-02,Vizianagaram,9.693845138766925
2024-02,Warangal,5.47118268759635
2024-02,West Godavari,3.0762079286193464
2024-03,Adilabad,12.573528337166525
2024-03,Anantapur,0.0
2024-03,Chittoor,0.5999927790098248
2024-03,Y.s.r.,0.0
2024-03,East Godavari,6.708046599223292
2024-03,Guntur,0.10636078695959755
2024-03,Hyderabad,7.033910202285618
2024-03,Karimnagar,9.092441916107493
2024-03,Khammam,3.917766065384355
2024-03,Krishna,1.6408363803130968
2024-03,Kurnool,0.0
2024-03,Mahbubnagar,0.12897902979305198
2024-03,Medak,7.207417773567144
2024-03,Nalgonda,0.9525984303791816
2024-03,Sri Potti Sriramulu Nellore,0.0
2024-03,Nizamabad,8.199674878983707
2024-03,Prakasam,0.051181183118231215
2024-03,Rangareddy,2.297662150111129
2024-03,Srikakulam,16.369507734305486
2024-03,Visakhapatnam,10.79988781082684
2024-03,Vizianagaram,13.290286203562157
2024-03,Warangal,6.981793907357481
2024-03,West Godavari,3.972048318984227
2024-04,Adilabad,26.78474244716601
2024-04,Anantapur,16.54706195583238
2024-04,Chittoor,3.602599384127697
2024-04,Y.s.r.,2.769538924582243
2024-04,East Godavari,8.41746335623693
2024-04,Guntur,4.401919075602738
2024-04,Hyderabad,12.656360407723835
2024-04,Karimnagar,22.107027535823608
2024-04,Khammam,11.342651157249625
2024-04,Krishna,2.666973564122662
2024-04,Kurnool,9.691485286361527
2024-04,Mahbubnagar,8.405195982242335
2024-04,Medak,28.124268841807236
2024-04,Nalgonda,6.591413546190619
2024-04,Sri Potti Sriramulu Nellore,2.3153001219380855
2024-04,Nizamabad,26.99561526800966
2024-04,Prakasam,3.828997525129594
2024-04,Rangareddy,17.80538659020317
2024-04,Srikakulam,13.179720441518143
2024-04,Visakhapatnam,16.942317075068743
2024-04,Vizianagaram,18.275100877457135
2024-04,Warangal,11.920342319736893
2024-04,West Godavari,3.8903762704522125
2024-05,Adilabad,36.83212562385899
2024-05,Anantapur,97.64615583755761
2024-05,Chittoor,81.24542032091345
2024-05,Y.s.r.,86.9521393394713
2024-05,East Godavari,109.12241278347199
2024-05,Guntur,125.91106944239264
2024-05,Hyderabad,50.20984136734193
2024-05,Karimnagar,40.55261392493879
2024-05,Khammam,131.84220694995562
2024-05,Krishna,141.40479791879136
2024-05,Kurnool,81.48501275937289
2024-05,Mahbubnagar,73.15807360142132
2024-05,Medak,33.80967772749006
2024-05,Nalgonda,60.54513808400464
2024-05,Sri Potti Sriramulu Nellore,53.22219201839178
2024-05,Nizamabad,29.794136182895738
2024-05,Prakasam,97.71237443761997
2024-05,Rangareddy,50.926624980027725
2024-05,Srikakulam,100.98859859699473
2024-05,Visakhapatnam,112.45523052968043
2024-05,Vizianagaram,102.56503873883258
2024-05,Warangal,67.7886762681019
2024-05,West Godavari,108.86536220326333
2024-06,Adilabad,223.64419737042707
2024-06,Anantapur,66.44242732863772
2024-06,Chittoor,187.92375585327923
2024-06,Y.s.r.,124.30101489881692
2024-06,East Godavari,205.5074549097373
2024-06,Guntur,166.71838752682064
2024-06,Hyderabad,172.03983674117853
2024-06,Karimnagar,207.51693152414896
2024-06,Khammam,203.86102482486473
2024-06,Krishna,198.079873655526
2024-06,Kurnool,144.0142519629522
2024-06,Mahbubnagar,154.43348395090698
2024-06,Medak,204.10780608932777
2024-06,Nalgonda,172.142249632897
2024-06,Sri Potti Sriramulu Nellore,91.44515737150384
2024-06,Nizamabad,207.44540105713426
2024-06,Prakasam,128.76057062023176
2024-06,Rangareddy,179.7269742907478
2024-06,Srikakulam,150.27935734791842
2024-06,Visakhapatnam,189.73384224918107
2024-06,Vizianagaram,191.86739742333714
2024-06,Warangal,198.86120526608076
2024-06,West Godavari,228.93540897018775
2024-07,Adilabad,470.7168967121743
2024-07,Anantapur,31.249954516988865
2024-07,Chittoor,126.58920698826162
2024-07,Y.s.r.,107.85167579370007
2024-07,East Godavari,284.51805481497684
2024-07,Guntur,182.80599916140824
2024-07,Hyderabad,169.2842793367441
2024-07,Karimnagar,389.36586914151724
2024-07,Khammam,368.24883487673225
2024-07,Krishna,254.3124656758803
2024-07,Kurnool,96.77717699652332
2024-07,Mahbubnagar,147.811242226251
2024-07,Medak,236.9541954880074
2024-07,Nalgonda,220.51349912627202
2024-07,Sri Potti Sriramulu Nellore,97.96098988096519
2024-07,Nizamabad,328.72629586947227
2024-07,Prakasam,105.71446943802806
2024-07,Rangareddy,189.20978636960564
2024-07,Srikakulam,252.55820046126763
2024-07,Visakhapatnam,300.0287508600444
2024-07,Vizianagaram,333.5775377596887
2024-07,Warangal,357.30767758830075
2024-07,West Godavari,305.36180493193314
2024-08,Adilabad,327.6572360447978
2024-08,Anantapur,96.7308138334111
2024-08,Chittoor,122.2281485091481
2024-08,Y.s.r.,110.40491660032416
2024-08,East Godavari,387.93121587599717
2024-08,Guntur,209.41701555068772
2024-08,Hyderabad,252.63403715761345
2024-08,Karimnagar,309.4577047883934
2024-08,Khammam,475.3551405915102
2024-08,Krishna,285.9620418193822
2024-08,Kurnool,188.9293780014489
2024-08,Mahbubnagar,289.3891733741275
2024-08,Medak,308.0981680647705
2024-08,Nalgonda,246.3024293845881
2024-08,Sri Potti Sriramulu Nellore,106.88651108301767
2024-08,Nizamabad,312.2422865585884
2024-08,Prakasam,173.7857894935604
2024-08,Rangareddy,292.783939428174
2024-08,Srikakulam,285.8279333910271
2024-08,Visakhapatnam,433.4431310974633
2024-08,Vizianagaram,367.98366887313745
2024-08,Warangal,364.160177096453
2024-08,West Godavari,376.3576840801557
2024-09,Adilabad,226.58999854369767
2024-09,Anantapur,68.37066466064773
2024-09,Chittoor,76.37699966358393
2024-09,Y.s.r.,91.34329416651693
2024-09,East Godavari,227.57403184843906
2024-09,Guntur,218.7745066942875
2024-09,Hyderabad,209.67991881506532
2024-09,Karimnagar,231.26950135167192
2024-09,Khammam,224.53099095863016
2024-09,Krishna,218.21035901184226
2024-09,Kurnool,104.39446288479576
2024-09,Mahbubnagar,162.06914780922386
2024-09,Medak,213.55912111046837
2024-09,Nalgonda,197.75853324326127
2024-09,Sri Potti Sriramulu Nellore,96.78511443051482
2024-09,Nizamabad,213.65917424460392
2024-09,Prakasam,137.7489099038851
2024-09,Rangareddy,212.40300110421103
2024-09,Srikakulam,270.4726990823184
2024-09,Visakhapatnam,254.14582157489826
2024-09,Vizianagaram,273.07998834066564
2024-09,Warangal,240.802201223653
2024-09,West Godavari,211.1853977104004
2024-10,Adilabad,38.02131215670293
2024-10,Anantapur,226.2158725315982
2024-10,Chittoor,317.38063775687505
2024-10,Y.s.r.,264.60738162144247
2024-10,East Godavari,125.7071778742206
2024-10,Guntur,166.636378902147
2024-10,Hyderabad,59.1258960191486
2024-10,Karimnagar,44.931245585718635
2024-10,Khammam,74.54685488739965
2024-10,Krishna,132.85809217380316
2024-10,Kurnool,153.40030202636967
2024-10,Mahbubnagar,110.30404299044488
2024-10,Medak,64.65526472076091
2024-10,Nalgonda,88.66273057898344
2024-10,Sri Potti Sriramulu Nellore,300.36358025453836
2024-10,Nizamabad,53.33324694559651
2024-10,Prakasam,213.82348717209
2024-10,Rangareddy,63.86588442932866
2024-10,Srikakulam,66.04817824405234
2024-10,Visakhapatnam,79.679673292314
2024-10,Vizianagaram,64.85099715143339
2024-10,Warangal,58.168110923726935
2024-10,West Godavari,152.78295869857257
2024-11,Adilabad,4.445712968399954
2024-11,Anantapur,20.466289880501364
2024-11,Chittoor,92.66624741898006
2024-11,Y.s.r.,57.73441665179569
2024-11,East Godavari,24.578451780216753
2024-11,Guntur,22.650076300341816
2024-11,Hyderabad,7.13842391774878
2024-11,Karimnagar,5.3533459574206885
2024-11,Khammam,11.658948242390982
2024-11,Krishna,26.04788072968185
2024-11,Kurnool,10.96693479516946
2024-11,Mahbubnagar,8.501663432325945
2024-11,Medak,6.888246097197352
2024-11,Nalgonda,8.397521594568154
2024-11,Sri Potti Sriramulu Nellore,193.99524476219358
2024-11,Nizamabad,5.097513324063572
2024-11,Prakasam,55.65285480033399
2024-11,Rangareddy,6.392083003432647
2024-11,Srikakulam,29.74817438187129
2024-11,Visakhapatnam,21.92173179194549
2024-11,Vizianagaram,25.90804947641321
2024-11,Warangal,7.85235734312908
2024-11,West Godavari,16.694284620272324
2024-12,Adilabad,2.716081458597529
2024-12,Anantapur,21.06531865796713
2024-12,Chittoor,144.64209242642912
2024-12,Y.s.r.,67.23061406363
2024-12,East Godavari,18.538016714984384
2024-12,Guntur,12.259545916468147
2024-12,Hyderabad,3.7152308880704115
2024-12,Karimnagar,6.288948536460024
2024-12,Khammam,10.307796987230013
2024-12,Krishna,10.521544923219421
2024-12,Kurnool,7.340740665823197
2024-12,Mahbubnagar,5.4047403174610045
2024-12,Medak,4.5370188688157755
2024-12,Nalgonda,4.503621346037602
2024-12,Sri Potti Sriramulu Nellore,98.10193521897499
2024-12,Nizamabad,2.681966804258757
2024-12,Prakasam,27.16434857246931
2024-12,Rangareddy,5.650079200416075
2024-12,Srikakulam,14.0318645441564
2024-12,Visakhapatnam,11.539528757454601
2024-12,Vizianagaram,6.8705051141250015
2024-12,Warangal,6.48727128104332
2024-12,West Godavari,14.167873215287116
2025-01,Adilabad,7.49062148565383
2025-01,Anantapur,1.218846542345121
2025-01,Chittoor,13.531555325390931
2025-01,Y.s.r.,5.932849074025302
2025-01,East Godavari,2.8733736564247194
2025-01,Guntur,1.4945071286064744
2025-01,Hyderabad,4.6883261520912844
2025-01,Karimnagar,5.0930593299177715
2025-01,Khammam,3.6774053049674262
2025-01,Krishna,1.3298082370694801
2025-01,Kurnool,1.3414257156830818
2025-01,Mahbubnagar,1.3441876227889071
2025-01,Medak,3.1234355594749665
2025-01,Nalgonda,3.286363380480595
2025-01,Sri Potti Sriramulu Nellore,8.003498221988663
2025-01,Nizamabad,7.683462313725597
2025-01,Prakasam,2.338575370976621
2025-01,Rangareddy,2.0159384484801164
2025-01,Srikakulam,3.330712276226984
2025-01,Visakhapatnam,3.183839199261666
2025-01,Vizianagaram,3.4801904167918867
2025-01,Warangal,3.699440644884289
2025-01,West Godavari,1.7105838887155065
2025-02,Adilabad,6.614689749382218
2025-02,Anantapur,1.2912091567286463
2025-02,Chittoor,2.359540777171894
2025-02,Y.s.r.,1.5931761287917652
2025-02,East Godavari,5.911983132480486
2025-02,Guntur,3.046830700348659
2025-02,Hyderabad,5.708303117848522
2025-02,Karimnagar,5.82660758928388
2025-02,Khammam,5.748728639384955
2025-02,Krishna,4.323688042622011
2025-02,Kurnool,1.5119227938982445
2025-02,Mahbubnagar,2.6634888057792523
2025-02,Medak,4.331294099886721
2025-02,Nalgonda,4.822616602128427
2025-02,Sri Potti Sriramulu Nellore,1.482115101931616
2025-02,Nizamabad,4.635861450436293
2025-02,Prakasam,2.0811916611351706
2025-02,Rangareddy,3.8669453684334627
2025-02,Srikakulam,10.37274947085771
2025-02,Visakhapatnam,8.119806453054354
2025-02,Vizianagaram,10.210929076944645
2025-02,Warangal,6.0291877216105005
2025-02,West Godavari,4.865922696864357
2025-03,Adilabad,15.0441224079445
2025-03,Anantapur,2.0754794054418393
2025-03,Chittoor,8.47946065236652
2025-03,Y.s.r.,2.934320479414034
2025-03,East Godavari,0.6844642583237651
2025-03,Guntur,1.647165708104297
2025-03,Hyderabad,18.112050197039608
2025-03,Karimnagar,11.168619087842771
2025-03,Khammam,2.6148052106050117
2025-03,Krishna,2.6160649746586504
2025-03,Kurnool,1.9279113282827713
2025-03,Mahbubnagar,6.678303896451456
2025-03,Medak,12.147400531545488
2025-03,Nalgonda,6.806747260568577
2025-03,Sri Potti Sriramulu Nellore,1.864680706973099
2025-03,Nizamabad,11.069192632956376
2025-03,Prakasam,1.3909456012878723
2025-03,Rangareddy,11.190661871993512
2025-03,Srikakulam,6.794654010228399
2025-03,Visakhapatnam,4.173804817850676
2025-03,Vizianagaram,6.3510954155389685
2025-03,Warangal,6.763157467245064
2025-03,West Godavari,0.5595134203931139
2025-04,Adilabad,17.268454145873775
2025-04,Anantapur,32.60477295799664
2025-04,Chittoor,22.270879472273226
2025-04,Y.s.r.,15.202960801976229
2025-04,East Godavari,26.90493483536739
2025-04,Guntur,12.186482916429066
2025-04,Hyderabad,61.26711833114377
2025-04,Karimnagar,22.205638831928727
2025-04,Khammam,23.357693763312184
2025-04,Krishna,8.22530234378781
2025-04,Kurnool,39.80415021087269
2025-04,Mahbubnagar,46.126620999155996
2025-04,Medak,46.365202350038345
2025-04,Nalgonda,28.076040705193805
2025-04,Sri Potti Sriramulu Nellore,7.114839371367336
2025-04,Nizamabad,20.956617406735422
2025-04,Prakasam,19.63146151327861
2025-04,Rangareddy,62.18399634509698
2025-04,Srikakulam,20.710812577185518
2025-04,Visakhapatnam,51.29759244475815
2025-04,Vizianagaram,37.21107063149035
2025-04,Warangal,25.25101315907963
2025-04,West Godavari,9.29218371208246
2025-05,Adilabad,85.94382940230507
2025-05,Anantapur,146.39883263903275
2025-05,Chittoor,155.03456594990735
2025-05,Y.s.r.,158.82457310142175
2025-05,East Godavari,199.9422307612075
2025-05,Guntur,226.7089655075619
2025-05,Hyderabad,94.08482046938909
2025-05,Karimnagar,80.8071706949443
2025-05,Khammam,255.77635474383007
2025-05,Krishna,248.4377621808464
2025-05,Kurnool,142.2549652233896
2025-05,Mahbubnagar,139.01562714768934
2025-05,Medak,75.47926986997268
2025-05,Nalgonda,124.56689239062909
2025-05,Sri Potti Sriramulu Nellore,136.81277963748755
2025-05,Nizamabad,63.85595969519744
2025-05,Prakasam,198.1419982396622
2025-05,Rangareddy,104.45512163971325
2025-05,Srikakulam,152.42560266118588
2025-05,Visakhapatnam,201.0814185641752
2025-05,Vizianagaram,181.2078712673493
2025-05,Warangal,144.5919943196723
2025-05,West Godavari,206.28168715519047
2025-06,Adilabad,123.34898842105899
2025-06,Anantapur,17.872746252000177
2025-06,Chittoor,65.73363513179115
2025-06,Y.s.r.,39.10494370148881
2025-06,East Godavari,112.31182689200453
2025-06,Guntur,71.86743835002179
2025-06,Hyderabad,42.089390220939144
2025-06,Karimnagar,98.16428587285316
2025-06,Khammam,74.8176609481386
2025-06,Krishna,94.47099555897609
2025-06,Kurnool,46.82575157726652
2025-06,Mahbubnagar,52.878344043369445
2025-06,Medak,75.2630413324572
2025-06,Nalgonda,53.54060183773782
2025-06,Sri Potti Sriramulu Nellore,46.51782134104159
2025-06,Nizamabad,92.4059325216379
2025-06,Prakasam,51.6578659422336
2025-06,Rangareddy,53.87986103192108
2025-06,Srikakulam,140.90515428221983
2025-06,Visakhapatnam,106.83903755000594
2025-06,Vizianagaram,144.05952309615404
2025-06,Warangal,72.82594857507456
2025-06,West Godavari,116.61756809897598
2025-07,Adilabad,418.0607125319599
2025-07,Anantapur,23.235689715039324
2025-07,Chittoor,70.35639000111316
2025-07,Y.s.r.,64.36908432422892
2025-07,East Godavari,203.7907122415423
2025-07,Guntur,134.34648044427988
2025-07,Hyderabad,171.6382766022458
2025-07,Karimnagar,308.9863836584894
2025-07,Khammam,341.87687178998493
2025-07,Krishna,178.10078593302927
2025-07,Kurnool,84.16097366431796
2025-07,Mahbubnagar,154.3264800536692
2025-07,Medak,220.82819630398365
2025-07,Nalgonda,177.97512555666495
2025-07,Sri Potti Sriramulu Nellore,52.33581817283766
2025-07,Nizamabad,297.7563689609425
2025-07,Prakasam,80.50251236367873
2025-07,Rangareddy,192.66440371629366
2025-07,Srikakulam,206.38958978719313
2025-07,Visakhapatnam,256.5455211155569
2025-07,Vizianagaram,272.00052879947106
2025-07,Warangal,305.96556157810863
2025-07,West Godavari,223.82111757208133
2025-08,Adilabad,460.67802181101445
2025-08,Anantapur,103.94059896151502
2025-08,Chittoor,188.3761510780817
2025-08,Y.s.r.,147.89764488390153
2025-08,East Godavari,333.9304959679529
2025-08,Guntur,169.47370754967181
2025-08,Hyderabad,314.9510837420676
2025-08,Karimnagar,347.3790810587818
2025-08,Khammam,397.2720199373476
2025-08,Krishna,216.81732413687814
2025-08,Kurnool,197.09574255242913
2025-08,Mahbubnagar,318.2048956322829
2025-08,Medak,432.2367357423824
2025-08,Nalgonda,260.5419619237911
2025-08,Sri Potti Sriramulu Nellore,134.47065562283777
2025-08,Nizamabad,435.7708171076547
2025-08,Prakasam,160.32451792550071
2025-08,Rangareddy,386.2940062071451
2025-08,Srikakulam,305.22967612349316
2025-08,Visakhapatnam,457.64600770273216
2025-08,Vizianagaram,401.70029056439404
2025-08,Warangal,337.33252717317333
2025-08,West Godavari,287.435427597098
2025-09,Adilabad,304.63317648922697
2025-09,Anantapur,113.41944415877141
2025-09,Chittoor,127.08663616689333
2025-09,Y.s.r.,107.13647250557241
2025-09,East Godavari,204.67167483012918
2025-09,Guntur,166.99887163402263
2025-09,Hyderabad,211.2824344795498
2025-09,Karimnagar,292.3865183619401
2025-09,Khammam,213.80864205327993
2025-09,Krishna,159.05972102630187
2025-09,Kurnool,159.57231240619055
2025-09,Mahbubnagar,199.48843889451905
2025-09,Medak,229.53204110291435
2025-09,Nalgonda,185.23442817993
2025-09,Sri Potti Sriramulu Nellore,106.42279241410029
2025-09,Nizamabad,271.6398027240928
2025-09,Prakasam,147.66086462319967
2025-09,Rangareddy,210.87721332208181
2025-09,Srikakulam,194.3542871152927
2025-09,Visakhapatnam,237.94771013605467
2025-09,Vizianagaram,249.7592628104474
2025-09,Warangal,253.00407320129875
2025-09,West Godavari,171.54452556884218
2025-10,Adilabad,118.695802613502
2025-10,Anantapur,203.62157247944174
2025-10,Chittoor,335.3410940652691
2025-10,Y.s.r.,294.4488362493378
2025-10,East Godavari,384.8538640621993
2025-10,Guntur,267.5241447879533
2025-10,Hyderabad,171.8330557097786
2025-10,Karimnagar,117.76367735991073
2025-10,Khammam,230.38976535212475
2025-10,Krishna,334.455881286211
2025-10,Kurnool,172.82289775955394
2025-10,Mahbubnagar,138.99797531453797
2025-10,Medak,123.48119159355684
2025-10,Nalgonda,175.69058019776134
2025-10,Sri Potti Sriramulu Nellore,410.4767326233195
2025-10,Nizamabad,104.66964841788975
2025-10,Prakasam,323.52342739387234
2025-10,Rangareddy,141.06347192520823
2025-10,Srikakulam,408.78566232265445
2025-10,Visakhapatnam,310.2239683420207
2025-10,Vizianagaram,347.50465144331133
2025-10,Warangal,152.5066010582792
2025-10,West Godavari,412.5246347763782
2025-11,Adilabad,8.419993009615245
2025-11,Anantapur,16.200344168290197
2025-11,Chittoor,56.65307620849006
2025-11,Y.s.r.,45.80016951216425
2025-11,East Godavari,24.404088103907927
2025-11,Guntur,20.07703338149547
2025-11,Hyderabad,14.764861959151277
2025-11,Karimnagar,7.307694808656618
2025-11,Khammam,15.483730404153276
2025-11,Krishna,24.812699912173265
2025-11,Kurnool,16.414775582944387
2025-11,Mahbubnagar,22.11921258246817
2025-11,Medak,11.20623749616718
2025-11,Nalgonda,14.197034405479306
2025-11,Sri Potti Sriramulu Nellore,131.9173777244987
2025-11,Nizamabad,9.384807546372082
2025-11,Prakasam,42.574765072917295
2025-11,Rangareddy,14.208297418057434
2025-11,Srikakulam,18.173763456297266
2025-11,Visakhapatnam,23.12868981100728
2025-11,Vizianagaram,26.038574618106235
2025-11,Warangal,8.7528512483887
2025-11,West Godavari,18.78340738723091
2025-12,Adilabad,0.15214394993497246
2025-12,Anantapur,4.800647166046096
2025-12,Chittoor,51.765328586848106
2025-12,Y.s.r.,24.227914097595395
2025-12,East Godavari,10.778538811331506
2025-12,Guntur,7.087032846993818
2025-12,Hyderabad,0.788148505865177
2025-12,Karimnagar,0.5813354656325334
2025-12,Khammam,0.9329030014820741
2025-12,Krishna,10.74118733685213
2025-12,Kurnool,2.181706385226211
2025-12,Mahbubnagar,1.255676341519783
2025-12,Medak,0.031305695281929016
2025-12,Nalgonda,0.07108927673509124
2025-12,Sri Potti Sriramulu Nellore,96.14914896025665
2025-12,Nizamabad,0.07963932638412068
2025-12,Prakasam,11.655179388911993
2025-12,Rangareddy,0.5790045043716022
2025-12,Srikakulam,5.160054307672066
2025-12,Visakhapatnam,6.604832691446315
2025-12,Vizianagaram,8.696694257531185
2025-12,Warangal,0.03775636658427612
2025-12,West Godavari,10.441306023373837
